Date,cl,cl vol
2010-05-14,71.610001,532331
2010-05-16,null,null
2010-05-17,70.080002,373981
2010-05-18,69.410004,355833
2010-05-19,69.870003,206381
2010-05-20,68.010002,129166
2010-05-21,70.040001,553741
2010-05-23,null,null
2010-05-24,70.209999,449428
2010-05-25,68.75,279820
2010-05-26,71.510002,395399
2010-05-27,74.550003,405519
2010-05-28,73.970001,401812
2010-05-30,null,null
2010-06-01,72.580002,420674
2010-06-02,72.860001,438588
2010-06-03,74.610001,391034
2010-06-04,71.510002,439431
2010-06-06,null,null
2010-06-07,71.440002,448494
2010-06-08,71.989998,417308
2010-06-09,74.379997,421966
2010-06-10,75.480003,436981
2010-06-11,73.779999,430042
2010-06-13,null,null
2010-06-14,75.120003,421739
2010-06-15,76.940002,321671
2010-06-16,77.669998,308294
2010-06-17,76.790001,323357
2010-06-18,77.18,303284
2010-06-20,null,null
2010-06-21,77.82,157434
2010-06-22,77.209999,124289
2010-06-23,76.349998,285495
2010-06-24,76.510002,365038
2010-06-25,78.860001,260401
2010-06-27,null,null
2010-06-28,78.25,316456
2010-06-29,75.940002,223305
2010-06-30,75.629997,323267
2010-07-01,72.949997,357752
2010-07-02,72.139999,405081
2010-07-04,null,null
2010-07-06,71.980003,256171
2010-07-07,74.07,325727
2010-07-08,75.440002,288660
2010-07-09,76.089996,325813
2010-07-11,null,null
2010-07-12,74.949997,269887
2010-07-13,77.150002,309169
2010-07-14,77.040001,361792
2010-07-15,76.620003,364471
2010-07-16,76.010002,366023
2010-07-18,null,null
2010-07-19,76.540001,225250
2010-07-20,77.440002,169548
2010-07-21,76.559998,285817
2010-07-22,79.300003,322410
2010-07-23,78.980003,358815
2010-07-25,null,null
2010-07-26,78.980003,259741
2010-07-27,77.5,227656
2010-07-28,76.989998,377844
2010-07-29,78.360001,314173
2010-07-30,78.949997,350581
2010-08-01,null,null
2010-08-02,81.339996,294425
2010-08-03,82.550003,306098
2010-08-04,82.470001,290979
2010-08-05,82.010002,293321
2010-08-06,80.699997,234811
2010-08-08,null,null
2010-08-09,81.480003,397532
2010-08-10,80.25,267083
2010-08-11,78.019997,385854
2010-08-12,75.739998,416889
2010-08-13,75.389999,430788
2010-08-15,null,null
2010-08-16,75.239998,286126
2010-08-17,75.769997,237455
2010-08-18,75.419998,347432
2010-08-19,74.43,247104
2010-08-20,73.459999,123224
2010-08-22,null,null
2010-08-23,73.099998,246977
2010-08-24,71.629997,252439
2010-08-25,72.519997,340994
2010-08-26,73.360001,343405
2010-08-27,75.169998,362828
2010-08-29,null,null
2010-08-30,74.699997,477903
2010-08-31,71.919998,260666
2010-09-01,73.910004,469412
2010-09-02,75.019997,396607
2010-09-03,74.599998,340168
2010-09-05,null,null
2010-09-07,74.089996,379300
2010-09-08,74.669998,406641
2010-09-09,74.25,359759
2010-09-10,76.449997,372881
2010-09-12,null,null
2010-09-13,77.190002,431370
2010-09-14,76.800003,349157
2010-09-15,76.019997,416114
2010-09-16,74.57,356325
2010-09-17,73.660004,289281
2010-09-19,null,null
2010-09-20,74.860001,195831
2010-09-21,73.519997,132427
2010-09-22,74.709999,311954
2010-09-23,75.18,343846
2010-09-24,76.489998,295903
2010-09-26,null,null
2010-09-27,76.519997,288499
2010-09-28,76.18,289641
2010-09-29,77.860001,329350
2010-09-30,79.970001,388993
2010-10-01,81.580002,418628
2010-10-03,null,null
2010-10-04,81.470001,359944
2010-10-05,82.82,313306
2010-10-06,83.230003,336832
2010-10-07,81.669998,349174
2010-10-08,82.660004,450952
2010-10-10,null,null
2010-10-11,82.209999,414081
2010-10-12,81.669998,234320
2010-10-13,83.010002,333582
2010-10-14,82.690002,330288
2010-10-15,81.25,340955
2010-10-17,null,null
2010-10-18,83.080002,345844
2010-10-19,79.489998,225081
2010-10-20,81.769997,151357
2010-10-21,80.559998,422745
2010-10-22,81.690002,378285
2010-10-24,null,null
2010-10-25,82.519997,256382
2010-10-26,82.550003,339395
2010-10-27,81.940002,265930
2010-10-28,82.18,375249
2010-10-29,81.43,296748
2010-10-31,null,null
2010-11-01,82.949997,313874
2010-11-02,83.900002,358535
2010-11-03,84.690002,281834
2010-11-04,86.489998,393735
2010-11-05,86.849998,317997
2010-11-07,null,null
2010-11-08,87.059998,317997
2010-11-09,86.720001,309966
2010-11-10,87.809998,367995
2010-11-11,87.809998,472840
2010-11-12,84.879997,343012
2010-11-14,null,null
2010-11-15,84.860001,478815
2010-11-16,82.339996,315260
2010-11-17,80.440002,454828
2010-11-18,81.849998,334525
2010-11-19,81.510002,160405
2010-11-21,null,null
2010-11-22,81.739998,324513
2010-11-23,81.25,290222
2010-11-24,83.860001,351860
2010-11-26,null,null
2010-11-28,null,null
2010-11-29,85.730003,174178
2010-11-30,84.110001,335800
2010-12-01,86.75,338358
2010-12-02,88,340736
2010-12-03,89.190002,330642
2010-12-05,null,null
2010-12-06,89.379997,354635
2010-12-07,88.690002,293836
2010-12-08,88.279999,462689
2010-12-09,88.370003,383144
2010-12-10,87.790001,353964
2010-12-12,null,null
2010-12-13,88.610001,313842
2010-12-14,88.279999,329766
2010-12-15,88.620003,281851
2010-12-16,87.699997,355056
2010-12-17,88.019997,221145
2010-12-19,null,null
2010-12-20,88.809998,152396
2010-12-21,89.82,265975
2010-12-22,90.480003,187321
2010-12-23,91.510002,187386
2010-12-26,null,null
2010-12-27,91,145007
2010-12-28,91.489998,104321
2010-12-29,91.120003,104415
2010-12-30,89.839996,117853
2010-12-31,91.379997,209645
2011-01-02,null,null
2011-01-03,91.550003,171010
2011-01-04,89.379997,225189
2011-01-05,90.300003,415521
2011-01-06,88.379997,416908
2011-01-07,88.029999,440456
2011-01-09,null,null
2011-01-10,89.25,444813
2011-01-11,91.110001,430277
2011-01-12,91.860001,429761
2011-01-13,91.400002,382686
2011-01-14,91.540001,358898
2011-01-16,null,null
2011-01-18,91.379997,313331
2011-01-19,90.860001,211930
2011-01-20,88.860001,109525
2011-01-21,89.110001,442041
2011-01-23,null,null
2011-01-24,87.870003,287810
2011-01-25,86.190002,356085
2011-01-26,87.330002,338646
2011-01-27,85.639999,347753
2011-01-28,89.339996,369379
2011-01-30,null,null
2011-01-31,92.190002,584789
2011-02-01,90.769997,436801
2011-02-02,90.860001,392882
2011-02-03,90.540001,312107
2011-02-04,89.029999,290494
2011-02-06,null,null
2011-02-07,87.480003,359925
2011-02-08,86.940002,324984
2011-02-09,86.709999,414877
2011-02-10,86.730003,367209
2011-02-11,85.580002,419188
2011-02-13,null,null
2011-02-14,84.809998,383391
2011-02-15,84.32,319329
2011-02-16,84.989998,284165
2011-02-17,86.360001,297660
2011-02-18,86.199997,176128
2011-02-20,null,null
2011-02-22,93.57,155296
2011-02-23,98.099998,638193
2011-02-24,97.279999,489667
2011-02-25,97.879997,507456
2011-02-27,null,null
2011-02-28,96.970001,307903
2011-03-01,99.629997,262001
2011-03-02,102.230003,322429
2011-03-03,101.910004,446378
2011-03-04,104.419998,382555
2011-03-06,null,null
2011-03-07,105.440002,369148
2011-03-08,105.019997,404435
2011-03-09,104.379997,420036
2011-03-10,102.699997,353948
2011-03-11,101.160004,432988
2011-03-13,null,null
2011-03-14,101.190002,342531
2011-03-15,97.18,289434
2011-03-16,97.980003,388736
2011-03-17,101.419998,357944
2011-03-18,101.07,261573
2011-03-20,null,null
2011-03-21,102.330002,217675
2011-03-22,104,103960
2011-03-23,105.75,303365
2011-03-24,105.599998,254571
2011-03-25,105.400002,258015
2011-03-27,null,null
2011-03-28,103.980003,235658
2011-03-29,104.790001,223079
2011-03-30,104.269997,246824
2011-03-31,106.720001,256895
2011-04-01,107.940002,270630
2011-04-03,null,null
2011-04-04,108.470001,283710
2011-04-05,108.339996,228494
2011-04-06,108.830002,249358
2011-04-07,110.300003,255598
2011-04-08,112.790001,334906
2011-04-10,null,null
2011-04-11,109.919998,319475
2011-04-12,106.25,364348
2011-04-13,107.110001,555625
2011-04-14,108.110001,456863
2011-04-15,109.660004,352072
2011-04-17,null,null
2011-04-18,107.120003,224394
2011-04-19,108.150002,138178
2011-04-20,111.449997,324778
2011-04-21,112.290001,291546
2011-04-24,null,null
2011-04-25,112.279999,240462
2011-04-26,112.209999,209683
2011-04-27,112.760002,234441
2011-04-28,112.860001,338697
2011-04-29,113.93,301604
2011-05-01,null,null
2011-05-02,113.519997,201831
2011-05-03,111.050003,310994
2011-05-04,109.239998,300333
2011-05-05,99.800003,333018
2011-05-06,97.18,670082
2011-05-08,null,null
2011-05-09,102.550003,606528
2011-05-10,103.879997,469290
2011-05-11,98.209999,439607
2011-05-12,98.970001,524761
2011-05-13,99.650002,522503
2011-05-15,null,null
2011-05-16,97.370003,367717
2011-05-17,96.910004,335318
2011-05-18,100.099998,399128
2011-05-19,98.440002,285299
2011-05-20,99.489998,142668
2011-05-22,null,null
2011-05-23,97.699997,394911
2011-05-24,99.589996,296828
2011-05-25,101.32,339530
2011-05-26,100.230003,354880
2011-05-27,100.589996,332135
2011-05-29,null,null
2011-05-31,102.699997,212254
2011-06-01,100.290001,319037
2011-06-02,100.400002,376476
2011-06-03,100.220001,389637
2011-06-05,null,null
2011-06-06,99.010002,351309
2011-06-07,99.089996,289670
2011-06-08,100.739998,415373
2011-06-09,101.93,484275
2011-06-10,99.290001,345542
2011-06-12,null,null
2011-06-13,97.300003,379238
2011-06-14,99.370003,381993
2011-06-15,94.809998,347721
2011-06-16,94.949997,508717
2011-06-17,93.010002,336011
2011-06-19,null,null
2011-06-20,93.260002,245013
2011-06-21,93.400002,136837
2011-06-22,95.410004,323911
2011-06-23,91.019997,296275
2011-06-24,91.160004,484057
2011-06-26,null,null
2011-06-27,90.610001,337767
2011-06-28,92.889999,278681
2011-06-29,94.769997,279024
2011-06-30,95.419998,348790
2011-07-01,94.940002,276580
2011-07-03,null,null
2011-07-05,96.889999,263626
2011-07-06,96.650002,275650
2011-07-07,98.669998,288321
2011-07-08,96.199997,339270
2011-07-10,null,null
2011-07-11,95.150002,347999
2011-07-12,97.43,311449
2011-07-13,98.050003,343493
2011-07-14,95.690002,355098
2011-07-15,97.239998,403419
2011-07-17,null,null
2011-07-18,95.93,266461
2011-07-19,97.5,203973
2011-07-20,98.139999,138045
2011-07-21,99.129997,295669
2011-07-22,99.870003,293973
2011-07-24,null,null
2011-07-25,99.199997,223266
2011-07-26,99.589996,205209
2011-07-27,97.400002,332692
2011-07-28,97.440002,304524
2011-07-29,95.699997,236246
2011-07-31,null,null
2011-08-01,94.889999,284385
2011-08-02,93.790001,398857
2011-08-03,91.93,328175
2011-08-04,86.629997,350221
2011-08-05,86.879997,535941
2011-08-07,null,null
2011-08-08,81.309998,512488
2011-08-09,79.300003,521066
2011-08-10,82.889999,605796
2011-08-11,85.720001,520144
2011-08-12,85.379997,502092
2011-08-14,null,null
2011-08-15,87.879997,350091
2011-08-16,86.650002,292796
2011-08-17,87.580002,375339
2011-08-18,82.379997,344487
2011-08-19,82.260002,331275
2011-08-21,null,null
2011-08-22,84.120003,148811
2011-08-23,85.440002,374045
2011-08-24,85.160004,353947
2011-08-25,85.300003,294928
2011-08-26,85.370003,357816
2011-08-28,null,null
2011-08-29,87.269997,283261
2011-08-30,88.900002,208605
2011-08-31,88.809998,315383
2011-09-01,88.93,317696
2011-09-02,86.449997,282342
2011-09-04,null,null
2011-09-06,86.019997,307284
2011-09-07,89.339996,316166
2011-09-08,89.050003,313728
2011-09-09,87.239998,336725
2011-09-11,null,null
2011-09-12,88.190002,349238
2011-09-13,90.209999,355070
2011-09-14,88.910004,364262
2011-09-15,89.400002,330978
2011-09-16,87.959999,296285
2011-09-18,null,null
2011-09-19,85.699997,210962
2011-09-20,86.889999,132221
2011-09-21,85.919998,264593
2011-09-22,80.510002,298905
2011-09-23,79.849998,459998
2011-09-25,null,null
2011-09-26,80.239998,427569
2011-09-27,84.449997,325671
2011-09-28,81.209999,313568
2011-09-29,82.139999,282850
2011-09-30,79.199997,351345
2011-10-02,null,null
2011-10-03,77.610001,367957
2011-10-04,75.669998,392782
2011-10-05,79.68,428113
2011-10-06,82.589996,336067
2011-10-07,82.980003,386089
2011-10-09,null,null
2011-10-10,85.410004,377540
2011-10-11,85.809998,264825
2011-10-12,85.57,362324
2011-10-13,84.230003,294230
2011-10-14,86.800003,360268
2011-10-16,null,null
2011-10-17,86.379997,274846
2011-10-18,88.339996,227298
2011-10-19,86.110001,203765
2011-10-20,85.300003,112020
2011-10-21,87.400002,389241
2011-10-23,null,null
2011-10-24,91.269997,296555
2011-10-25,93.169998,484139
2011-10-26,90.199997,489373
2011-10-27,93.959999,411445
2011-10-28,93.32,327446
2011-10-30,null,null
2011-10-31,93.190002,276760
2011-11-01,92.190002,228561
2011-11-02,92.510002,351343
2011-11-03,94.07,265626
2011-11-04,94.260002,299987
2011-11-06,null,null
2011-11-07,95.519997,295457
2011-11-08,96.800003,321186
2011-11-09,95.739998,313566
2011-11-10,97.779999,445712
2011-11-11,98.989998,347730
2011-11-13,null,null
2011-11-14,98.139999,282786
2011-11-15,99.370003,351523
2011-11-16,102.589996,353319
2011-11-17,98.82,379612
2011-11-18,97.410004,194039
2011-11-20,null,null
2011-11-21,96.919998,341638
2011-11-22,98.010002,279104
2011-11-23,96.169998,319245
2011-11-25,null,null
2011-11-27,null,null
2011-11-28,98.209999,185841
2011-11-29,99.790001,311735
2011-11-30,100.360001,320858
2011-12-01,100.199997,302863
2011-12-02,100.959999,275858
2011-12-04,null,null
2011-12-05,100.989998,245915
2011-12-06,101.279999,239380
2011-12-07,100.489998,217029
2011-12-08,98.339996,330533
2011-12-09,99.410004,340677
2011-12-11,null,null
2011-12-12,97.769997,318767
2011-12-13,100.139999,279146
2011-12-14,94.949997,380754
2011-12-15,93.870003,377475
2011-12-16,93.529999,273761
2011-12-18,null,null
2011-12-19,93.879997,205893
2011-12-20,97.220001,114563
2011-12-21,98.669998,242305
2011-12-22,99.529999,219505
2011-12-23,99.68,151560
2011-12-25,null,null
2011-12-27,101.339996,95270
2011-12-28,99.360001,124238
2011-12-29,99.650002,164655
2011-12-30,98.830002,153915
2012-01-01,null,null
2012-01-03,102.959999,154064
2012-01-04,103.220001,275481
2012-01-05,101.809998,271711
2012-01-06,101.559998,295615
2012-01-08,null,null
2012-01-09,101.309998,290458
2012-01-10,102.239998,311866
2012-01-11,100.870003,291273
2012-01-12,99.099998,311641
2012-01-13,98.699997,370509
2012-01-15,null,null
2012-01-17,100.709999,335624
2012-01-18,100.589996,341887
2012-01-19,100.389999,269387
2012-01-20,98.459999,120170
2012-01-22,null,null
2012-01-23,99.580002,304986
2012-01-24,98.949997,238960
2012-01-25,99.400002,242477
2012-01-26,99.699997,322794
2012-01-27,99.559998,260744
2012-01-29,null,null
2012-01-30,98.779999,253456
2012-01-31,98.480003,215829
2012-02-01,97.610001,373891
2012-02-02,96.360001,293554
2012-02-03,97.839996,331240
2012-02-05,null,null
2012-02-06,96.910004,318638
2012-02-07,98.410004,257715
2012-02-08,98.709999,415728
2012-02-09,99.839996,364737
2012-02-10,98.669998,295425
2012-02-12,null,null
2012-02-13,100.910004,307564
2012-02-14,100.739998,268062
2012-02-15,101.800003,314286
2012-02-16,102.309998,278272
2012-02-17,103.239998,197307
2012-02-19,null,null
2012-02-21,105.839996,134499
2012-02-22,106.279999,316239
2012-02-23,107.830002,241329
2012-02-24,109.769997,325662
2012-02-26,null,null
2012-02-27,108.559998,267713
2012-02-28,106.550003,277597
2012-02-29,107.07,278723
2012-03-01,108.839996,353125
2012-03-02,106.699997,389838
2012-03-04,null,null
2012-03-05,106.720001,299664
2012-03-06,104.699997,237450
2012-03-07,106.160004,332561
2012-03-08,106.580002,333242
2012-03-09,107.400002,279597
2012-03-11,null,null
2012-03-12,106.339996,292694
2012-03-13,106.709999,234727
2012-03-14,105.43,282350
2012-03-15,105.110001,283510
2012-03-16,107.059998,371039
2012-03-18,null,null
2012-03-19,108.089996,192992
2012-03-20,105.610001,110353
2012-03-21,107.269997,329535
2012-03-22,105.349998,252603
2012-03-23,106.870003,295474
2012-03-25,null,null
2012-03-26,107.029999,260269
2012-03-27,107.330002,162276
2012-03-28,105.410004,209036
2012-03-29,102.779999,309064
2012-03-30,103.019997,319988
2012-04-01,null,null
2012-04-02,105.230003,244155
2012-04-03,104.010002,278097
2012-04-04,101.470001,245541
2012-04-05,103.309998,300729
2012-04-08,null,null
2012-04-09,102.459999,242903
2012-04-10,101.019997,205924
2012-04-11,102.699997,312927
2012-04-12,103.639999,283008
2012-04-13,102.830002,271285
2012-04-15,null,null
2012-04-16,102.93,227259
2012-04-17,104.199997,284959
2012-04-18,102.669998,244523
2012-04-19,102.269997,195812
2012-04-20,103.050003,91398
2012-04-22,null,null
2012-04-23,103.110001,225790
2012-04-24,103.550003,213202
2012-04-25,104.120003,196136
2012-04-26,104.550003,276652
2012-04-27,104.93,192832
2012-04-29,null,null
2012-04-30,104.870003,182104
2012-05-01,106.160004,211453
2012-05-02,105.220001,245921
2012-05-03,102.540001,256649
2012-05-04,98.489998,316883
2012-05-06,null,null
2012-05-07,97.940002,443060
2012-05-08,97.010002,300474
2012-05-09,96.809998,333767
2012-05-10,97.080002,332865
2012-05-11,96.129997,282314
2012-05-13,null,null
2012-05-14,94.779999,260539
2012-05-15,93.980003,251994
2012-05-16,92.809998,284712
2012-05-17,92.559998,308371
2012-05-18,91.480003,280073
2012-05-20,null,null
2012-05-21,92.57,211749
2012-05-22,91.660004,107239
2012-05-23,89.900002,226226
2012-05-24,90.660004,275522
2012-05-25,90.860001,231521
2012-05-27,null,null
2012-05-29,90.760002,153921
2012-05-30,87.82,262562
2012-05-31,86.529999,297197
2012-06-01,83.230003,345433
2012-06-03,null,null
2012-06-04,83.980003,407579
2012-06-05,84.290001,309777
2012-06-06,85.019997,246358
2012-06-07,84.82,313102
2012-06-08,84.099998,339002
2012-06-10,null,null
2012-06-11,82.699997,304641
2012-06-12,83.32,343211
2012-06-13,82.620003,320803
2012-06-14,83.910004,327544
2012-06-15,84.029999,278944
2012-06-17,null,null
2012-06-18,83.269997,216554
2012-06-19,84.029999,216955
2012-06-20,81.800003,109008
2012-06-21,78.199997,413790
2012-06-22,79.760002,376969
2012-06-24,null,null
2012-06-25,79.209999,293224
2012-06-26,79.360001,249004
2012-06-27,80.209999,253304
2012-06-28,77.690002,253006
2012-06-29,84.959999,310148
2012-07-01,null,null
2012-07-02,83.75,439010
2012-07-03,null,null
2012-07-05,87.220001,336186
2012-07-06,84.449997,368616
2012-07-08,null,null
2012-07-09,85.989998,296204
2012-07-10,83.910004,256901
2012-07-11,85.809998,291409
2012-07-12,86.080002,307821
2012-07-13,87.099998,240725
2012-07-15,null,null
2012-07-16,88.43,260828
2012-07-17,89.220001,223124
2012-07-18,89.870003,262785
2012-07-19,92.660004,192847
2012-07-20,91.440002,102928
2012-07-22,null,null
2012-07-23,88.139999,249172
2012-07-24,88.5,290355
2012-07-25,88.970001,309865
2012-07-26,89.389999,289552
2012-07-27,90.129997,233400
2012-07-29,null,null
2012-07-30,89.779999,210412
2012-07-31,88.059998,191095
2012-08-01,88.910004,282851
2012-08-02,87.129997,281204
2012-08-03,91.400002,302698
2012-08-05,null,null
2012-08-06,92.199997,301783
2012-08-07,93.669998,194374
2012-08-08,93.349998,260012
2012-08-09,93.360001,269931
2012-08-10,92.870003,258637
2012-08-12,null,null
2012-08-13,92.730003,224512
2012-08-14,93.43,280268
2012-08-15,94.330002,200411
2012-08-16,95.599998,281643
2012-08-17,96.010002,212628
2012-08-19,null,null
2012-08-20,95.970001,162591
2012-08-21,96.68,113309
2012-08-22,97.260002,220192
2012-08-23,96.269997,217435
2012-08-24,96.150002,225156
2012-08-26,null,null
2012-08-27,95.470001,204231
2012-08-28,96.330002,230844
2012-08-29,95.489998,198458
2012-08-30,94.620003,185887
2012-08-31,96.470001,192455
2012-09-02,null,null
2012-09-04,95.300003,249063
2012-09-05,95.360001,256147
2012-09-06,95.529999,233044
2012-09-07,96.419998,327082
2012-09-09,null,null
2012-09-10,96.540001,293026
2012-09-11,97.169998,221996
2012-09-12,97.010002,222006
2012-09-13,98.309998,223528
2012-09-14,99,291055
2012-09-16,null,null
2012-09-17,96.620003,271794
2012-09-18,95.290001,308274
2012-09-19,91.980003,196211
2012-09-20,91.870003,133035
2012-09-21,92.889999,244553
2012-09-23,null,null
2012-09-24,91.93,181036
2012-09-25,91.370003,188315
2012-09-26,89.980003,239024
2012-09-27,91.849998,272057
2012-09-28,92.190002,237289
2012-09-30,null,null
2012-10-01,92.480003,210195
2012-10-02,91.889999,216005
2012-10-03,88.139999,177728
2012-10-04,91.709999,339506
2012-10-05,89.879997,291389
2012-10-07,null,null
2012-10-08,89.330002,279131
2012-10-09,92.389999,202688
2012-10-10,91.25,378040
2012-10-11,92.07,303502
2012-10-12,91.860001,300087
2012-10-14,null,null
2012-10-15,91.849998,198462
2012-10-16,92.089996,269016
2012-10-17,92.120003,232217
2012-10-18,92.099998,226343
2012-10-19,90.050003,184654
2012-10-21,null,null
2012-10-22,88.730003,123648
2012-10-23,86.669998,275720
2012-10-24,85.730003,309492
2012-10-25,86.050003,298160
2012-10-26,86.279999,208678
2012-10-28,null,null
2012-10-31,86.239998,106222
2012-11-01,87.089996,212577
2012-11-02,84.860001,197179
2012-11-04,null,null
2012-11-05,85.650002,297311
2012-11-06,88.709999,221397
2012-11-07,84.440002,303429
2012-11-08,85.089996,422211
2012-11-09,86.07,296599
2012-11-11,null,null
2012-11-12,85.57,322403
2012-11-13,85.379997,280690
2012-11-14,86.32,352247
2012-11-15,85.449997,265306
2012-11-16,86.669998,168098
2012-11-18,null,null
2012-11-19,89.279999,271209
2012-11-20,86.75,247078
2012-11-21,87.379997,322630
2012-11-23,null,null
2012-11-25,null,null
2012-11-26,87.739998,104944
2012-11-27,87.18,156593
2012-11-28,86.489998,210470
2012-11-29,88.07,249744
2012-11-30,88.910004,270030
2012-12-02,null,null
2012-12-03,89.089996,216206
2012-12-04,88.5,235987
2012-12-05,87.879997,206265
2012-12-06,86.260002,220850
2012-12-07,85.93,269293
2012-12-09,null,null
2012-12-10,85.559998,244993
2012-12-11,85.790001,211603
2012-12-12,86.769997,217859
2012-12-13,85.889999,300353
2012-12-14,86.730003,228417
2012-12-16,null,null
2012-12-17,87.199997,218265
2012-12-18,87.93,157226
2012-12-19,89.510002,93130
2012-12-20,90.129997,233083
2012-12-21,88.660004,178144
2012-12-23,null,null
2012-12-24,null,null
2012-12-26,90.980003,48516
2012-12-27,90.870003,141598
2012-12-28,90.800003,152771
2012-12-30,null,null
2012-12-31,91.82,131374
2013-01-02,93.120003,119525
2013-01-03,92.919998,203865
2013-01-04,93.089996,189812
2013-01-06,null,null
2013-01-07,93.190002,210747
2013-01-08,93.150002,166292
2013-01-09,93.099998,195867
2013-01-10,93.82,201385
2013-01-11,93.559998,279295
2013-01-13,null,null
2013-01-14,94.139999,257821
2013-01-15,93.279999,248600
2013-01-16,94.239998,248136
2013-01-17,95.489998,241531
2013-01-18,95.559998,178285
2013-01-20,null,null
2013-01-22,96.239998,118549
2013-01-23,95.230003,236391
2013-01-24,95.949997,318008
2013-01-25,95.879997,232035
2013-01-27,null,null
2013-01-28,96.440002,184873
2013-01-29,97.57,167186
2013-01-30,97.940002,252931
2013-01-31,97.489998,211277
2013-02-01,97.769997,230630
2013-02-03,null,null
2013-02-04,96.169998,270275
2013-02-05,96.639999,196975
2013-02-06,96.620003,188841
2013-02-07,95.830002,282803
2013-02-08,95.720001,275474
2013-02-10,null,null
2013-02-11,97.029999,229242
2013-02-12,97.510002,283956
2013-02-13,97.010002,239796
2013-02-14,97.309998,246437
2013-02-15,95.860001,174599
2013-02-17,null,null
2013-02-19,96.660004,223592
2013-02-20,94.459999,118307
2013-02-21,92.839996,338967
2013-02-22,93.129997,286434
2013-02-24,null,null
2013-02-25,93.110001,204258
2013-02-26,92.629997,217519
2013-02-27,92.760002,230836
2013-02-28,92.050003,201512
2013-03-01,90.68,218119
2013-03-03,null,null
2013-03-04,90.120003,248466
2013-03-05,90.82,231108
2013-03-06,90.43,209874
2013-03-07,91.559998,244168
2013-03-08,91.949997,234921
2013-03-10,null,null
2013-03-11,92.059998,219961
2013-03-12,92.540001,194607
2013-03-13,92.519997,283114
2013-03-14,93.029999,251336
2013-03-15,93.449997,174701
2013-03-17,null,null
2013-03-18,93.739998,175611
2013-03-19,92.160004,151208
2013-03-20,92.959999,96796
2013-03-21,92.449997,226790
2013-03-22,93.709999,214131
2013-03-24,null,null
2013-03-25,94.809998,202666
2013-03-26,96.339996,270651
2013-03-27,96.580002,214345
2013-03-28,97.230003,207777
2013-03-29,null,null
2013-03-31,null,null
2013-04-01,97.07,174390
2013-04-02,97.190002,192396
2013-04-03,94.449997,209877
2013-04-04,93.260002,302235
2013-04-05,92.699997,355321
2013-04-07,null,null
2013-04-08,93.360001,267276
2013-04-09,94.199997,212117
2013-04-10,94.639999,234720
2013-04-11,93.510002,248557
2013-04-12,91.290001,222439
2013-04-14,null,null
2013-04-15,88.709999,325580
2013-04-16,88.720001,362524
2013-04-17,86.68,287410
2013-04-18,87.730003,294274
2013-04-19,88.010002,228200
2013-04-21,null,null
2013-04-22,88.760002,100652
2013-04-23,89.18,238730
2013-04-24,91.43,288801
2013-04-25,93.639999,257736
2013-04-26,93,270121
2013-04-28,null,null
2013-04-29,94.5,240966
2013-04-30,93.459999,214608
2013-05-01,91.029999,277499
2013-05-02,93.989998,332382
2013-05-03,95.610001,310808
2013-05-05,null,null
2013-05-06,96.160004,297522
2013-05-07,95.620003,271004
2013-05-08,96.620003,260141
2013-05-09,96.389999,276315
2013-05-10,96.040001,272196
2013-05-12,null,null
2013-05-13,95.169998,354119
2013-05-14,94.209999,297036
2013-05-15,94.300003,269403
2013-05-16,95.160004,360684
2013-05-17,96.019997,297863
2013-05-19,null,null
2013-05-20,96.709999,187754
2013-05-21,96.160004,118621
2013-05-22,94.279999,259159
2013-05-23,94.25,336497
2013-05-24,94.150002,323633
2013-05-26,null,null
2013-05-28,95.010002,203991
2013-05-29,93.129997,240990
2013-05-30,93.610001,293461
2013-05-31,91.970001,294855
2013-06-02,null,null
2013-06-03,93.449997,267978
2013-06-04,93.309998,287474
2013-06-05,93.739998,301136
2013-06-06,94.760002,268909
2013-06-07,96.029999,267164
2013-06-09,null,null
2013-06-10,95.769997,330833
2013-06-11,95.379997,234601
2013-06-12,95.879997,257474
2013-06-13,96.690002,244870
2013-06-14,97.849998,224449
2013-06-16,null,null
2013-06-17,97.769997,240906
2013-06-18,98.440002,242794
2013-06-19,98.239998,145618
2013-06-20,95.400002,111300
2013-06-21,93.690002,376229
2013-06-23,null,null
2013-06-24,95.18,340903
2013-06-25,95.32,315821
2013-06-26,95.5,267541
2013-06-27,97.050003,291417
2013-06-28,96.559998,269312
2013-06-30,null,null
2013-07-01,97.989998,247607
2013-07-02,99.599998,229193
2013-07-03,null,null
2013-07-05,103.220001,353250
2013-07-07,null,null
2013-07-08,103.139999,256027
2013-07-09,103.529999,253202
2013-07-10,106.519997,285670
2013-07-11,104.910004,404821
2013-07-12,105.949997,316730
2013-07-14,null,null
2013-07-15,106.32,234756
2013-07-16,106,210806
2013-07-17,106.480003,250921
2013-07-18,108.040001,262789
2013-07-19,108.050003,155963
2013-07-21,null,null
2013-07-22,106.910004,112373
2013-07-23,107.230003,283866
2013-07-24,105.389999,241640
2013-07-25,105.489998,278262
2013-07-26,104.699997,270580
2013-07-28,null,null
2013-07-29,104.550003,208855
2013-07-30,103.080002,206326
2013-07-31,105.029999,235605
2013-08-01,107.889999,299127
2013-08-02,106.940002,267594
2013-08-04,null,null
2013-08-05,106.559998,249314
2013-08-06,105.300003,204860
2013-08-07,104.370003,272996
2013-08-08,103.400002,294242
2013-08-09,105.970001,320070
2013-08-11,null,null
2013-08-12,106.110001,303796
2013-08-13,106.830002,257139
2013-08-14,106.849998,276773
2013-08-15,107.330002,270921
2013-08-16,107.459999,251868
2013-08-18,null,null
2013-08-19,107.099998,179859
2013-08-20,104.970001,102781
2013-08-21,103.849998,361065
2013-08-22,105.029999,259243
2013-08-23,106.419998,204692
2013-08-25,null,null
2013-08-26,105.919998,259545
2013-08-27,109.010002,165995
2013-08-28,110.099998,295934
2013-08-29,108.800003,336171
2013-08-30,107.650002,250038
2013-09-01,null,null
2013-09-03,108.540001,250038
2013-09-04,107.230003,288018
2013-09-05,108.370003,224377
2013-09-06,110.529999,184889
2013-09-08,null,null
2013-09-09,109.519997,269866
2013-09-10,107.389999,266915
2013-09-11,107.559998,325314
2013-09-12,108.599998,238235
2013-09-13,108.209999,249780
2013-09-15,null,null
2013-09-16,106.589996,207037
2013-09-17,105.419998,282888
2013-09-18,108.07,304851
2013-09-19,106.389999,199888
2013-09-20,104.68,139835
2013-09-22,null,null
2013-09-23,103.589996,250360
2013-09-24,103.129997,223392
2013-09-25,102.660004,259543
2013-09-26,103.029999,236195
2013-09-27,102.870003,183778
2013-09-29,null,null
2013-09-30,102.330002,232299
2013-10-01,102.040001,226707
2013-10-02,104.099998,223028
2013-10-03,103.309998,300526
2013-10-04,103.839996,226225
2013-10-06,null,null
2013-10-07,103.029999,165197
2013-10-08,103.489998,269025
2013-10-09,101.610001,194195
2013-10-10,103.010002,283131
2013-10-11,102.019997,296858
2013-10-13,null,null
2013-10-14,102.410004,298216
2013-10-15,101.209999,170674
2013-10-16,102.290001,240218
2013-10-17,100.669998,235236
2013-10-18,100.809998,266625
2013-10-20,null,null
2013-10-21,99.220001,116680
2013-10-22,97.800003,90824
2013-10-23,96.860001,347314
2013-10-24,97.110001,356194
2013-10-25,97.849998,248742
2013-10-27,null,null
2013-10-28,98.68,192632
2013-10-29,98.199997,230155
2013-10-30,96.769997,183243
2013-10-31,96.379997,268138
2013-11-01,94.610001,255401
2013-11-03,null,null
2013-11-04,94.620003,282138
2013-11-05,93.370003,219109
2013-11-06,94.800003,226454
2013-11-07,94.199997,282722
2013-11-08,94.599998,260597
2013-11-10,null,null
2013-11-11,95.139999,241690
2013-11-12,93.040001,206721
2013-11-13,93.879997,353689
2013-11-14,93.760002,305009
2013-11-15,93.839996,315066
2013-11-17,null,null
2013-11-18,93.029999,204366
2013-11-19,93.339996,169443
2013-11-20,93.330002,131463
2013-11-21,95.440002,225891
2013-11-22,94.839996,222138
2013-11-24,null,null
2013-11-25,94.089996,257843
2013-11-26,93.68,270860
2013-11-27,92.300003,160178
2013-11-29,null,null
2013-12-01,null,null
2013-12-02,93.82,143205
2013-12-03,96.040001,234800
2013-12-04,97.199997,319271
2013-12-05,97.379997,325857
2013-12-06,97.650002,216392
2013-12-08,null,null
2013-12-09,97.339996,223944
2013-12-10,98.510002,210090
2013-12-11,97.440002,264838
2013-12-12,97.5,274194
2013-12-13,96.599998,205749
2013-12-15,null,null
2013-12-16,97.480003,233161
2013-12-17,97.220001,187591
2013-12-18,97.800003,120127
2013-12-19,98.769997,84627
2013-12-20,99.32,192782
2013-12-22,null,null
2013-12-23,98.910004,151281
2013-12-24,null,null
2013-12-26,99.550003,51877
2013-12-27,100.32,65666
2013-12-29,null,null
2013-12-30,99.290001,127198
2013-12-31,98.419998,118356
2014-01-02,95.440002,113907
2014-01-03,93.959999,251248
2014-01-05,null,null
2014-01-06,93.43,215522
2014-01-07,93.669998,189379
2014-01-08,92.330002,177182
2014-01-09,91.660004,244855
2014-01-10,92.720001,255784
2014-01-12,null,null
2014-01-13,91.800003,255988
2014-01-14,92.589996,212208
2014-01-15,94.169998,243474
2014-01-16,93.959999,263295
2014-01-17,94.370003,165135
2014-01-19,null,null
2014-01-21,94.989998,119887
2014-01-22,96.730003,244861
2014-01-23,97.32,252349
2014-01-24,96.639999,274078
2014-01-26,null,null
2014-01-27,95.720001,239673
2014-01-28,97.410004,235110
2014-01-29,97.360001,206490
2014-01-30,98.230003,200486
2014-01-31,97.489998,199420
2014-02-02,null,null
2014-02-03,96.43,253457
2014-02-04,97.190002,293312
2014-02-05,97.379997,204282
2014-02-06,97.839996,237671
2014-02-07,99.879997,234281
2014-02-09,null,null
2014-02-10,100.059998,270407
2014-02-11,99.940002,251127
2014-02-12,100.370003,233933
2014-02-13,100.349998,318686
2014-02-14,100.300003,221722
2014-02-16,null,null
2014-02-18,102.43,229784
2014-02-19,103.309998,177371
2014-02-20,102.919998,116164
2014-02-21,102.199997,194397
2014-02-23,null,null
2014-02-24,102.82,173260
2014-02-25,101.830002,177861
2014-02-26,102.589996,187216
2014-02-27,102.400002,196517
2014-02-28,102.589996,196494
2014-03-02,null,null
2014-03-03,104.919998,178276
2014-03-04,103.330002,295819
2014-03-05,101.449997,210005
2014-03-06,101.559998,267837
2014-03-07,102.580002,291849
2014-03-09,null,null
2014-03-10,101.120003,226145
2014-03-11,100.029999,225290
2014-03-12,97.989998,294201
2014-03-13,98.199997,416927
2014-03-14,98.889999,268074
2014-03-16,null,null
2014-03-17,98.080002,226300
2014-03-18,99.699997,227387
2014-03-19,100.370003,192508
2014-03-20,99.43,110319
2014-03-21,99.459999,244866
2014-03-23,null,null
2014-03-24,99.599998,191289
2014-03-25,99.190002,151710
2014-03-26,100.260002,217013
2014-03-27,101.279999,211367
2014-03-28,101.669998,202200
2014-03-30,null,null
2014-03-31,101.580002,166326
2014-04-01,99.739998,167570
2014-04-02,99.620003,237564
2014-04-03,100.290001,231596
2014-04-04,101.139999,195430
2014-04-06,null,null
2014-04-07,100.440002,193532
2014-04-08,102.559998,254884
2014-04-09,103.599998,299549
2014-04-10,103.400002,324660
2014-04-11,103.739998,222169
2014-04-13,null,null
2014-04-14,104.050003,261915
2014-04-15,103.75,237213
2014-04-16,103.760002,215848
2014-04-17,104.300003,279392
2014-04-20,null,null
2014-04-21,104.370003,191342
2014-04-22,102.129997,115095
2014-04-23,101.440002,323723
2014-04-24,101.940002,250645
2014-04-25,100.599998,202278
2014-04-27,null,null
2014-04-28,100.839996,221601
2014-04-29,101.279999,231590
2014-04-30,99.739998,218691
2014-05-01,99.419998,282979
2014-05-02,99.760002,235455
2014-05-04,null,null
2014-05-05,99.480003,213631
2014-05-06,99.5,190002
2014-05-07,100.769997,251208
2014-05-08,100.260002,291271
2014-05-09,99.989998,252605
2014-05-11,null,null
2014-05-12,100.589996,271341
2014-05-13,101.699997,211648
2014-05-14,102.370003,253588
2014-05-15,101.5,234477
2014-05-16,102.019997,276060
2014-05-18,null,null
2014-05-19,102.610001,147896
2014-05-20,102.440002,121114
2014-05-21,104.07,249769
2014-05-22,103.739998,272127
2014-05-23,104.349998,159181
2014-05-25,null,null
2014-05-27,104.110001,160563
2014-05-28,102.720001,174387
2014-05-29,103.580002,239134
2014-05-30,102.709999,205506
2014-06-01,null,null
2014-06-02,102.470001,169734
2014-06-03,102.660004,159042
2014-06-04,102.639999,160208
2014-06-05,102.480003,208540
2014-06-06,102.660004,200402
2014-06-08,null,null
2014-06-09,104.410004,197758
2014-06-10,104.349998,246719
2014-06-11,104.400002,255599
2014-06-12,106.529999,187728
2014-06-13,106.910004,321499
2014-06-15,null,null
2014-06-16,106.900002,255394
2014-06-17,106.360001,204792
2014-06-18,105.970001,252969
2014-06-19,106.43,176257
2014-06-20,107.260002,123121
2014-06-22,null,null
2014-06-23,106.169998,213130
2014-06-24,106.029999,175473
2014-06-25,106.5,175206
2014-06-26,105.839996,249064
2014-06-27,105.739998,195723
2014-06-29,null,null
2014-06-30,105.370003,128975
2014-07-01,105.339996,215334
2014-07-02,104.480003,221685
2014-07-03,null,null
2014-07-06,null,null
2014-07-07,103.529999,169938
2014-07-08,103.400002,189250
2014-07-09,102.290001,249378
2014-07-10,102.93,250987
2014-07-11,100.830002,238076
2014-07-13,null,null
2014-07-14,100.910004,272550
2014-07-15,99.959999,252675
2014-07-16,101.199997,331196
2014-07-17,103.190002,240202
2014-07-18,103.129997,342872
2014-07-20,null,null
2014-07-21,104.589996,172529
2014-07-22,104.419998,126986
2014-07-23,103.120003,252395
2014-07-24,102.07,260652
2014-07-25,102.089996,194404
2014-07-27,null,null
2014-07-28,101.669998,284919
2014-07-29,100.970001,197815
2014-07-30,100.269997,258060
2014-07-31,98.169998,263974
2014-08-01,97.879997,335785
2014-08-03,null,null
2014-08-04,98.290001,274992
2014-08-05,97.379997,204262
2014-08-06,96.919998,242237
2014-08-07,97.339996,263598
2014-08-08,97.650002,286531
2014-08-10,null,null
2014-08-11,98.080002,266006
2014-08-12,97.370003,241493
2014-08-13,97.589996,242592
2014-08-14,95.580002,253703
2014-08-15,97.349998,350619
2014-08-17,null,null
2014-08-18,96.410004,269750
2014-08-19,94.480003,157537
2014-08-20,96.07,109041
2014-08-21,93.959999,207152
2014-08-22,93.650002,226343
2014-08-24,null,null
2014-08-25,93.349998,191457
2014-08-26,93.860001,137420
2014-08-27,93.879997,176280
2014-08-28,94.550003,174908
2014-08-29,95.959999,262292
2014-08-31,null,null
2014-09-02,92.879997,234972
2014-09-03,95.540001,320356
2014-09-04,94.449997,294395
2014-09-05,93.290001,254140
2014-09-07,null,null
2014-09-08,92.660004,261386
2014-09-09,92.75,277990
2014-09-10,91.669998,275876
2014-09-11,92.830002,295306
2014-09-12,92.269997,403175
2014-09-14,null,null
2014-09-15,92.919998,297768
2014-09-16,94.879997,260506
2014-09-17,94.419998,294723
2014-09-18,93.07,305832
2014-09-19,92.410004,170772
2014-09-21,null,null
2014-09-22,91.519997,92780
2014-09-23,91.559998,229232
2014-09-24,92.800003,247770
2014-09-25,92.529999,282634
2014-09-26,93.540001,248852
2014-09-28,null,null
2014-09-29,94.57,258890
2014-09-30,91.160004,261246
2014-10-01,90.730003,429251
2014-10-02,91.010002,389246
2014-10-03,89.739998,449554
2014-10-05,null,null
2014-10-06,90.339996,342795
2014-10-07,88.849998,276614
2014-10-08,87.309998,300113
2014-10-09,85.769997,373752
2014-10-10,85.82,345020
2014-10-12,null,null
2014-10-13,85.739998,396528
2014-10-14,81.839996,292345
2014-10-15,81.779999,475832
2014-10-16,82.699997,487721
2014-10-17,82.75,424524
2014-10-19,null,null
2014-10-20,82.709999,174142
2014-10-21,82.809998,83702
2014-10-22,80.519997,297522
2014-10-23,82.089996,352217
2014-10-24,81.010002,354839
2014-10-26,null,null
2014-10-27,81,272509
2014-10-28,81.419998,285327
2014-10-29,82.199997,226066
2014-10-30,81.120003,283762
2014-10-31,80.540001,270072
2014-11-02,null,null
2014-11-03,78.779999,294183
2014-11-04,77.190002,386045
2014-11-05,78.68,432757
2014-11-06,77.910004,447691
2014-11-07,78.650002,292897
2014-11-09,null,null
2014-11-10,77.400002,306077
2014-11-11,77.940002,319492
2014-11-12,77.18,314309
2014-11-13,74.209999,359951
2014-11-14,75.82,447012
2014-11-16,null,null
2014-11-17,75.639999,355245
2014-11-18,74.610001,279462
2014-11-19,74.580002,186214
2014-11-20,75.580002,116278
2014-11-21,76.510002,236720
2014-11-23,null,null
2014-11-24,75.779999,275317
2014-11-25,74.089996,194751
2014-11-26,73.690002,294447
2014-11-28,null,null
2014-11-30,null,null
2014-12-01,69,552882
2014-12-02,66.879997,504122
2014-12-03,67.379997,360300
2014-12-04,66.809998,293483
2014-12-05,65.839996,237011
2014-12-07,null,null
2014-12-08,63.049999,276529
2014-12-09,63.82,330077
2014-12-10,60.939999,322804
2014-12-11,59.950001,456172
2014-12-12,57.810001,392493
2014-12-14,null,null
2014-12-15,55.91,414224
2014-12-16,55.93,424946
2014-12-17,56.470001,518784
2014-12-18,54.110001,351977
2014-12-19,56.52,106315
2014-12-21,null,null
2014-12-22,55.259998,383536
2014-12-23,57.119999,277319
2014-12-24,null,null
2014-12-26,54.73,174969
2014-12-28,null,null
2014-12-29,53.610001,127202
2014-12-30,54.119999,241378
2014-12-31,53.27,218557
2015-01-02,52.689999,233516
2015-01-04,null,null
2015-01-05,50.040001,268708
2015-01-06,47.93,375782
2015-01-07,48.650002,451642
2015-01-08,48.790001,460083
2015-01-09,48.360001,362081
2015-01-11,null,null
2015-01-12,46.07,421007
2015-01-13,45.889999,394946
2015-01-14,48.48,476541
2015-01-15,46.25,510252
2015-01-16,48.689999,478340
2015-01-18,null,null
2015-01-20,46.389999,175626
2015-01-21,47.779999,438892
2015-01-22,46.310001,340252
2015-01-23,45.59,426829
2015-01-25,null,null
2015-01-26,45.150002,374289
2015-01-27,46.23,310638
2015-01-28,44.450001,313141
2015-01-29,44.529999,365440
2015-01-30,48.240002,300732
2015-02-01,null,null
2015-02-02,49.57,454142
2015-02-03,53.049999,511409
2015-02-04,48.450001,644919
2015-02-05,50.48,577515
2015-02-06,51.689999,596851
2015-02-08,null,null
2015-02-09,52.860001,584976
2015-02-10,50.02,536364
2015-02-11,48.84,501701
2015-02-12,51.209999,519272
2015-02-13,52.779999,563662
2015-02-15,null,null
2015-02-17,53.529999,437072
2015-02-18,52.139999,518799
2015-02-19,51.16,257476
2015-02-20,50.34,125210
2015-02-22,null,null
2015-02-23,49.450001,366125
2015-02-24,49.279999,475383
2015-02-25,50.990002,293101
2015-02-26,48.169998,429524
2015-02-27,49.759998,459584
2015-03-01,null,null
2015-03-02,49.59,399494
2015-03-03,50.52,427177
2015-03-04,51.529999,370597
2015-03-05,50.759998,463989
2015-03-06,49.610001,370953
2015-03-08,null,null
2015-03-09,50,406840
2015-03-10,48.290001,409877
2015-03-11,48.169998,395761
2015-03-12,47.049999,404590
2015-03-13,44.84,358381
2015-03-15,null,null
2015-03-16,43.880001,395722
2015-03-17,43.459999,367600
2015-03-18,44.66,346310
2015-03-19,43.959999,220638
2015-03-20,45.720001,106907
2015-03-22,null,null
2015-03-23,47.450001,379180
2015-03-24,47.509998,292417
2015-03-25,49.209999,309553
2015-03-26,51.43,398795
2015-03-27,48.869999,515277
2015-03-29,null,null
2015-03-30,48.68,384092
2015-03-31,47.599998,355866
2015-04-01,50.09,365748
2015-04-02,49.139999,451104
2015-04-05,null,null
2015-04-06,52.139999,453394
2015-04-07,53.98,325282
2015-04-08,50.419998,548870
2015-04-09,50.790001,552627
2015-04-10,51.639999,449531
2015-04-12,null,null
2015-04-13,51.91,395135
2015-04-14,53.290001,375534
2015-04-15,56.389999,431026
2015-04-16,56.709999,508904
2015-04-17,55.740002,413134
2015-04-19,null,null
2015-04-20,56.380001,230623
2015-04-21,55.259998,112382
2015-04-22,56.16,354244
2015-04-23,57.740002,329631
2015-04-24,57.150002,415569
2015-04-26,null,null
2015-04-27,56.990002,328322
2015-04-28,57.060001,250558
2015-04-29,58.580002,281864
2015-04-30,59.630001,411097
2015-05-01,59.150002,340322
2015-05-03,null,null
2015-05-04,58.93,244753
2015-05-05,60.400002,215046
2015-05-06,60.93,389743
2015-05-07,58.939999,423583
2015-05-08,59.389999,437022
2015-05-10,null,null
2015-05-11,59.25,434575
2015-05-12,60.75,332694
2015-05-13,60.5,397345
2015-05-14,59.880001,426835
2015-05-15,59.689999,361432
2015-05-17,null,null
2015-05-18,59.43,222089
2015-05-19,57.259998,144389
2015-05-20,58.98,336779
2015-05-21,60.720001,287129
2015-05-22,59.720001,329765
2015-05-24,null,null
2015-05-26,58.029999,230307
2015-05-27,57.509998,330128
2015-05-28,57.68,314917
2015-05-29,60.299999,340682
2015-05-31,null,null
2015-06-01,60.200001,452222
2015-06-02,61.259998,292189
2015-06-03,59.639999,344508
2015-06-04,58,371298
2015-06-05,59.130001,363345
2015-06-07,null,null
2015-06-08,58.139999,461016
2015-06-09,60.139999,339845
2015-06-10,61.43,405486
2015-06-11,60.77,459765
2015-06-12,59.959999,352421
2015-06-14,null,null
2015-06-15,59.52,246898
2015-06-16,59.970001,275187
2015-06-17,59.919998,233935
2015-06-18,60.450001,396155
2015-06-19,59.610001,181875
2015-06-21,null,null
2015-06-22,59.68,116656
2015-06-23,61.009998,255306
2015-06-24,60.27,336224
2015-06-25,59.700001,312985
2015-06-26,59.630001,222341
2015-06-28,null,null
2015-06-29,58.330002,231957
2015-06-30,59.470001,286035
2015-07-01,56.959999,282475
2015-07-02,56.93,373405
2015-07-05,null,null
2015-07-06,52.529999,297050
2015-07-07,52.330002,540608
2015-07-08,51.650002,527267
2015-07-09,52.779999,434752
2015-07-10,52.740002,382334
2015-07-12,null,null
2015-07-13,52.200001,349075
2015-07-14,53.040001,359477
2015-07-15,51.41,422756
2015-07-16,50.91,334563
2015-07-17,50.889999,319167
2015-07-19,null,null
2015-07-20,50.150002,203485
2015-07-21,50.360001,102597
2015-07-22,49.189999,254321
2015-07-23,48.450001,347986
2015-07-24,48.139999,316060
2015-07-26,null,null
2015-07-27,47.389999,278233
2015-07-28,47.98,273614
2015-07-29,48.790001,338107
2015-07-30,48.52,366893
2015-07-31,47.119999,247662
2015-08-02,null,null
2015-08-03,45.169998,334474
2015-08-04,45.740002,371085
2015-08-05,45.150002,285786
2015-08-06,44.66,367326
2015-08-07,43.869999,360977
2015-08-09,null,null
2015-08-10,44.959999,400070
2015-08-11,43.080002,491433
2015-08-12,43.299999,538005
2015-08-13,42.23,492271
2015-08-14,42.5,420146
2015-08-16,null,null
2015-08-17,41.869999,317211
2015-08-18,42.619999,314275
2015-08-19,40.799999,200185
2015-08-20,41.139999,107578
2015-08-21,40.450001,380433
2015-08-23,null,null
2015-08-24,38.240002,377181
2015-08-25,39.310001,468366
2015-08-26,38.599998,375650
2015-08-27,42.560001,368722
2015-08-28,45.220001,533682
2015-08-30,null,null
2015-08-31,49.200001,666328
2015-09-01,45.41,757503
2015-09-02,46.25,713418
2015-09-03,46.75,689301
2015-09-04,46.049999,539450
2015-09-06,null,null
2015-09-08,45.939999,385631
2015-09-09,44.150002,508815
2015-09-10,45.919998,422735
2015-09-11,44.630001,498992
2015-09-13,null,null
2015-09-14,44,395838
2015-09-15,44.59,326269
2015-09-16,47.150002,335953
2015-09-17,46.900002,421981
2015-09-18,44.68,366390
2015-09-20,null,null
2015-09-21,46.68,211301
2015-09-22,45.830002,104528
2015-09-23,44.48,345875
2015-09-24,44.91,411957
2015-09-25,45.700001,371976
2015-09-27,null,null
2015-09-28,44.43,338622
2015-09-29,45.23,273906
2015-09-30,45.09,265176
2015-10-01,44.740002,355853
2015-10-02,45.540001,478979
2015-10-04,null,null
2015-10-05,46.259998,420740
2015-10-06,48.529999,323061
2015-10-07,47.810001,453101
2015-10-08,49.43,547488
2015-10-09,49.630001,509760
2015-10-11,null,null
2015-10-12,47.099998,508680
2015-10-13,46.66,408663
2015-10-14,46.639999,465388
2015-10-15,46.380001,348241
2015-10-16,47.259998,370940
2015-10-18,null,null
2015-10-19,45.889999,198127
2015-10-20,45.549999,125840
2015-10-21,45.200001,361314
2015-10-22,45.380001,384288
2015-10-23,44.599998,322742
2015-10-25,null,null
2015-10-26,43.98,406577
2015-10-27,43.200001,302084
2015-10-28,45.939999,370825
2015-10-29,46.060001,521518
2015-10-30,46.59,436513
2015-11-01,null,null
2015-11-02,46.139999,363307
2015-11-03,47.900002,305518
2015-11-04,46.32,434574
2015-11-05,45.200001,459307
2015-11-06,44.290001,437646
2015-11-08,null,null
2015-11-09,43.869999,448133
2015-11-10,44.209999,487992
2015-11-11,42.93,445973
2015-11-12,41.75,502371
2015-11-13,40.740002,545351
2015-11-15,null,null
2015-11-16,41.740002,480893
2015-11-17,40.669998,535179
2015-11-18,40.75,363714
2015-11-19,40.540001,251518
2015-11-20,40.389999,131356
2015-11-22,null,null
2015-11-23,41.75,432642
2015-11-24,42.869999,516190
2015-11-25,43.040001,430304
2015-11-27,41.709999,383158
2015-11-29,null,null
2015-11-30,41.650002,316475
2015-12-01,41.849998,369509
2015-12-02,39.939999,415537
2015-12-03,41.080002,545289
2015-12-04,39.970001,496884
2015-12-06,null,null
2015-12-07,37.650002,510758
2015-12-08,37.509998,635413
2015-12-09,37.16,767184
2015-12-10,36.759998,646166
2015-12-11,35.619999,513940
2015-12-13,null,null
2015-12-14,36.310001,505406
2015-12-15,37.349998,550476
2015-12-16,35.52,474159
2015-12-17,34.950001,402967
2015-12-18,34.73,196227
2015-12-20,null,null
2015-12-21,34.740002,116038
2015-12-22,36.139999,298080
2015-12-23,37.5,302263
2015-12-24,38.099998,374658
2015-12-27,null,null
2015-12-28,36.810001,205873
2015-12-29,37.869999,220644
2015-12-30,36.599998,241945
2015-12-31,37.040001,267912
2016-01-03,null,null
2016-01-04,36.759998,283623
2016-01-05,35.970001,431985
2016-01-06,33.970001,410131
2016-01-07,33.27,563811
2016-01-08,33.16,617409
2016-01-10,null,null
2016-01-11,31.41,596496
2016-01-12,30.440001,648640
2016-01-13,30.48,627218
2016-01-14,31.200001,637903
2016-01-15,29.42,537906
2016-01-17,null,null
2016-01-18,null,null
2016-01-19,28.459999,329094
2016-01-20,26.549999,188026
2016-01-21,29.530001,690039
2016-01-22,32.189999,694040
2016-01-24,null,null
2016-01-25,30.34,636573
2016-01-26,31.450001,606892
2016-01-27,32.299999,642432
2016-01-28,33.220001,738551
2016-01-29,33.619999,833378
2016-01-31,null,null
2016-02-01,31.620001,618110
2016-02-02,29.879999,595612
2016-02-03,32.279999,602564
2016-02-04,31.719999,811699
2016-02-05,30.889999,696721
2016-02-07,null,null
2016-02-08,29.690001,616531
2016-02-09,27.940001,603646
2016-02-10,27.450001,738219
2016-02-11,26.209999,781280
2016-02-12,29.440001,795965
2016-02-14,null,null
2016-02-15,null,null
2016-02-16,29.040001,675157
2016-02-17,30.66,651956
2016-02-18,30.77,578639
2016-02-19,29.639999,225497
2016-02-21,null,null
2016-02-22,31.48,103202
2016-02-23,31.870001,521016
2016-02-24,32.150002,539379
2016-02-25,33.07,652245
2016-02-26,32.779999,611874
2016-02-28,null,null
2016-02-29,33.75,646294
2016-03-01,34.400002,512468
2016-03-02,34.66,566226
2016-03-03,34.57,597834
2016-03-04,35.919998,512962
2016-03-06,null,null
2016-03-07,37.900002,578290
2016-03-08,36.5,709870
2016-03-09,38.290001,706933
2016-03-10,37.84,740632
2016-03-11,38.5,701435
2016-03-13,null,null
2016-03-14,37.18,564791
2016-03-15,36.34,489938
2016-03-16,38.459999,446100
2016-03-17,40.200001,494174
2016-03-18,39.439999,298013
2016-03-20,null,null
2016-03-21,39.91,130151
2016-03-22,41.450001,479337
2016-03-23,39.790001,463693
2016-03-24,39.459999,492003
2016-03-27,null,null
2016-03-28,39.389999,495168
2016-03-29,38.279999,299775
2016-03-30,38.32,488032
2016-03-31,38.34,542469
2016-04-01,36.790001,532152
2016-04-03,null,null
2016-04-04,35.700001,547190
2016-04-05,35.889999,549477
2016-04-06,37.75,485543
2016-04-07,37.259998,751048
2016-04-08,39.720001,626749
2016-04-10,null,null
2016-04-11,40.360001,817230
2016-04-12,42.169998,679351
2016-04-13,41.759998,796837
2016-04-14,41.5,730437
2016-04-15,40.360001,488614
2016-04-17,null,null
2016-04-18,39.779999,520146
2016-04-19,41.080002,342463
2016-04-20,42.630001,101734
2016-04-21,43.18,796240
2016-04-22,43.73,671103
2016-04-24,null,null
2016-04-25,42.639999,575107
2016-04-26,44.040001,606383
2016-04-27,45.330002,564392
2016-04-28,46.029999,648028
2016-04-29,45.919998,487412
2016-05-01,null,null
2016-05-02,44.779999,598439
2016-05-03,43.650002,464027
2016-05-04,43.779999,625551
2016-05-05,44.32,711125
2016-05-06,44.66,746159
2016-05-08,null,null
2016-05-09,43.439999,695306
2016-05-10,44.66,767568
2016-05-11,46.23,709415
2016-05-12,46.700001,869957
2016-05-13,46.209999,715102
2016-05-15,null,null
2016-05-16,47.720001,519363
2016-05-17,48.310001,550863
2016-05-18,48.189999,470440
2016-05-19,48.16,343184
2016-05-20,47.75,108816
2016-05-22,null,null
2016-05-23,48.080002,538047
2016-05-24,48.619999,475453
2016-05-25,49.560001,475965
2016-05-26,49.48,550501
2016-05-27,49.330002,488465
2016-05-29,null,null
2016-05-31,49.099998,406386
2016-06-01,49.009998,476988
2016-06-02,49.169998,568839
2016-06-03,48.619999,564846
2016-06-05,null,null
2016-06-06,49.689999,481034
2016-06-07,50.360001,450472
2016-06-08,51.23,542254
2016-06-09,50.560001,656416
2016-06-10,49.07,560723
2016-06-12,null,null
2016-06-13,48.880001,596119
2016-06-14,48.490002,506036
2016-06-15,48.009998,456144
2016-06-16,46.209999,527870
2016-06-17,47.98,507910
2016-06-19,null,null
2016-06-20,49.369999,226653
2016-06-21,48.849998,98293
2016-06-22,49.130001,475407
2016-06-23,50.110001,569939
2016-06-24,47.639999,401885
2016-06-26,null,null
2016-06-27,46.330002,649446
2016-06-28,47.849998,504613
2016-06-29,49.880001,498851
2016-06-30,48.330002,511476
2016-07-01,48.990002,508736
2016-07-03,null,null
2016-07-05,46.599998,405187
2016-07-06,47.43,609194
2016-07-07,45.139999,607663
2016-07-08,45.41,710893
2016-07-10,null,null
2016-07-11,44.759998,583078
2016-07-12,46.799999,533657
2016-07-13,44.75,658257
2016-07-14,45.68,686245
2016-07-15,45.950001,573761
2016-07-17,null,null
2016-07-18,45.240002,430256
2016-07-19,44.650002,211393
2016-07-20,44.939999,128127
2016-07-21,44.75,541014
2016-07-22,44.189999,432972
2016-07-24,null,null
2016-07-25,43.130001,428407
2016-07-26,42.919998,389837
2016-07-27,41.919998,461324
2016-07-28,41.139999,537390
2016-07-29,41.599998,447913
2016-07-31,null,null
2016-08-01,40.060001,478763
2016-08-02,39.509998,533020
2016-08-03,40.830002,534512
2016-08-04,41.93,655186
2016-08-05,41.799999,598836
2016-08-07,null,null
2016-08-08,43.02,550189
2016-08-09,42.77,562530
2016-08-10,41.709999,624703
2016-08-11,43.490002,676148
2016-08-12,44.490002,682235
2016-08-14,null,null
2016-08-15,45.740002,536081
2016-08-16,46.580002,522526
2016-08-17,46.790001,550440
2016-08-18,48.220001,563354
2016-08-19,48.52,229277
2016-08-21,null,null
2016-08-22,47.049999,162438
2016-08-23,48.099998,515256
2016-08-24,46.77,623904
2016-08-25,47.330002,603495
2016-08-26,47.639999,458816
2016-08-28,null,null
2016-08-29,46.98,558344
2016-08-30,46.349998,309254
2016-08-31,44.700001,464449
2016-09-01,43.16,549007
2016-09-02,44.439999,605003
2016-09-04,null,null
2016-09-06,44.830002,576915
2016-09-07,45.5,932145
2016-09-08,47.619999,572884
2016-09-09,45.880001,761943
2016-09-11,null,null
2016-09-12,46.290001,688191
2016-09-13,44.900002,745016
2016-09-14,43.580002,657775
2016-09-15,43.91,705861
2016-09-16,43.029999,537185
2016-09-18,null,null
2016-09-19,43.299999,231191
2016-09-20,43.439999,129857
2016-09-21,45.34,694130
2016-09-22,46.32,585987
2016-09-23,44.48,521680
2016-09-25,null,null
2016-09-26,45.93,718395
2016-09-27,44.669998,527119
2016-09-28,47.049999,630757
2016-09-29,47.830002,1008434
2016-09-30,48.240002,702649
2016-10-02,null,null
2016-10-03,48.810001,496515
2016-10-04,48.689999,458021
2016-10-05,49.830002,513710
2016-10-06,50.439999,520070
2016-10-07,49.810001,547915
2016-10-09,null,null
2016-10-11,50.790001,686070
2016-10-12,50.18,765608
2016-10-13,50.439999,533884
2016-10-14,50.349998,740676
2016-10-16,null,null
2016-10-17,49.939999,519431
2016-10-18,50.290001,418723
2016-10-19,51.599998,192803
2016-10-20,50.43,132427
2016-10-21,50.849998,548947
2016-10-23,null,null
2016-10-24,50.52,551300
2016-10-25,49.959999,623398
2016-10-26,49.18,553778
2016-10-27,49.720001,679320
2016-10-28,48.700001,543173
2016-10-30,null,null
2016-10-31,46.860001,550081
2016-11-01,46.669998,649237
2016-11-02,45.34,834989
2016-11-03,44.66,674322
2016-11-04,44.07,540439
2016-11-06,null,null
2016-11-07,44.889999,736685
2016-11-08,44.98,605733
2016-11-09,45.27,669639
2016-11-10,44.66,946512
2016-11-13,null,null
2016-11-14,43.32,631135
2016-11-15,45.810001,704766
2016-11-16,45.57,706177
2016-11-17,45.419998,658169
2016-11-18,45.689999,284874
2016-11-20,null,null
2016-11-21,47.490002,155651
2016-11-22,48.029999,665326
2016-11-23,47.959999,826208
2016-11-25,46.060001,556861
2016-11-27,null,null
2016-11-28,47.080002,465977
2016-11-29,45.23,734381
2016-11-30,49.439999,732818
2016-12-01,51.060001,1311000
2016-12-02,51.68,974805
2016-12-04,null,null
2016-12-05,51.790001,667099
2016-12-06,50.93,600782
2016-12-07,49.77,642746
2016-12-08,50.84,816879
2016-12-09,51.5,780062
2016-12-11,null,null
2016-12-12,52.830002,652040
2016-12-13,52.98,847025
2016-12-14,51.040001,638396
2016-12-15,50.900002,677957
2016-12-16,51.900002,551759
2016-12-18,null,null
2016-12-19,52.119999,252567
2016-12-20,52.23,129990
2016-12-21,52.490002,416592
2016-12-22,52.950001,471993
2016-12-23,53.02,393487
2016-12-25,null,null
2016-12-27,53.900002,285166
2016-12-28,54.060001,277306
2016-12-29,53.77,322535
2016-12-30,53.720001,360194
2017-01-01,null,null
2017-01-03,52.330002,271094
2017-01-04,53.259998,727793
2017-01-05,53.759998,512641
2017-01-06,53.990002,517362
2017-01-08,null,null
2017-01-09,51.959999,528333
2017-01-10,50.82,564893
2017-01-11,52.25,632573
2017-01-12,53.009998,815846
2017-01-13,52.369999,660703
2017-01-15,null,null
2017-01-17,52.48,477986
2017-01-18,51.080002,606023
2017-01-19,51.369999,236238
2017-01-20,52.419998,122593
2017-01-22,null,null
2017-01-23,52.75,567231
2017-01-24,53.18,455333
2017-01-25,52.75,520285
2017-01-26,53.779999,589709
2017-01-27,53.169998,578065
2017-01-29,null,null
2017-01-30,52.630001,495556
2017-01-31,52.810001,486309
2017-02-01,53.880001,586676
2017-02-02,53.540001,577243
2017-02-03,53.830002,492553
2017-02-05,null,null
2017-02-06,53.009998,462616
2017-02-07,52.169998,425085
2017-02-08,52.34,624057
2017-02-09,53,767379
2017-02-10,53.860001,610196
2017-02-12,null,null
2017-02-13,52.93,596449
2017-02-14,53.200001,586034
2017-02-15,53.110001,493022
2017-02-16,53.360001,463638
2017-02-17,53.400002,343363
2017-02-19,null,null
2017-02-21,54.060001,195352
2017-02-22,53.59,665310
2017-02-23,54.450001,499480
2017-02-24,53.990002,529880
2017-02-26,null,null
2017-02-27,54.049999,395258
2017-02-28,54.009998,394380
2017-03-01,53.830002,593909
2017-03-02,52.610001,491289
2017-03-03,53.330002,638390
2017-03-05,null,null
2017-03-06,53.200001,436360
2017-03-07,53.139999,503692
2017-03-08,50.279999,494677
2017-03-09,49.279999,963392
2017-03-10,48.490002,1073506
2017-03-12,null,null
2017-03-13,48.400002,796960
2017-03-14,47.720001,601362
2017-03-15,48.860001,857711
2017-03-16,48.75,655788
2017-03-17,48.779999,516853
2017-03-19,null,null
2017-03-20,48.220001,172340
2017-03-21,47.34,142258
2017-03-22,48.040001,628119
2017-03-23,47.700001,680849
2017-03-24,47.970001,499878
2017-03-26,null,null
2017-03-27,47.73,421027
2017-03-28,48.369999,466176
2017-03-29,49.509998,502377
2017-03-30,50.349998,548615
2017-03-31,50.599998,580668
2017-04-02,null,null
2017-04-03,50.240002,527607
2017-04-04,51.029999,440724
2017-04-05,51.150002,532054
2017-04-06,51.700001,651398
2017-04-07,52.240002,473019
2017-04-09,null,null
2017-04-10,53.080002,796437
2017-04-11,53.400002,565439
2017-04-12,53.110001,598003
2017-04-13,53.18,629805
2017-04-16,null,null
2017-04-17,52.650002,480835
2017-04-18,52.41,326340
2017-04-19,50.439999,202043
2017-04-20,50.27,133173
2017-04-21,49.619999,606263
2017-04-23,null,null
2017-04-24,49.23,687474
2017-04-25,49.560001,517897
2017-04-26,49.619999,587240
2017-04-27,48.970001,655717
2017-04-28,49.330002,771189
2017-04-30,null,null
2017-05-01,48.84,633992
2017-05-02,47.66,364386
2017-05-03,47.82,702375
2017-05-04,45.52,691319
2017-05-05,46.220001,943959
2017-05-07,null,null
2017-05-08,46.43,1021610
2017-05-09,45.880001,785055
2017-05-10,47.330002,701944
2017-05-11,47.830002,819796
2017-05-12,47.84,661783
2017-05-14,null,null
2017-05-15,48.849998,537490
2017-05-16,48.66,687153
2017-05-17,49.07,589212
2017-05-18,49.349998,650107
2017-05-19,50.330002,242754
2017-05-21,null,null
2017-05-22,50.73,146452
2017-05-23,51.470001,564310
2017-05-24,51.360001,584139
2017-05-25,48.900002,736341
2017-05-26,49.799999,1147389
2017-05-28,null,null
2017-05-30,49.66,763920
2017-05-31,48.32,663486
2017-06-01,48.360001,779144
2017-06-02,47.66,774478
2017-06-04,null,null
2017-06-05,47.400002,802662
2017-06-06,48.189999,710199
2017-06-07,45.720001,825056
2017-06-08,45.639999,1182327
2017-06-09,45.830002,927695
2017-06-11,null,null
2017-06-12,46.080002,735933
2017-06-13,46.459999,666765
2017-06-14,44.73,783320
2017-06-15,44.459999,924408
2017-06-16,44.740002,500938
2017-06-18,null,null
2017-06-19,44.200001,191824
2017-06-20,43.23,123943
2017-06-21,42.529999,894104
2017-06-22,42.740002,1071747
2017-06-23,43.009998,668830
2017-06-25,null,null
2017-06-26,43.380001,690906
2017-06-27,44.240002,661354
2017-06-28,44.740002,759115
2017-06-29,44.93,753375
2017-06-30,46.040001,768946
2017-07-02,null,null
2017-07-03,null,null
2017-07-05,45.130001,517621
2017-07-06,45.52,1173581
2017-07-07,44.23,969676
2017-07-09,null,null
2017-07-10,44.400002,975914
2017-07-11,45.040001,848570
2017-07-12,45.490002,1010691
2017-07-13,46.080002,963505
2017-07-14,46.540001,748971
2017-07-16,null,null
2017-07-17,46.02,742895
2017-07-18,46.400002,560633
2017-07-19,47.119999,208420
2017-07-20,46.790001,140677
2017-07-21,45.77,720621
2017-07-23,null,null
2017-07-24,46.34,769438
2017-07-25,47.889999,707910
2017-07-26,48.75,885700
2017-07-27,49.040001,887864
2017-07-28,49.709999,880757
2017-07-30,null,null
2017-07-31,50.169998,771225
2017-08-01,49.16,781539
2017-08-02,49.59,1008583
2017-08-03,49.029999,847722
2017-08-04,49.580002,837763
2017-08-06,null,null
2017-08-07,49.389999,745664
2017-08-08,49.169998,831374
2017-08-09,49.560001,924240
2017-08-10,48.59,858250
2017-08-11,48.82,1135440
2017-08-13,null,null
2017-08-14,47.59,804237
2017-08-15,47.549999,763241
2017-08-16,46.779999,770358
2017-08-17,47.09,815544
2017-08-18,48.509998,608314
2017-08-20,null,null
2017-08-21,47.369999,253069
2017-08-22,47.639999,129192
2017-08-23,48.41,864387
2017-08-24,47.43,701693
2017-08-25,47.869999,831358
2017-08-27,null,null
2017-08-28,46.57,646518
2017-08-29,46.439999,921285
2017-08-30,45.959999,895643
2017-08-31,47.23,895643
2017-09-01,47.290001,882983
2017-09-03,null,null
2017-09-05,48.66,915708
2017-09-06,49.16,742808
2017-09-07,49.09,788963
2017-09-08,47.48,702514
2017-09-10,null,null
2017-09-11,48.07,843760
2017-09-12,48.23,774468
2017-09-13,49.299999,676040
2017-09-14,49.889999,706925
2017-09-15,49.889999,709035
2017-09-17,null,null
2017-09-18,49.91,433597
2017-09-19,49.48,189605
2017-09-20,50.41,143379
2017-09-21,50.549999,754413
2017-09-22,50.66,580569
2017-09-24,null,null
2017-09-25,52.220001,473795
2017-09-26,51.880001,701244
2017-09-27,52.139999,709515
2017-09-28,51.560001,637035
2017-09-29,51.669998,801816
2017-10-01,null,null
2017-10-02,50.580002,551982
2017-10-03,50.419998,600933
2017-10-04,49.98,462735
2017-10-05,50.790001,598836
2017-10-06,49.290001,654385
2017-10-08,null,null
2017-10-09,49.580002,743114
2017-10-10,50.919998,505079
2017-10-11,51.299999,664839
2017-10-12,50.599998,651948
2017-10-13,51.450001,729273
2017-10-15,null,null
2017-10-16,51.869999,667497
2017-10-17,51.880001,520725
2017-10-18,52.040001,471612
2017-10-19,51.290001,152620
2017-10-20,51.470001,127413
2017-10-22,null,null
2017-10-23,51.900002,674142
2017-10-24,52.470001,583563
2017-10-25,52.18,709553
2017-10-26,52.639999,681739
2017-10-27,53.900002,594647
2017-10-29,null,null
2017-10-30,54.150002,730915
2017-10-31,54.380001,565043
2017-11-01,54.299999,497295
2017-11-02,54.540001,671038
2017-11-03,55.639999,482846
2017-11-05,null,null
2017-11-06,57.349998,614159
2017-11-07,57.200001,861713
2017-11-08,56.810001,750187
2017-11-09,57.169998,919147
2017-11-10,56.740002,666949
2017-11-12,null,null
2017-11-13,56.759998,541296
2017-11-14,55.700001,631619
2017-11-15,55.330002,707338
2017-11-16,55.139999,501385
2017-11-17,56.549999,213923
2017-11-19,null,null
2017-11-20,56.09,184944
2017-11-21,56.830002,593241
2017-11-22,58.02,619066
2017-11-24,null,null
2017-11-26,null,null
2017-11-27,58.110001,577826
2017-11-28,57.990002,690078
2017-11-29,57.299999,546526
2017-11-30,57.400002,741564
2017-12-01,58.360001,735128
2017-12-03,null,null
2017-12-04,57.470001,685215
2017-12-05,57.619999,529965
2017-12-06,55.959999,499245
2017-12-07,56.689999,678992
2017-12-08,57.360001,557325
2017-12-10,null,null
2017-12-11,57.990002,681599
2017-12-12,57.139999,606724
2017-12-13,56.599998,826488
2017-12-14,57.040001,658143
2017-12-15,57.299999,580571
2017-12-17,null,null
2017-12-18,57.16,210054
2017-12-19,57.459999,137151
2017-12-20,58.09,420784
2017-12-21,58.360001,420844
2017-12-22,58.470001,405320
2017-12-24,null,null
2017-12-26,59.970001,324554
2017-12-27,59.639999,437785
2017-12-28,59.84,402396
2017-12-29,60.419998,345962
2017-12-31,null,null
2018-01-02,60.369999,464478
2018-01-03,61.630001,510313
2018-01-04,62.009998,673859
2018-01-05,61.439999,654363
2018-01-07,null,null
2018-01-08,61.73,563036
2018-01-09,62.959999,616474
2018-01-10,63.57,844720
2018-01-11,63.799999,697844
2018-01-12,64.300003,876642
2018-01-14,null,null
2018-01-16,63.73,678727
2018-01-17,63.970001,867771
2018-01-18,63.950001,444384
2018-01-19,63.369999,204504
2018-01-21,null,null
2018-01-22,63.490002,142711
2018-01-23,64.470001,625662
2018-01-24,65.610001,662456
2018-01-25,65.510002,887018
2018-01-26,66.139999,771758
2018-01-28,null,null
2018-01-29,65.559998,678186
2018-01-30,64.5,656168
2018-01-31,64.730003,688380
2018-02-01,65.800003,613258
2018-02-02,65.449997,685750
2018-02-04,null,null
2018-02-05,64.150002,857572
2018-02-06,63.389999,891063
2018-02-07,61.790001,797814
2018-02-08,61.150002,1029408
2018-02-09,59.200001,929578
2018-02-11,null,null
2018-02-12,59.290001,933307
2018-02-13,59.189999,736917
2018-02-14,60.599998,580600
2018-02-15,61.34,650324
2018-02-16,61.68,340401
2018-02-18,null,null
2018-02-20,61.900002,181179
2018-02-21,61.68,794481
2018-02-22,62.77,466924
2018-02-23,63.549999,592603
2018-02-25,null,null
2018-02-26,63.91,460597
2018-02-27,63.009998,469853
2018-02-28,61.639999,562670
2018-03-01,60.990002,768409
2018-03-02,61.25,812505
2018-03-04,null,null
2018-03-05,62.57,613514
2018-03-06,62.599998,599266
2018-03-07,61.150002,634953
2018-03-08,60.119999,879119
2018-03-09,62.040001,720510
2018-03-11,null,null
2018-03-12,61.360001,659722
2018-03-13,60.709999,537990
2018-03-14,60.959999,747738
2018-03-15,61.189999,665017
2018-03-16,62.34,430201
2018-03-18,null,null
2018-03-19,62.060001,202493
2018-03-20,63.400002,115962
2018-03-21,65.169998,717709
2018-03-22,64.300003,763768
2018-03-23,65.879997,689172
2018-03-25,null,null
2018-03-26,65.550003,752994
2018-03-27,65.25,585899
2018-03-28,64.379997,670811
2018-03-29,64.940002,697678
2018-04-01,null,null
2018-04-02,63.009998,562819
2018-04-03,63.509998,582742
2018-04-04,63.369999,527289
2018-04-05,63.540001,760596
2018-04-06,62.060001,588597
2018-04-08,null,null
2018-04-09,63.419998,753262
2018-04-10,65.510002,655831
2018-04-11,66.82,840280
2018-04-12,67.07,963017
2018-04-13,67.389999,687468
2018-04-15,null,null
2018-04-16,66.220001,624203
2018-04-17,66.519997,560076
2018-04-18,68.470001,486076
2018-04-19,68.290001,221664
2018-04-20,68.379997,125993
2018-04-22,null,null
2018-04-23,68.639999,724906
2018-04-24,67.699997,740941
2018-04-25,68.050003,832296
2018-04-26,68.190002,764049
2018-04-27,68.099998,660549
2018-04-29,null,null
2018-04-30,68.57,542549
2018-05-01,67.25,755186
2018-05-02,67.93,694771
2018-05-03,68.43,789367
2018-05-04,69.720001,691219
2018-05-06,null,null
2018-05-07,70.730003,690876
2018-05-08,69.059998,758916
2018-05-09,71.139999,1253566
2018-05-10,71.360001,863386
2018-05-11,70.699997,749808
2018-05-13,null,null
2018-05-14,70.959999,634145
2018-05-15,71.309998,592826
2018-05-16,71.489998,815289
2018-05-17,71.489998,574279
2018-05-18,71.279999,562639
2018-05-20,null,null
2018-05-21,72.239998,211785
2018-05-22,72.129997,119892
2018-05-23,71.839996,723458
2018-05-24,70.709999,702791
2018-05-25,67.879997,640725
2018-05-27,null,null
2018-05-29,66.730003,955354
2018-05-30,68.209999,1059750
2018-05-31,67.040001,726886
2018-06-01,65.809998,917563
2018-06-03,null,null
2018-06-04,64.75,781103
2018-06-05,65.519997,696050
2018-06-06,64.730003,714674
2018-06-07,65.949997,708829
2018-06-08,65.739998,675041
2018-06-10,null,null
2018-06-11,66.099998,571224
2018-06-12,66.360001,558281
2018-06-13,66.639999,524411
2018-06-14,66.889999,626398
2018-06-15,65.059998,460168
2018-06-17,null,null
2018-06-18,65.849998,512591
2018-06-19,65.07,218933
2018-06-20,66.220001,122646
2018-06-21,65.540001,801625
2018-06-22,68.580002,760719
2018-06-24,null,null
2018-06-25,68.080002,1136232
2018-06-26,70.529999,816207
2018-06-27,72.760002,848537
2018-06-28,73.449997,775155
2018-06-29,74.150002,717347
2018-07-01,null,null
2018-07-02,73.940002,602399
2018-07-03,null,null
2018-07-05,72.940002,667235
2018-07-06,73.800003,841632
2018-07-08,null,null
2018-07-09,73.849998,611419
2018-07-10,74.110001,533003
2018-07-11,70.379997,586829
2018-07-12,70.330002,861726
2018-07-13,71.010002,707887
2018-07-15,null,null
2018-07-16,68.059998,530277
2018-07-17,68.080002,530480
2018-07-18,68.760002,440727
2018-07-19,69.459999,187313
2018-07-20,70.459999,103220
2018-07-22,null,null
2018-07-23,67.889999,500967
2018-07-24,68.519997,555915
2018-07-25,69.300003,524591
2018-07-26,69.610001,622913
2018-07-27,68.690002,489059
2018-07-29,null,null
2018-07-30,70.129997,460450
2018-07-31,68.760002,463011
2018-08-01,67.660004,519070
2018-08-02,68.959999,576561
2018-08-03,68.489998,531071
2018-08-05,null,null
2018-08-06,69.010002,476615
2018-08-07,69.169998,495605
2018-08-08,66.940002,485027
2018-08-09,66.809998,760313
2018-08-10,67.629997,509401
2018-08-12,null,null
2018-08-13,67.199997,524490
2018-08-14,67.040001,578219
2018-08-15,65.010002,538484
2018-08-16,65.459999,573473
2018-08-17,65.910004,383380
2018-08-19,null,null
2018-08-20,66.43,171403
2018-08-21,67.349998,112709
2018-08-22,67.860001,437164
2018-08-23,67.830002,581899
2018-08-24,68.720001,450690
2018-08-26,null,null
2018-08-27,68.870003,517796
2018-08-28,68.529999,332612
2018-08-29,69.510002,426833
2018-08-30,70.25,497095
2018-08-31,69.800003,445584
2018-09-02,null,null
2018-09-04,69.870003,419739
2018-09-05,68.720001,785981
2018-09-06,67.769997,542104
2018-09-07,67.75,633824
2018-09-09,null,null
2018-09-10,67.540001,530895
2018-09-11,69.25,571174
2018-09-12,70.370003,676869
2018-09-13,68.589996,800543
2018-09-14,68.989998,684937
2018-09-16,null,null
2018-09-17,68.910004,611075
2018-09-18,69.849998,422294
2018-09-19,71.120003,234202
2018-09-20,70.800003,125208
2018-09-21,70.779999,607520
2018-09-23,null,null
2018-09-24,72.080002,855943
2018-09-25,72.279999,576894
2018-09-26,71.57,551280
2018-09-27,72.120003,464463
2018-09-28,73.25,454549
2018-09-30,null,null
2018-10-01,75.300003,544047
2018-10-02,75.230003,601451
2018-10-03,76.410004,463615
2018-10-04,74.330002,698817
2018-10-05,74.339996,687949
2018-10-07,null,null
2018-10-08,74.290001,613218
2018-10-09,74.959999,554938
2018-10-10,73.169998,623537
2018-10-11,70.970001,652737
2018-10-12,71.339996,783962
2018-10-14,null,null
2018-10-15,71.779999,626668
2018-10-16,71.919998,568610
2018-10-17,69.75,535003
2018-10-18,68.650002,651584
2018-10-19,69.120003,215337
2018-10-21,null,null
2018-10-22,69.169998,108311
2018-10-23,66.43,513770
2018-10-24,66.82,853265
2018-10-25,67.330002,775963
2018-10-26,67.589996,573096
2018-10-28,null,null
2018-10-29,67.040001,595211
2018-10-30,66.18,477487
2018-10-31,65.309998,680441
2018-11-01,63.689999,666487
2018-11-02,63.139999,790286
2018-11-04,null,null
2018-11-05,63.099998,708906
2018-11-06,62.209999,609129
2018-11-07,61.669998,761240
2018-11-08,60.669998,866628
2018-11-09,60.189999,764546
2018-11-11,null,null
2018-11-12,59.93,821729
2018-11-13,55.689999,806219
2018-11-14,56.25,1095643
2018-11-15,56.459999,844696
2018-11-16,56.459999,256499
2018-11-18,null,null
2018-11-19,56.759998,159001
2018-11-20,53.43,699684
2018-11-21,54.630001,983120
2018-11-23,null,null
2018-11-25,null,null
2018-11-26,51.630001,1014667
2018-11-27,51.560001,663108
2018-11-28,50.290001,764010
2018-11-29,51.450001,831688
2018-11-30,50.93,812721
2018-12-02,null,null
2018-12-03,52.950001,796714
2018-12-04,53.25,758010
2018-12-06,51.490002,624914
2018-12-07,52.610001,987266
2018-12-09,null,null
2018-12-10,51,987717
2018-12-11,51.650002,733225
2018-12-12,51.150002,665262
2018-12-13,52.580002,730810
2018-12-14,51.200001,733627
2018-12-16,null,null
2018-12-17,49.880001,526839
2018-12-18,46.240002,211257
2018-12-19,47.200001,120101
2018-12-20,45.880001,817721
2018-12-21,45.59,794130
2018-12-23,null,null
2018-12-24,null,null
2018-12-26,46.220001,415859
2018-12-27,44.610001,698408
2018-12-28,45.330002,665590
2018-12-30,null,null
2018-12-31,45.41,564385
2019-01-02,46.540001,476970
2019-01-03,47.09,850480
2019-01-04,47.959999,788718
2019-01-06,null,null
2019-01-07,48.52,817277
2019-01-08,49.779999,819939
2019-01-09,52.360001,765981
2019-01-10,52.59,891922
2019-01-11,51.59,821782
2019-01-13,null,null
2019-01-14,50.509998,812339
2019-01-15,52.110001,791527
2019-01-16,52.310001,664183
2019-01-17,52.07,694182
2019-01-18,53.799999,288560
2019-01-20,null,null
2019-01-22,52.57,193099
2019-01-23,52.619999,951158
2019-01-24,53.130001,702866
2019-01-25,53.689999,714415
2019-01-27,null,null
2019-01-28,51.990002,593385
2019-01-29,53.310001,650667
2019-01-30,54.23,660527
2019-01-31,53.790001,731312
2019-02-01,55.259998,718650
2019-02-03,null,null
2019-02-04,54.560001,689566
2019-02-05,53.66,622472
2019-02-06,54.009998,609756
2019-02-07,52.639999,606720
2019-02-08,52.720001,749010
2019-02-10,null,null
2019-02-11,52.41,621003
2019-02-12,53.099998,750242
2019-02-13,53.900002,708312
2019-02-14,54.41,706552
2019-02-15,55.59,623546
2019-02-17,null,null
2019-02-19,56.09,276907
2019-02-20,56.919998,153728
2019-02-21,56.959999,685111
2019-02-22,57.259998,546202
2019-02-24,null,null
2019-02-25,55.48,513439
2019-02-26,55.5,723012
2019-02-27,56.939999,538919
2019-02-28,57.220001,577227
2019-03-01,55.799999,496678
2019-03-03,null,null
2019-03-04,56.59,684186
2019-03-05,56.560001,549396
2019-03-06,56.220001,538399
2019-03-07,56.66,637677
2019-03-08,56.07,628824
2019-03-10,null,null
2019-03-11,56.790001,747358
2019-03-12,56.869999,597156
2019-03-13,58.259998,652798
2019-03-14,58.610001,610616
2019-03-15,58.52,567604
2019-03-17,null,null
2019-03-18,59.09,507393
2019-03-19,59.029999,157241
2019-03-20,59.830002,114822
2019-03-21,59.98,786342
2019-03-22,59.040001,655380
2019-03-24,null,null
2019-03-25,58.82,738840
2019-03-26,59.939999,705399
2019-03-27,59.41,685988
2019-03-28,59.299999,732150
2019-03-29,60.139999,712209
2019-03-31,null,null
2019-04-01,61.59,705559
2019-04-02,62.580002,670808
2019-04-03,62.459999,793227
2019-04-04,62.099998,799672
2019-04-05,63.080002,684973
2019-04-07,null,null
2019-04-08,64.400002,686862
2019-04-09,63.98,895767
2019-04-10,64.610001,790677
2019-04-11,63.580002,722216
2019-04-12,63.889999,760504
2019-04-14,null,null
2019-04-15,63.400002,625588
2019-04-16,64.050003,555858
2019-04-17,63.759998,547469
2019-04-18,64,235376
2019-04-21,null,null
2019-04-22,65.699997,148238
2019-04-23,66.300003,763527
2019-04-24,65.889999,700598
2019-04-25,65.209999,678386
2019-04-26,63.299999,603001
2019-04-28,null,null
2019-04-29,63.5,1000836
2019-04-30,63.91,654076
2019-05-01,63.599998,750494
2019-05-02,61.810001,676872
2019-05-03,61.939999,914661
2019-05-05,null,null
2019-05-06,62.25,646866
2019-05-07,61.400002,768810
2019-05-08,62.119999,842810
2019-05-09,61.700001,791769
2019-05-10,61.66,769583
2019-05-12,null,null
2019-05-13,61.040001,786494
2019-05-14,61.779999,1003106
2019-05-15,62.02,751668
2019-05-16,62.869999,723001
2019-05-17,62.759998,545679
2019-05-19,null,null
2019-05-20,63.099998,215802
2019-05-21,62.990002,131888
2019-05-22,61.419998,641680
2019-05-23,57.91,766728
2019-05-24,58.630001,1108052
2019-05-26,null,null
2019-05-28,59.139999,758099
2019-05-29,58.810001,1020323
2019-05-30,56.59,1124959
2019-05-31,53.5,842281
2019-06-02,null,null
2019-06-03,53.25,1031488
2019-06-04,53.48,984308
2019-06-05,51.68,831625
2019-06-06,52.59,943186
2019-06-07,53.990002,790067
2019-06-09,null,null
2019-06-10,53.259998,828133
2019-06-11,53.27,687146
2019-06-12,51.139999,642940
2019-06-13,52.279999,786105
2019-06-14,52.509998,945024
2019-06-16,null,null
2019-06-17,51.93,574229
2019-06-18,53.900002,397868
2019-06-19,53.759998,181640
2019-06-20,56.650002,122838
2019-06-21,57.43,854514
2019-06-23,null,null
2019-06-24,57.900002,676047
2019-06-25,57.830002,597164
2019-06-26,59.380001,673140
2019-06-27,59.43,686817
2019-06-28,58.470001,531405
2019-06-30,null,null
2019-07-01,59.09,556101
2019-07-02,56.25,674887
2019-07-03,null,null
2019-07-05,57.509998,600131
2019-07-07,null,null
2019-07-08,57.66,698015
2019-07-09,57.830002,540861
2019-07-10,60.43,551872
2019-07-11,60.200001,690656
2019-07-12,60.209999,573019
2019-07-14,null,null
2019-07-15,59.580002,469029
2019-07-16,57.619999,566818
2019-07-17,56.779999,712540
2019-07-18,55.299999,504432
2019-07-19,55.630001,215361
2019-07-21,null,null
2019-07-22,56.220001,105217
2019-07-23,56.77,619483
2019-07-24,55.880001,521876
2019-07-25,56.02,745248
2019-07-26,56.200001,559282
2019-07-28,null,null
2019-07-29,56.869999,476785
2019-07-30,58.049999,529742
2019-07-31,58.580002,547401
2019-08-01,53.950001,614001
2019-08-02,55.66,886748
2019-08-04,null,null
2019-08-05,54.689999,739810
2019-08-06,53.630001,823844
2019-08-07,51.09,682794
2019-08-08,52.540001,1063214
2019-08-09,54.5,724762
2019-08-11,null,null
2019-08-12,54.93,726386
2019-08-13,57.099998,611027
2019-08-14,55.23,783486
2019-08-15,54.470001,718293
2019-08-16,54.869999,527866
2019-08-18,null,null
2019-08-19,56.209999,168345
2019-08-20,56.34,113571
2019-08-21,55.68,659258
2019-08-22,55.349998,704035
2019-08-23,54.169998,621573
2019-08-25,null,null
2019-08-26,53.639999,807151
2019-08-27,54.93,679022
2019-08-28,55.779999,596624
2019-08-29,56.709999,674048
2019-08-30,55.099998,630760
2019-09-01,null,null
2019-09-03,53.939999,708268
2019-09-04,56.259998,970804
2019-09-05,56.299999,682298
2019-09-06,56.52,712466
2019-09-08,null,null
2019-09-09,57.849998,714294
2019-09-10,57.400002,646993
2019-09-11,55.75,755472
2019-09-12,55.09,858772
2019-09-13,54.849998,845977
2019-09-15,null,null
2019-09-16,62.900002,599470
2019-09-17,59.34,1404916
2019-09-18,58.110001,993237
2019-09-19,58.130001,216961
2019-09-20,58.09,112327
2019-09-22,null,null
2019-09-23,58.639999,576019
2019-09-24,57.290001,526785
2019-09-25,56.490002,591529
2019-09-26,56.41,563550
2019-09-27,55.91,599653
2019-09-29,null,null
2019-09-30,54.07,712966
2019-10-01,53.619999,532522
2019-10-02,52.639999,589176
2019-10-03,52.450001,590306
2019-10-04,52.810001,642466
2019-10-06,null,null
2019-10-07,52.75,541104
2019-10-08,52.630001,549019
2019-10-09,52.59,658324
2019-10-10,53.549999,632666
2019-10-11,54.700001,613944
2019-10-13,null,null
2019-10-14,53.59,467643
2019-10-15,52.810001,467643
2019-10-16,53.360001,511249
2019-10-17,53.93,451643
2019-10-18,53.779999,418422
2019-10-20,null,null
2019-10-21,53.310001,174477
2019-10-22,54.16,95979
2019-10-23,55.970001,506573
2019-10-24,56.23,620202
2019-10-25,56.66,480764
2019-10-27,null,null
2019-10-28,55.810001,445020
2019-10-29,55.540001,437020
2019-10-30,55.060001,521457
2019-10-31,54.18,659328
2019-11-01,56.200001,677419
2019-11-03,null,null
2019-11-04,56.540001,538117
2019-11-05,57.23,580350
2019-11-06,56.349998,435319
2019-11-07,57.150002,623258
2019-11-08,57.240002,678165
2019-11-10,null,null
2019-11-11,56.860001,636941
2019-11-12,56.799999,498981
2019-11-13,57.119999,586568
2019-11-14,56.77,547635
2019-11-15,57.720001,516832
2019-11-17,null,null
2019-11-18,57.049999,375993
2019-11-19,55.209999,159328
2019-11-20,57.110001,121214
2019-11-21,58.580002,674891
2019-11-22,57.77,593533
2019-11-24,null,null
2019-11-25,58.009998,508244
2019-11-26,58.41,420642
2019-11-27,58.110001,443816
2019-11-29,null,null
2019-12-01,null,null
2019-12-02,55.959999,718724
2019-12-03,56.099998,616423
2019-12-04,58.43,560554
2019-12-05,58.43,760541
2019-12-06,59.200001,649461
2019-12-08,null,null
2019-12-09,59.02,679609
2019-12-10,59.240002,511561
2019-12-11,58.759998,566822
2019-12-12,59.18,589650
2019-12-13,60.07,530851
2019-12-15,null,null
2019-12-16,60.209999,512288
2019-12-17,60.939999,347395
2019-12-18,60.93,163744
2019-12-19,61.220001,131071
2019-12-20,60.439999,426341
2019-12-22,null,null
2019-12-23,60.52,552517
2019-12-24,null,null
2019-12-26,61.68,204535
2019-12-27,61.720001,265091
2019-12-29,null,null
2019-12-30,61.68,351899
2019-12-31,61.060001,427149
2020-01-02,61.18,494535
2020-01-03,63.049999,486873
2020-01-05,null,null
2020-01-06,63.27,885861
2020-01-07,62.700001,724236
2020-01-08,59.610001,582649
2020-01-09,59.560001,1205710
2020-01-10,59.040001,750933
2020-01-12,null,null
2020-01-13,58.080002,596186
2020-01-14,58.23,584002
2020-01-15,57.810001,507714
2020-01-16,58.52,433169
2020-01-17,58.540001,182871
2020-01-19,null,null
2020-01-21,58.34,122561
2020-01-22,56.740002,648335
2020-01-23,55.59,620119
2020-01-24,54.189999,703995
2020-01-26,52.639999,1009546
2020-01-27,53.139999,586195
2020-01-28,53.48,712880
2020-01-29,53.330002,633963
2020-01-30,52.139999,624979
2020-01-31,51.560001,720123
2020-02-02,51.009998,568976
2020-02-03,50.110001,827907
2020-02-04,49.610001,876044
2020-02-05,50.75,859357
2020-02-06,50.950001,887946
2020-02-07,50.32,750659
2020-02-09,49.759998,479627
2020-02-10,49.57,768345
2020-02-11,49.939999,715894
2020-02-12,51.169998,725733
2020-02-13,51.419998,795256
2020-02-14,52.049999,745400
2020-02-16,52.18,19935
2020-02-18,52.049999,607343
2020-02-19,53.290001,221774
2020-02-20,53.779999,113683
2020-02-21,53.380001,676179
2020-02-23,52.080002,1339288
2020-02-24,51.43,707555
2020-02-25,49.900002,765515
2020-02-26,48.73,764989
2020-02-27,46.810001,447356482
2020-02-28,47.09,1059301
2020-03-01,44.57,1006074
2020-03-02,44.759998,918575
2020-03-03,46.75,985670
2020-03-04,47.18,724225
2020-03-05,46.779999,683404
2020-03-06,45.900002,1204734
2020-03-08,32.540001,9965471
2020-03-09,41.279999,1693652
2020-03-10,31.129999,997569
2020-03-11,34.360001,824665
2020-03-12,32.98,963502
2020-03-13,32.93,331620435
2020-03-15,30.41,3821877
2020-03-16,31.73,663525
2020-03-17,28.700001,521494
2020-03-18,27.33,912915
2020-03-19,20.83,1079855
2020-03-20,25.91,1092222
2020-03-22,21.540001,3636920
2020-03-23,24.450001,409601397
2020-03-24,24.549999,300012410
2020-03-25,24.309999,290110034
2020-03-26,23.049999,270451784
2020-03-27,21.84,250723427
2020-03-29,20.280001,3327282
2020-03-30,20.48,330406475
2020-03-31,20.280001,291017478
2020-04-01,21.190001,287464316
2020-04-02,24.77,437151540
2020-04-03,29,459935470
2020-04-05,null,null
2020-04-06,26.83,383195654
2020-04-07,26.08,686575
2020-04-08,26.41,281838965
2020-04-09,23.190001,390788314
2020-04-12,23.190001,4891149
2020-04-13,22.92,351557434
2020-04-14,20.860001,278725912
2020-04-15,20.290001,237443066
2020-04-16,19.9,147195040
2020-04-17,18.120001,111353145
2020-04-19,17.040001,343713
2020-04-20,-2.72,72609436
2020-04-21,9.06,1771636
2020-04-22,11.57,1141771
2020-04-23,17.17,360636800
2020-04-24,17.18,269789277
2020-04-26,16.67,967319
2020-04-27,12.34,282967221
2020-04-28,13.4,411961998
2020-04-29,12.34,510049
2020-04-30,15.06,501420
2020-05-01,18.84,368386
2020-05-03,18.610001,1107707
2020-05-04,19.780001,286630
2020-05-05,25.790001,168837572
2020-05-06,23.780001,171213275
2020-05-07,23.59,122681614
2020-05-08,24.629999,77581336
2020-05-10,24.66,347100
2020-05-11,24.51,66964302
2020-05-12,25.23,58446322
2020-05-13,25.690001,46534496