Date,gold,gold vol
2010-05-14,1227.400024,37
2010-05-16,null,null
2010-05-17,1227.699951,99
2010-05-18,1214.300049,49
2010-05-19,1192.599976,73
2010-05-20,1187.800049,75
2010-05-21,1175.699951,297
2010-05-23,null,null
2010-05-24,1193.800049,177
2010-05-25,1197.800049,14
2010-05-26,1213.300049,9
2010-05-27,1211.900024,237497
2010-05-28,1212.199951,109434
2010-05-30,null,null
2010-06-01,1224.800049,12895
2010-06-02,1220.599976,4547
2010-06-03,1208.300049,2799
2010-06-04,1216.199951,1552
2010-06-06,null,null
2010-06-07,1239.300049,1070
2010-06-08,1244,859
2010-06-09,1228.5,763
2010-06-10,1220.800049,446
2010-06-11,1228.900024,488
2010-06-13,null,null
2010-06-14,1223.300049,481
2010-06-15,1233.199951,989
2010-06-16,1229.300049,251
2010-06-17,1247.5,318
2010-06-18,1257.199951,266
2010-06-20,null,null
2010-06-21,1239.699951,130
2010-06-22,1239.900024,219
2010-06-23,1234.099976,172
2010-06-24,1245.5,100
2010-06-25,1255.800049,253
2010-06-27,null,null
2010-06-28,1238.199951,159
2010-06-29,1242,351
2010-06-30,1245.5,417
2010-07-01,1206.300049,73
2010-07-02,1207.400024,50
2010-07-04,null,null
2010-07-06,1194.800049,169
2010-07-07,1198.599976,52
2010-07-08,1195.800049,18
2010-07-09,1209.599976,93
2010-07-11,null,null
2010-07-12,1198.5,22
2010-07-13,1213.300049,45
2010-07-14,1206.800049,53
2010-07-15,1208.099976,54
2010-07-16,1188,32
2010-07-18,null,null
2010-07-19,1181.699951,46
2010-07-20,1191.5,4
2010-07-21,1191.599976,8
2010-07-22,1195.5,24
2010-07-23,1187.699951,79
2010-07-25,null,null
2010-07-26,1183,32
2010-07-27,1158,37
2010-07-28,1160.400024,29
2010-07-29,1168.400024,206828
2010-07-30,1181.699951,54384
2010-08-01,null,null
2010-08-02,1183.400024,5466
2010-08-03,1185.199951,2504
2010-08-04,1193.699951,598
2010-08-05,1197.199951,1068
2010-08-06,1203.400024,214
2010-08-08,null,null
2010-08-09,1200.699951,347
2010-08-10,1196.199951,658
2010-08-11,1197.5,713
2010-08-12,1214.800049,351
2010-08-13,1214.900024,289
2010-08-15,null,null
2010-08-16,1224.5,138
2010-08-17,1226.599976,252
2010-08-18,1229.699951,84
2010-08-19,1233.800049,169
2010-08-20,1227.199951,46
2010-08-22,null,null
2010-08-23,1226.900024,236
2010-08-24,1231.800049,56
2010-08-25,1239.5,300
2010-08-26,1235.400024,298
2010-08-27,1236,104
2010-08-29,null,null
2010-08-30,1237.099976,573
2010-08-31,1248.300049,128
2010-09-01,1246.300049,124
2010-09-02,1251.5,41
2010-09-03,1249.199951,100
2010-09-05,null,null
2010-09-07,1257.300049,3
2010-09-08,1255.599976,7
2010-09-09,1248.900024,27
2010-09-10,1244.5,9
2010-09-12,null,null
2010-09-13,1245.099976,20
2010-09-14,1269.699951,18
2010-09-15,1266.699951,87
2010-09-16,1271.900024,34
2010-09-17,1275.599976,37
2010-09-19,null,null
2010-09-20,1279,54
2010-09-21,1272.400024,27
2010-09-22,1290.199951,56
2010-09-23,1294.300049,17
2010-09-24,1296,45
2010-09-26,null,null
2010-09-27,1296.699951,37
2010-09-28,1306.599976,67
2010-09-29,1308.5,25190
2010-09-30,1307.800049,6745
2010-10-01,1316.099976,579
2010-10-03,null,null
2010-10-04,1315.400024,153
2010-10-05,1338.900024,95
2010-10-06,1346.400024,197
2010-10-07,1333.900024,215
2010-10-08,1344.199951,261
2010-10-10,null,null
2010-10-11,1353.300049,80
2010-10-12,1345.699951,79
2010-10-13,1369.5,112
2010-10-14,1376.699951,251
2010-10-15,1371.099976,106
2010-10-17,null,null
2010-10-18,1371.199951,170
2010-10-19,1335.099976,46
2010-10-20,1343.300049,301
2010-10-21,1324.699951,148
2010-10-22,1324.400024,102
2010-10-24,null,null
2010-10-25,1338.300049,113
2010-10-26,1338,194
2010-10-27,1322.199951,195
2010-10-28,1342.099976,106
2010-10-29,1357.099976,192
2010-10-31,null,null
2010-11-01,1350.199951,74
2010-11-02,1356.400024,40
2010-11-03,1337.099976,17
2010-11-04,1382.699951,135
2010-11-05,1397.300049,109
2010-11-07,null,null
2010-11-08,1402.800049,109
2010-11-09,1409.800049,112
2010-11-10,1399.099976,84
2010-11-11,1403.099976,29
2010-11-12,1365.400024,26
2010-11-14,null,null
2010-11-15,1368.400024,182
2010-11-16,1338.300049,46
2010-11-17,1336.800049,67
2010-11-18,1352.900024,50
2010-11-19,1352.199951,17
2010-11-21,null,null
2010-11-22,1357.699951,7
2010-11-23,1377.5,7
2010-11-24,1372.900024,15
2010-11-26,null,null
2010-11-28,null,null
2010-11-29,1366,138416
2010-11-30,1385,94486
2010-12-01,1387.300049,11370
2010-12-02,1388.5,4759
2010-12-03,1405.400024,1550
2010-12-05,null,null
2010-12-06,1415.300049,2341
2010-12-07,1408.300049,833
2010-12-08,1382.5,866
2010-12-09,1392.099976,1675
2010-12-10,1384.300049,971
2010-12-12,null,null
2010-12-13,1397.300049,457
2010-12-14,1403.599976,193
2010-12-15,1385.5,431
2010-12-16,1370.400024,215
2010-12-17,1378.599976,228
2010-12-19,null,null
2010-12-20,1385.5,102
2010-12-21,1388.199951,125
2010-12-22,1386.800049,113
2010-12-23,1380,58
2010-12-26,null,null
2010-12-27,1382.400024,101
2010-12-28,1405.199951,322
2010-12-29,1413.099976,519
2010-12-30,1405.599976,413
2010-12-31,1421.099976,185
2011-01-02,null,null
2011-01-03,1422.599976,54
2011-01-04,1378.5,28
2011-01-05,1373.400024,122
2011-01-06,1371.400024,175
2011-01-07,1368.5,158
2011-01-09,null,null
2011-01-10,1373.699951,225
2011-01-11,1384,181
2011-01-12,1385.699951,13
2011-01-13,1386.900024,204
2011-01-14,1360.400024,66
2011-01-16,null,null
2011-01-18,1368.099976,252
2011-01-19,1370.199951,106
2011-01-20,1346.5,40
2011-01-21,1341,10
2011-01-23,null,null
2011-01-24,1344.5,20
2011-01-25,1332.300049,2
2011-01-26,1333,394
2011-01-27,1318.400024,4
2011-01-28,1340.699951,210699
2011-01-30,null,null
2011-01-31,1333.800049,73023
2011-02-01,1339.599976,13657
2011-02-02,1331.5,3180
2011-02-03,1352.300049,1363
2011-02-04,1348.300049,1865
2011-02-06,null,null
2011-02-07,1347.599976,591
2011-02-08,1363.400024,1004
2011-02-09,1364.800049,2536
2011-02-10,1361.900024,146
2011-02-11,1359.900024,312
2011-02-13,null,null
2011-02-14,1364.599976,488
2011-02-15,1373.599976,181
2011-02-16,1374.699951,321
2011-02-17,1384.699951,156
2011-02-18,1388.199951,113
2011-02-20,null,null
2011-02-22,1400.5,98
2011-02-23,1413.400024,430
2011-02-24,1415.300049,318
2011-02-25,1408.699951,809
2011-02-27,null,null
2011-02-28,1409.300049,352
2011-03-01,1430.699951,205
2011-03-02,1437.199951,116
2011-03-03,1416,1600
2011-03-04,1428.199951,244
2011-03-06,null,null
2011-03-07,1434.099976,60
2011-03-08,1426.900024,613
2011-03-09,1429.300049,198
2011-03-10,1412.199951,98
2011-03-11,1421.5,23
2011-03-13,null,null
2011-03-14,1424.599976,23
2011-03-15,1392.599976,58
2011-03-16,1396,20
2011-03-17,1404,38
2011-03-18,1415.900024,27
2011-03-20,null,null
2011-03-21,1426.199951,6
2011-03-22,1427.5,43
2011-03-23,1437.900024,85
2011-03-24,1434.800049,19
2011-03-25,1426.099976,27
2011-03-27,null,null
2011-03-28,1419.800049,1
2011-03-29,1416,6
2011-03-30,1423.800049,135792
2011-03-31,1438.900024,47011
2011-04-01,1428.099976,8230
2011-04-03,null,null
2011-04-04,1432.199951,5318
2011-04-05,1451.800049,683
2011-04-06,1457.699951,2609
2011-04-07,1458.5,901
2011-04-08,1473.400024,229
2011-04-10,null,null
2011-04-11,1467.400024,1407
2011-04-12,1452.900024,378
2011-04-13,1454.900024,345
2011-04-14,1471.699951,197
2011-04-15,1485.300049,535
2011-04-17,null,null
2011-04-18,1492.300049,293
2011-04-19,1494.5,650
2011-04-20,1498.300049,168
2011-04-21,1503.199951,386
2011-04-24,null,null
2011-04-25,1508.599976,237
2011-04-26,1503,233
2011-04-27,1516.699951,223
2011-04-28,1530.800049,460
2011-04-29,1556,425
2011-05-01,null,null
2011-05-02,1556.699951,124
2011-05-03,1540.099976,200
2011-05-04,1514.900024,246
2011-05-05,1480.900024,272
2011-05-06,1491.199951,133
2011-05-08,null,null
2011-05-09,1502.900024,144
2011-05-10,1516.599976,44
2011-05-11,1501.099976,13
2011-05-12,1506.599976,30
2011-05-13,1493.400024,11
2011-05-15,null,null
2011-05-16,1490.400024,16
2011-05-17,1479.800049,10
2011-05-18,1495.599976,41
2011-05-19,1492.199951,82
2011-05-20,1508.800049,1
2011-05-22,null,null
2011-05-23,1515.300049,93
2011-05-24,1523.199951,42
2011-05-25,1526.599976,4
2011-05-26,1522.800049,10
2011-05-27,1536.300049,186986
2011-05-29,null,null
2011-05-31,1535.900024,76719
2011-06-01,1542.400024,6152
2011-06-02,1532,2845
2011-06-03,1541.699951,1651
2011-06-05,null,null
2011-06-06,1546.5,1745
2011-06-07,1543.300049,691
2011-06-08,1538.099976,2530
2011-06-09,1542.099976,489
2011-06-10,1528.599976,288
2011-06-12,null,null
2011-06-13,1515,632
2011-06-14,1523.800049,851
2011-06-15,1525.599976,306
2011-06-16,1529.300049,648
2011-06-17,1538.599976,164
2011-06-19,null,null
2011-06-20,1541.5,72
2011-06-21,1546,99
2011-06-22,1552.900024,125
2011-06-23,1520.099976,222
2011-06-24,1500.5,300
2011-06-26,null,null
2011-06-27,1496,257
2011-06-28,1499.699951,140
2011-06-29,1509.900024,508
2011-06-30,1502.300049,395
2011-07-01,1482.300049,69
2011-07-03,null,null
2011-07-05,1512.300049,66
2011-07-06,1528.699951,199
2011-07-07,1530.199951,71
2011-07-08,1541.199951,55
2011-07-10,null,null
2011-07-11,1548.800049,3
2011-07-12,1561.900024,14
2011-07-13,1585.199951,8
2011-07-14,1589,29
2011-07-15,1589.800049,19
2011-07-17,null,null
2011-07-18,1602.099976,8
2011-07-19,1600.900024,13
2011-07-20,1596.699951,63
2011-07-21,1586.800049,9
2011-07-22,1601.300049,24
2011-07-24,null,null
2011-07-25,1612,12
2011-07-26,1616.599976,67
2011-07-27,1615,28
2011-07-28,1613.400024,232220
2011-07-29,1628.300049,70263
2011-07-31,null,null
2011-08-01,1619,6761
2011-08-02,1641.900024,2889
2011-08-03,1663.400024,2440
2011-08-04,1656.199951,2024
2011-08-05,1648.800049,1952
2011-08-07,null,null
2011-08-08,1710.199951,825
2011-08-09,1740,1885
2011-08-10,1781.300049,1861
2011-08-11,1748.800049,969
2011-08-12,1740.199951,1503
2011-08-14,null,null
2011-08-15,1755.5,1166
2011-08-16,1782.400024,976
2011-08-17,1791.199951,278
2011-08-18,1818.900024,231
2011-08-19,1848.900024,868
2011-08-21,null,null
2011-08-22,1888.699951,328
2011-08-23,1858.300049,1106
2011-08-24,1754.099976,458
2011-08-25,1759.800049,992
2011-08-26,1794.099976,864
2011-08-28,null,null
2011-08-29,1788.400024,270
2011-08-30,1826.699951,828
2011-08-31,1828.5,598
2011-09-01,1826,336
2011-09-02,1873.699951,263
2011-09-04,null,null
2011-09-06,1869.900024,442
2011-09-07,1814.199951,536
2011-09-08,1854.400024,470
2011-09-09,1856.400024,142
2011-09-11,null,null
2011-09-12,1809.900024,188
2011-09-13,1826.800049,245
2011-09-14,1823.5,52
2011-09-15,1778.5,156
2011-09-16,1812.099976,80
2011-09-18,null,null
2011-09-19,1776.400024,111
2011-09-20,1806.599976,13
2011-09-21,1805.5,86
2011-09-22,1739.199951,22
2011-09-23,1637.5,23
2011-09-25,null,null
2011-09-26,1592.5,81
2011-09-27,1650.599976,151
2011-09-28,1616.300049,47
2011-09-29,1615.5,21275
2011-09-30,1620.400024,7181
2011-10-02,null,null
2011-10-03,1656,284
2011-10-04,1614.699951,101
2011-10-05,1640.300049,159
2011-10-06,1651.900024,114
2011-10-07,1634.5,38
2011-10-09,null,null
2011-10-10,1669.599976,66
2011-10-11,1659.699951,61
2011-10-12,1681.300049,151
2011-10-13,1667.300049,37
2011-10-14,1681.800049,148
2011-10-16,null,null
2011-10-17,1675.5,51
2011-10-18,1651.699951,41
2011-10-19,1646,85
2011-10-20,1611.900024,22
2011-10-21,1635.099976,92
2011-10-23,null,null
2011-10-24,1651.5,32
2011-10-25,1699.599976,313
2011-10-26,1722.699951,355
2011-10-27,1746.699951,135
2011-10-28,1746.199951,494
2011-10-30,null,null
2011-10-31,1724.199951,158
2011-11-01,1711,62
2011-11-02,1728.699951,246
2011-11-03,1764.199951,294
2011-11-04,1755.300049,290
2011-11-06,null,null
2011-11-07,1790.300049,47
2011-11-08,1798.400024,35
2011-11-09,1790.900024,14
2011-11-10,1758.900024,6
2011-11-11,1787.5,16
2011-11-13,null,null
2011-11-14,1777.800049,28
2011-11-15,1781.699951,24
2011-11-16,1773.800049,18
2011-11-17,1719.800049,65
2011-11-18,1724.699951,54
2011-11-20,null,null
2011-11-21,1678.300049,14
2011-11-22,1702.199951,9
2011-11-23,1695.699951,13
2011-11-25,null,null
2011-11-27,null,null
2011-11-28,1710.800049,28
2011-11-29,1713.400024,175525
2011-11-30,1745.5,64786
2011-12-01,1735.300049,15463
2011-12-02,1747,1350
2011-12-04,null,null
2011-12-05,1730.699951,1067
2011-12-06,1727.900024,756
2011-12-07,1740.900024,648
2011-12-08,1709.800049,300
2011-12-09,1712.800049,942
2011-12-11,null,null
2011-12-12,1664.199951,568
2011-12-13,1659.900024,894
2011-12-14,1584.300049,274
2011-12-15,1574.599976,890
2011-12-16,1595.599976,589
2011-12-18,null,null
2011-12-19,1594.400024,57
2011-12-20,1615.599976,92
2011-12-21,1611.900024,215
2011-12-22,1608.900024,38
2011-12-23,1604.699951,599
2011-12-25,null,null
2011-12-27,1594.199951,62
2011-12-28,1562.900024,52
2011-12-29,1539.900024,763
2011-12-30,1565.800049,866
2012-01-01,null,null
2012-01-03,1599.699951,289
2012-01-04,1611.900024,229
2012-01-05,1619.400024,172
2012-01-06,1616.099976,362
2012-01-08,null,null
2012-01-09,1607.5,20
2012-01-10,1631,8
2012-01-11,1639.199951,47
2012-01-12,1647.300049,65
2012-01-13,1630.400024,84
2012-01-15,null,null
2012-01-17,1655.199951,368
2012-01-18,1659.5,16
2012-01-19,1654.099976,11
2012-01-20,1663.699951,58
2012-01-22,null,null
2012-01-23,1678,8
2012-01-24,1664.199951,10
2012-01-25,1699.800049,5
2012-01-26,1726.300049,239
2012-01-27,1731.800049,16
2012-01-29,null,null
2012-01-30,1731,175023
2012-01-31,1737.800049,53427
2012-02-01,1747.099976,7540
2012-02-02,1756.800049,2027
2012-02-03,1737.900024,2062
2012-02-05,null,null
2012-02-06,1722.800049,543
2012-02-07,1746.400024,726
2012-02-08,1729.300049,272
2012-02-09,1739,955
2012-02-10,1723.300049,119
2012-02-12,null,null
2012-02-13,1723,248
2012-02-14,1715.900024,104
2012-02-15,1726.300049,94
2012-02-16,1726.800049,110
2012-02-17,1724.5,38
2012-02-19,null,null
2012-02-21,1757.099976,80
2012-02-22,1770,115
2012-02-23,1784.900024,161
2012-02-24,1775.099976,298
2012-02-26,null,null
2012-02-27,1773.599976,129
2012-02-28,1787,841
2012-02-29,1709.900024,306
2012-03-01,1721.099976,359
2012-03-02,1708.800049,214
2012-03-04,null,null
2012-03-05,1703,135
2012-03-06,1671.400024,421
2012-03-07,1683.300049,176
2012-03-08,1698.099976,39
2012-03-09,1710.900024,301
2012-03-11,null,null
2012-03-12,1699.199951,73
2012-03-13,1693.699951,98
2012-03-14,1642.5,47
2012-03-15,1659.099976,201
2012-03-16,1655.5,405
2012-03-18,null,null
2012-03-19,1666.900024,317
2012-03-20,1646.699951,462
2012-03-21,1650,250
2012-03-22,1642.300049,546
2012-03-23,1662.300049,321
2012-03-25,null,null
2012-03-26,1685.5,76
2012-03-27,1684.800049,84
2012-03-28,1657.900024,100
2012-03-29,1652.199951,193107
2012-03-30,1669.300049,47342
2012-04-01,null,null
2012-04-02,1677.5,9825
2012-04-03,1670,2531
2012-04-04,1612.300049,1165
2012-04-05,1628.5,1122
2012-04-08,null,null
2012-04-09,1642.5,289
2012-04-10,1659.5,158
2012-04-11,1659,350
2012-04-12,1679.5,426
2012-04-13,1659.099976,1309
2012-04-15,null,null
2012-04-16,1648.699951,220
2012-04-17,1650.300049,717
2012-04-18,1638.800049,69
2012-04-19,1640.599976,273
2012-04-20,1642.099976,77
2012-04-22,null,null
2012-04-23,1631.900024,54
2012-04-24,1643,226
2012-04-25,1641.400024,123
2012-04-26,1659.599976,82
2012-04-27,1664,280
2012-04-29,null,null
2012-04-30,1663.400024,236
2012-05-01,1661.699951,36
2012-05-02,1653.400024,25
2012-05-03,1634.199951,50
2012-05-04,1644.699951,78
2012-05-06,null,null
2012-05-07,1638.599976,68
2012-05-08,1604,21
2012-05-09,1593.699951,154
2012-05-10,1595.099976,30
2012-05-11,1583.599976,6
2012-05-13,null,null
2012-05-14,1560.599976,6
2012-05-15,1556.800049,5
2012-05-16,1536.199951,28
2012-05-17,1574.5,26
2012-05-18,1591.599976,51
2012-05-20,null,null
2012-05-21,1588.400024,26
2012-05-22,1576.300049,32
2012-05-23,1548.099976,27
2012-05-24,1557.300049,6
2012-05-25,1568.800049,23
2012-05-27,null,null
2012-05-29,1548.599976,7
2012-05-30,1563.400024,259050
2012-05-31,1562.599976,79887
2012-06-01,1620.5,5901
2012-06-03,null,null
2012-06-04,1612.199951,2820
2012-06-05,1615.199951,2134
2012-06-06,1632.800049,604
2012-06-07,1586.599976,419
2012-06-08,1590.099976,1200
2012-06-10,null,null
2012-06-11,1595.5,157
2012-06-12,1612.699951,129
2012-06-13,1618.099976,523
2012-06-14,1618.400024,655
2012-06-15,1627,493
2012-06-17,null,null
2012-06-18,1625.699951,1015
2012-06-19,1622.199951,246
2012-06-20,1614.800049,32
2012-06-21,1564.5,140
2012-06-22,1566,29
2012-06-24,null,null
2012-06-25,1587.5,16
2012-06-26,1574,32
2012-06-27,1577.5,104
2012-06-28,1549.699951,220
2012-06-29,1603.5,133
2012-07-01,null,null
2012-07-02,1597.199951,61
2012-07-03,null,null
2012-07-05,1608.900024,44
2012-07-06,1578.400024,27
2012-07-08,null,null
2012-07-09,1588.599976,15
2012-07-10,1579.300049,5
2012-07-11,1575.199951,12
2012-07-12,1564.900024,12
2012-07-13,1591.599976,44
2012-07-15,null,null
2012-07-16,1591.199951,26
2012-07-17,1589.099976,7
2012-07-18,1570.400024,27
2012-07-19,1580.099976,30
2012-07-20,1582.5,60
2012-07-22,null,null
2012-07-23,1577.099976,5
2012-07-24,1576,4
2012-07-25,1608,9
2012-07-26,1615,12
2012-07-27,1617.900024,7
2012-07-29,null,null
2012-07-30,1619.699951,197976
2012-07-31,1610.5,52890
2012-08-01,1603.699951,6281
2012-08-02,1587.400024,3530
2012-08-03,1606,933
2012-08-05,null,null
2012-08-06,1612.900024,676
2012-08-07,1609.699951,662
2012-08-08,1612.900024,449
2012-08-09,1617.099976,341
2012-08-10,1619.699951,433
2012-08-12,null,null
2012-08-13,1609.599976,1219
2012-08-14,1599.400024,402
2012-08-15,1603.699951,910
2012-08-16,1616.099976,280
2012-08-17,1616.300049,199
2012-08-19,null,null
2012-08-20,1620.099976,249
2012-08-21,1639.900024,68
2012-08-22,1637.400024,258
2012-08-23,1669.599976,37
2012-08-24,1669.800049,141
2012-08-26,null,null
2012-08-27,1672.400024,24
2012-08-28,1666.5,42
2012-08-29,1659.800049,51
2012-08-30,1653.5,403
2012-08-31,1684.599976,418
2012-09-02,null,null
2012-09-04,1692.900024,58
2012-09-05,1690.800049,43
2012-09-06,1702.599976,82
2012-09-07,1737.5,39
2012-09-09,null,null
2012-09-10,1728.699951,109
2012-09-11,1731.800049,14
2012-09-12,1730.599976,2
2012-09-13,1769.099976,15
2012-09-14,1769.800049,33
2012-09-16,null,null
2012-09-17,1767.699951,25
2012-09-18,1768.400024,54
2012-09-19,1769,13
2012-09-20,1767.699951,27
2012-09-21,1775.5,17
2012-09-23,null,null
2012-09-24,1762.099976,10
2012-09-25,1763.800049,4
2012-09-26,1750.599976,5
2012-09-27,1777.599976,15237
2012-09-28,1771.099976,6989
2012-09-30,null,null
2012-10-01,1780.5,2839
2012-10-02,1772.699951,816
2012-10-03,1777.300049,94
2012-10-04,1794.099976,134
2012-10-05,1778.599976,199
2012-10-07,null,null
2012-10-08,1773.5,257
2012-10-09,1763,33
2012-10-10,1763.199951,24
2012-10-11,1768.800049,29
2012-10-12,1758,30
2012-10-14,null,null
2012-10-15,1736,84
2012-10-16,1744.699951,108
2012-10-17,1751.5,15
2012-10-18,1743.300049,36
2012-10-19,1722.800049,27
2012-10-21,null,null
2012-10-22,1725.099976,70
2012-10-23,1708.300049,12
2012-10-24,1700.5,75
2012-10-25,1712,27
2012-10-26,1710.900024,33
2012-10-28,null,null
2012-10-31,1717.5,370
2012-11-01,1714.099976,64
2012-11-02,1674.099976,24
2012-11-04,null,null
2012-11-05,1682.199951,50
2012-11-06,1714.099976,7
2012-11-07,1713.199951,47
2012-11-08,1725.400024,42
2012-11-09,1730.300049,34
2012-11-11,null,null
2012-11-12,1730.300049,6
2012-11-13,1724.199951,6
2012-11-14,1729.5,12
2012-11-15,1713.300049,11
2012-11-16,1714.300049,10
2012-11-18,null,null
2012-11-19,1734,16
2012-11-20,1723.199951,4
2012-11-21,1727.900024,21
2012-11-23,null,null
2012-11-25,null,null
2012-11-26,1749.5,8
2012-11-27,1742.199951,24
2012-11-28,1716.5,7
2012-11-29,1727.199951,276136
2012-11-30,1710.900024,65599
2012-12-02,null,null
2012-12-03,1719.599976,3690
2012-12-04,1694.400024,1238
2012-12-05,1692.400024,1428
2012-12-06,1700.300049,1262
2012-12-07,1704,525
2012-12-09,null,null
2012-12-10,1713,169
2012-12-11,1708.199951,88
2012-12-12,1716.599976,88
2012-12-13,1695.599976,195
2012-12-14,1695.800049,240
2012-12-16,null,null
2012-12-17,1697,72
2012-12-18,1669.5,65
2012-12-19,1666.5,501
2012-12-20,1644.900024,76
2012-12-21,1659.099976,158
2012-12-23,null,null
2012-12-24,null,null
2012-12-26,1659.800049,73
2012-12-27,1662.599976,73
2012-12-28,1654.900024,446
2012-12-30,null,null
2012-12-31,1674.800049,197
2013-01-02,1687.900024,89
2013-01-03,1673.699951,35
2013-01-04,1648.099976,140
2013-01-06,null,null
2013-01-07,1645.5,199
2013-01-08,1661.5,49
2013-01-09,1654.800049,17
2013-01-10,1677.300049,9
2013-01-11,1660,9
2013-01-13,null,null
2013-01-14,1668.900024,147
2013-01-15,1683.400024,10
2013-01-16,1682.699951,20
2013-01-17,1690.400024,11
2013-01-18,1686.599976,81
2013-01-20,null,null
2013-01-22,1692.800049,14
2013-01-23,1686.300049,15
2013-01-24,1669.5,28
2013-01-25,1656.400024,13
2013-01-27,null,null
2013-01-28,1652.400024,44
2013-01-29,1660.699951,82
2013-01-30,1679.900024,145863
2013-01-31,1660.599976,44893
2013-02-01,1669.400024,6044
2013-02-03,null,null
2013-02-04,1675.300049,3250
2013-02-05,1672.400024,450
2013-02-06,1677.699951,353
2013-02-07,1670.400024,376
2013-02-08,1666,475
2013-02-10,null,null
2013-02-11,1648.199951,289
2013-02-12,1648.699951,868
2013-02-13,1644.199951,85
2013-02-14,1634.699951,236
2013-02-15,1608.800049,219
2013-02-17,null,null
2013-02-19,1603.599976,460
2013-02-20,1577.599976,272
2013-02-21,1578.199951,278
2013-02-22,1572.400024,2019
2013-02-24,null,null
2013-02-25,1586.199951,76
2013-02-26,1615.199951,118
2013-02-27,1595.199951,1158
2013-02-28,1577.699951,700
2013-03-01,1571.900024,102
2013-03-03,null,null
2013-03-04,1572.099976,68
2013-03-05,1574.599976,64
2013-03-06,1574.599976,65
2013-03-07,1574.800049,106
2013-03-08,1576.599976,52
2013-03-10,null,null
2013-03-11,1577.800049,68
2013-03-12,1591.5,1115
2013-03-13,1588.300049,159
2013-03-14,1590.599976,396
2013-03-15,1592.5,137
2013-03-17,null,null
2013-03-18,1604.599976,11
2013-03-19,1611.300049,613
2013-03-20,1607.5,202
2013-03-21,1613.800049,5
2013-03-22,1606.199951,7
2013-03-24,null,null
2013-03-25,1604.599976,101
2013-03-26,1595.800049,27
2013-03-27,1606.199951,165484
2013-03-28,1594.800049,50450
2013-03-29,null,null
2013-03-31,null,null
2013-04-01,1600,4717
2013-04-02,1575.099976,688
2013-04-03,1552.800049,2289
2013-04-04,1551.800049,2171
2013-04-05,1575.400024,829
2013-04-07,null,null
2013-04-08,1572,1184
2013-04-09,1586.199951,101
2013-04-10,1558.300049,215
2013-04-11,1564.300049,359
2013-04-12,1501,1070
2013-04-14,null,null
2013-04-15,1360.599976,881
2013-04-16,1386.800049,1309
2013-04-17,1382.199951,619
2013-04-18,1392,92
2013-04-19,1395.300049,57
2013-04-21,null,null
2013-04-22,1421,241
2013-04-23,1408.599976,70
2013-04-24,1423.400024,334
2013-04-25,1461.800049,138
2013-04-26,1453.599976,222
2013-04-28,null,null
2013-04-29,1467.400024,976
2013-04-30,1472.199951,269
2013-05-01,1446.300049,534
2013-05-02,1467.699951,131
2013-05-03,1464.300049,244
2013-05-05,null,null
2013-05-06,1468.099976,68
2013-05-07,1449,33
2013-05-08,1473.900024,91
2013-05-09,1468.800049,81
2013-05-10,1436.800049,27
2013-05-12,null,null
2013-05-13,1434.5,569
2013-05-14,1424.699951,344
2013-05-15,1396.5,72
2013-05-16,1387.099976,364
2013-05-17,1364.900024,38
2013-05-19,null,null
2013-05-20,1384.300049,50
2013-05-21,1377.800049,21
2013-05-22,1367.599976,51
2013-05-23,1392,14
2013-05-24,1386.800049,58
2013-05-26,null,null
2013-05-28,1379.099976,2
2013-05-29,1391.300049,55
2013-05-30,1411.5,168665
2013-05-31,1392.599976,45133
2013-06-02,null,null
2013-06-03,1411.699951,5997
2013-06-04,1397.099976,1420
2013-06-05,1398.400024,930
2013-06-06,1415.699951,1687
2013-06-07,1383,782
2013-06-09,null,null
2013-06-10,1386.199951,1163
2013-06-11,1377,367
2013-06-12,1391.800049,482
2013-06-13,1377.599976,514
2013-06-14,1387.300049,458
2013-06-16,null,null
2013-06-17,1382.800049,90
2013-06-18,1366.599976,114
2013-06-19,1373.599976,346
2013-06-20,1285.900024,198
2013-06-21,1291.599976,712
2013-06-23,null,null
2013-06-24,1276.800049,456
2013-06-25,1274.800049,321
2013-06-26,1229.599976,953
2013-06-27,1211.400024,981
2013-06-28,1223.800049,533
2013-06-30,null,null
2013-07-01,1255.900024,232
2013-07-02,1243.599976,150
2013-07-03,null,null
2013-07-05,1212.900024,19
2013-07-07,null,null
2013-07-08,1234.900024,72
2013-07-09,1245.900024,58
2013-07-10,1247.400024,33
2013-07-11,1280.099976,58
2013-07-12,1277.800049,18
2013-07-14,null,null
2013-07-15,1283.800049,6
2013-07-16,1290.800049,19
2013-07-17,1277.900024,13
2013-07-18,1284.599976,11
2013-07-19,1293.300049,26
2013-07-21,null,null
2013-07-22,1336.400024,9
2013-07-23,1335.099976,18
2013-07-24,1319.699951,10
2013-07-25,1329,42
2013-07-26,1321.699951,55
2013-07-28,null,null
2013-07-29,1328.400024,66
2013-07-30,1324,134359
2013-07-31,1312.400024,44769
2013-08-01,1311,6252
2013-08-02,1310.599976,1562
2013-08-04,null,null
2013-08-05,1302.599976,1451
2013-08-06,1283.199951,904
2013-08-07,1286.099976,1314
2013-08-08,1310.699951,989
2013-08-09,1312.900024,482
2013-08-11,null,null
2013-08-12,1334.699951,449
2013-08-13,1321.199951,312
2013-08-14,1334,209
2013-08-15,1361.599976,333
2013-08-16,1371.699951,235
2013-08-18,null,null
2013-08-19,1366.199951,175
2013-08-20,1373.099976,139
2013-08-21,1370.599976,123
2013-08-22,1371.199951,109
2013-08-23,1395.699951,79
2013-08-25,null,null
2013-08-26,1393,178
2013-08-27,1420.599976,203
2013-08-28,1419,397
2013-08-29,1412.900024,489
2013-08-30,1396.099976,375
2013-09-01,null,null
2013-09-03,1412,0
2013-09-04,1389.900024,139
2013-09-05,1373.099976,104
2013-09-06,1386.699951,37
2013-09-08,null,null
2013-09-09,1386.800049,52
2013-09-10,1364.099976,44
2013-09-11,1363.900024,21
2013-09-12,1330.400024,60
2013-09-13,1308.400024,120
2013-09-15,null,null
2013-09-16,1317.900024,38
2013-09-17,1309.5,107
2013-09-18,1307.800049,24
2013-09-19,1369.400024,29
2013-09-20,1332.5,35
2013-09-22,null,null
2013-09-23,1326.900024,2
2013-09-24,1316,78
2013-09-25,1335.900024,61
2013-09-26,1323.599976,51
2013-09-27,1338.400024,13170
2013-09-29,null,null
2013-09-30,1326.5,2990
2013-10-01,1286,597
2013-10-02,1320.599976,815
2013-10-03,1317.400024,152
2013-10-04,1309.699951,217
2013-10-06,null,null
2013-10-07,1324.800049,38
2013-10-08,1324.199951,84
2013-10-09,1306.900024,57
2013-10-10,1296.599976,140
2013-10-11,1268,89
2013-10-13,null,null
2013-10-14,1276.400024,210
2013-10-15,1273,61
2013-10-16,1282,208
2013-10-17,1322.699951,86
2013-10-18,1314.400024,72
2013-10-20,null,null
2013-10-21,1315.699951,65
2013-10-22,1342.5,23
2013-10-23,1333.900024,55
2013-10-24,1350.199951,13
2013-10-25,1352.400024,18
2013-10-27,null,null
2013-10-28,1352,23
2013-10-29,1345.199951,23
2013-10-30,1349,168
2013-10-31,1323.599976,44
2013-11-01,1313.099976,62
2013-11-03,null,null
2013-11-04,1314.599976,21
2013-11-05,1308,39
2013-11-06,1317.699951,98
2013-11-07,1308.400024,11
2013-11-08,1284.5,129
2013-11-10,null,null
2013-11-11,1281,22
2013-11-12,1271.099976,5
2013-11-13,1268.300049,3
2013-11-14,1286.199951,17
2013-11-15,1287.300049,29
2013-11-17,null,null
2013-11-18,1272.199951,16
2013-11-19,1273.400024,10
2013-11-20,1257.900024,10
2013-11-21,1243.5,120
2013-11-22,1244,90
2013-11-24,null,null
2013-11-25,1241.099976,77
2013-11-26,1241.400024,19
2013-11-27,1237.800049,178417
2013-11-29,null,null
2013-12-01,null,null
2013-12-02,1222.300049,9203
2013-12-03,1221.699951,4979
2013-12-04,1248.199951,1932
2013-12-05,1233.199951,1823
2013-12-06,1230.300049,446
2013-12-08,null,null
2013-12-09,1235.300049,1032
2013-12-10,1262.400024,352
2013-12-11,1258.5,882
2013-12-12,1226,147
2013-12-13,1235.699951,609
2013-12-15,null,null
2013-12-16,1245.5,446
2013-12-17,1231.199951,242
2013-12-18,1236.099976,22
2013-12-19,1195,114
2013-12-20,1205.099976,124
2013-12-22,null,null
2013-12-23,1198.400024,204
2013-12-24,null,null
2013-12-26,1214.099976,184
2013-12-27,1216.099976,140
2013-12-29,null,null
2013-12-30,1203.099976,278
2013-12-31,1201.900024,351
2014-01-02,1225,124
2014-01-03,1238.400024,209
2014-01-05,null,null
2014-01-06,1237.800049,142
2014-01-07,1229.400024,127
2014-01-08,1225.300049,73
2014-01-09,1229.300049,189
2014-01-10,1246.699951,7
2014-01-12,null,null
2014-01-13,1250.900024,58
2014-01-14,1245.199951,46
2014-01-15,1238.099976,37
2014-01-16,1240,68
2014-01-17,1251.699951,48
2014-01-19,null,null
2014-01-21,1242.300049,101
2014-01-22,1239,224
2014-01-23,1262.599976,58
2014-01-24,1264.5,40
2014-01-26,null,null
2014-01-27,1263.599976,38
2014-01-28,1251,92
2014-01-29,1262.199951,20
2014-01-30,1242.199951,137028
2014-01-31,1240.099976,45276
2014-02-02,null,null
2014-02-03,1260.400024,5820
2014-02-04,1251.699951,2914
2014-02-05,1257.300049,1745
2014-02-06,1257.599976,1616
2014-02-07,1263.300049,274
2014-02-09,null,null
2014-02-10,1274.800049,436
2014-02-11,1290.099976,742
2014-02-12,1295.300049,562
2014-02-13,1300.400024,140
2014-02-14,1319,877
2014-02-16,null,null
2014-02-18,1324.699951,308
2014-02-19,1320.599976,373
2014-02-20,1317.099976,193
2014-02-21,1323.900024,116
2014-02-23,null,null
2014-02-24,1338.300049,171
2014-02-25,1343,93
2014-02-26,1328.199951,290
2014-02-27,1331.599976,485
2014-02-28,1321.400024,369
2014-03-02,null,null
2014-03-03,1350.099976,239
2014-03-04,1337.800049,232
2014-03-05,1340.199951,80
2014-03-06,1351.699951,32
2014-03-07,1338.099976,59
2014-03-09,null,null
2014-03-10,1341.400024,97
2014-03-11,1346.5,97
2014-03-12,1370.300049,53
2014-03-13,1372.199951,58
2014-03-14,1379,23
2014-03-16,null,null
2014-03-17,1372.900024,91
2014-03-18,1359,29
2014-03-19,1341.400024,35
2014-03-20,1330.5,57
2014-03-21,1336,72
2014-03-23,null,null
2014-03-24,1311.199951,3
2014-03-25,1311.400024,103
2014-03-26,1303.400024,46
2014-03-27,1294.699951,4
2014-03-28,1293.800049,185016
2014-03-30,null,null
2014-03-31,1283.400024,65486
2014-04-01,1279.599976,4121
2014-04-02,1290.5,884
2014-04-03,1284.400024,1099
2014-04-04,1303.199951,775
2014-04-06,null,null
2014-04-07,1298,976
2014-04-08,1308.699951,361
2014-04-09,1305.5,264
2014-04-10,1320.099976,191
2014-04-11,1318.699951,127
2014-04-13,null,null
2014-04-14,1327.199951,76
2014-04-15,1300,328
2014-04-16,1303.099976,238
2014-04-17,1293.400024,177
2014-04-20,null,null
2014-04-21,1288,124
2014-04-22,1280.599976,100
2014-04-23,1284.199951,100
2014-04-24,1290.5,176
2014-04-25,1300.699951,522
2014-04-27,null,null
2014-04-28,1298.900024,274
2014-04-29,1296,388
2014-04-30,1295.599976,904
2014-05-01,1283.099976,181
2014-05-02,1302.599976,25
2014-05-04,null,null
2014-05-05,1309,90
2014-05-06,1308.300049,31
2014-05-07,1288.599976,14
2014-05-08,1287.400024,21
2014-05-09,1287.300049,65
2014-05-11,null,null
2014-05-12,1295.599976,3
2014-05-13,1294.599976,19
2014-05-14,1305.699951,20
2014-05-15,1293.5,25
2014-05-16,1293.300049,27
2014-05-18,null,null
2014-05-19,1293.699951,8
2014-05-20,1294.5,44
2014-05-21,1288,8
2014-05-22,1294.900024,2
2014-05-23,1291.599976,4
2014-05-25,null,null
2014-05-27,1265.400024,3
2014-05-28,1259.300049,25
2014-05-29,1256.300049,168825
2014-05-30,1245.599976,38045
2014-06-01,null,null
2014-06-02,1243.699951,3839
2014-06-03,1244.300049,774
2014-06-04,1244,654
2014-06-05,1253,604
2014-06-06,1252.099976,1317
2014-06-08,null,null
2014-06-09,1253.5,381
2014-06-10,1259.800049,97
2014-06-11,1260.800049,1007
2014-06-12,1273.599976,128
2014-06-13,1273.699951,129
2014-06-15,null,null
2014-06-16,1274.900024,145
2014-06-17,1271.699951,334
2014-06-18,1272.400024,819
2014-06-19,1313.699951,143
2014-06-20,1316.199951,601
2014-06-22,null,null
2014-06-23,1318,254
2014-06-24,1320.900024,142
2014-06-25,1322.199951,223
2014-06-26,1316.099976,294
2014-06-27,1319,1204
2014-06-29,null,null
2014-06-30,1321.800049,625
2014-07-01,1326.400024,744
2014-07-02,1330.699951,51
2014-07-03,null,null
2014-07-06,null,null
2014-07-07,1316.5,40
2014-07-08,1316,93
2014-07-09,1323.800049,6
2014-07-10,1338.699951,16
2014-07-11,1337,28
2014-07-13,null,null
2014-07-14,1306.300049,112
2014-07-15,1296.900024,103
2014-07-16,1299.599976,368
2014-07-17,1316.699951,34
2014-07-18,1309.199951,16
2014-07-20,null,null
2014-07-21,1313.699951,27
2014-07-22,1306.099976,18
2014-07-23,1304.5,2
2014-07-24,1290.599976,0
2014-07-25,1303.099976,1
2014-07-27,null,null
2014-07-28,1303.300049,8
2014-07-29,1298.300049,52
2014-07-30,1294.900024,181554
2014-07-31,1281.300049,36189
2014-08-01,1293.599976,5663
2014-08-03,null,null
2014-08-04,1287.699951,1985
2014-08-05,1284,917
2014-08-06,1306.699951,825
2014-08-07,1310.800049,706
2014-08-08,1308.900024,225
2014-08-10,null,null
2014-08-11,1308.5,586
2014-08-12,1308.800049,194
2014-08-13,1312.800049,438
2014-08-14,1313.900024,238
2014-08-15,1304.5,320
2014-08-17,null,null
2014-08-18,1297.699951,199
2014-08-19,1295.099976,100
2014-08-20,1293.400024,144
2014-08-21,1273.699951,332
2014-08-22,1278.599976,264
2014-08-24,null,null
2014-08-25,1277.300049,119
2014-08-26,1283.800049,251
2014-08-27,1281.900024,74
2014-08-28,1288.699951,783
2014-08-29,1285.800049,817
2014-08-31,null,null
2014-09-02,1263.699951,116
2014-09-03,1268.900024,280
2014-09-04,1265.099976,279
2014-09-05,1265.800049,290
2014-09-07,null,null
2014-09-08,1252.699951,123
2014-09-09,1246.800049,2
2014-09-10,1243.5,0
2014-09-11,1237.400024,95
2014-09-12,1229.900024,0
2014-09-14,null,null
2014-09-15,1233.599976,47
2014-09-16,1235.199951,21
2014-09-17,1234.400024,3
2014-09-18,1225.699951,10
2014-09-19,1215.300049,5
2014-09-21,null,null
2014-09-22,1216.800049,4
2014-09-23,1221,7
2014-09-24,1218.599976,5
2014-09-25,1221.199951,2
2014-09-26,1214.099976,11
2014-09-28,null,null
2014-09-29,1217.5,19497
2014-09-30,1210.5,6344
2014-10-01,1214.599976,680
2014-10-02,1214.199951,178
2014-10-03,1192.199951,176
2014-10-05,null,null
2014-10-06,1206.699951,499
2014-10-07,1211.699951,415
2014-10-08,1205.300049,272
2014-10-09,1224.599976,9
2014-10-10,1221,19
2014-10-12,null,null
2014-10-13,1229.300049,186
2014-10-14,1233.599976,103
2014-10-15,1244.099976,73
2014-10-16,1240.5,250
2014-10-17,1238.300049,6
2014-10-19,null,null
2014-10-20,1244,356
2014-10-21,1251,105
2014-10-22,1244.800049,48
2014-10-23,1228.5,2
2014-10-24,1231.199951,2
2014-10-26,null,null
2014-10-27,1229.099976,71
2014-10-28,1229.199951,282
2014-10-29,1224.300049,46
2014-10-30,1198.099976,631
2014-10-31,1171.099976,521
2014-11-02,null,null
2014-11-03,1169.400024,260
2014-11-04,1167.400024,60
2014-11-05,1145.400024,40
2014-11-06,1142.300049,157
2014-11-07,1169.599976,137
2014-11-09,null,null
2014-11-10,1159.599976,97
2014-11-11,1162.800049,40
2014-11-12,1158.900024,22
2014-11-13,1161.099976,17
2014-11-14,1185,1047
2014-11-16,null,null
2014-11-17,1183,486
2014-11-18,1196.699951,17
2014-11-19,1193.599976,2
2014-11-20,1190.699951,23
2014-11-21,1197.5,3
2014-11-23,null,null
2014-11-24,1195.5,20
2014-11-25,1197.099976,17
2014-11-26,1196.599976,210753
2014-11-28,null,null
2014-11-30,null,null
2014-12-01,1218,11175
2014-12-02,1199.199951,5524
2014-12-03,1208.5,1236
2014-12-04,1207.5,440
2014-12-05,1190.099976,358
2014-12-07,null,null
2014-12-08,1194.699951,560
2014-12-09,1231.5,183
2014-12-10,1228.900024,314
2014-12-11,1225.099976,306
2014-12-12,1222,264
2014-12-14,null,null
2014-12-15,1207.199951,203
2014-12-16,1193.900024,77
2014-12-17,1194.300049,223
2014-12-18,1194.699951,94
2014-12-19,1195.900024,197
2014-12-21,null,null
2014-12-22,1179.699951,96
2014-12-23,1177.900024,223
2014-12-24,null,null
2014-12-26,1195.300049,23
2014-12-28,null,null
2014-12-29,1181.699951,124
2014-12-30,1200.199951,180
2014-12-31,1183.900024,191
2015-01-02,1186,92
2015-01-04,null,null
2015-01-05,1203.900024,138
2015-01-06,1219.300049,470
2015-01-07,1210.599976,97
2015-01-08,1208.400024,29
2015-01-09,1216,92
2015-01-11,null,null
2015-01-12,1232.699951,43
2015-01-13,1234.300049,100
2015-01-14,1234.400024,20
2015-01-15,1264.699951,21
2015-01-16,1276.900024,130
2015-01-18,null,null
2015-01-20,1294.199951,44
2015-01-21,1293.699951,157
2015-01-22,1300.699951,78
2015-01-23,1292.599976,131
2015-01-25,null,null
2015-01-26,1279.400024,23
2015-01-27,1291.699951,26
2015-01-28,1285.900024,20
2015-01-29,1254.599976,180387
2015-01-30,1278.5,67983
2015-02-01,null,null
2015-02-02,1276.199951,8626
2015-02-03,1259.699951,1654
2015-02-04,1263.800049,2380
2015-02-05,1262,668
2015-02-06,1233.900024,133
2015-02-08,null,null
2015-02-09,1240.800049,432
2015-02-10,1231.599976,319
2015-02-11,1219,231
2015-02-12,1220.099976,102
2015-02-13,1226.5,99
2015-02-15,null,null
2015-02-17,1208.099976,65
2015-02-18,1199.699951,204
2015-02-19,1207.099976,147
2015-02-20,1204.400024,65
2015-02-22,null,null
2015-02-23,1200.300049,51
2015-02-24,1196.900024,268
2015-02-25,1201,151
2015-02-26,1209.599976,570
2015-02-27,1212.599976,560
2015-03-01,null,null
2015-03-02,1207.699951,195
2015-03-03,1204,124
2015-03-04,1200.599976,51
2015-03-05,1195.900024,27
2015-03-06,1164.099976,29
2015-03-08,null,null
2015-03-09,1166.400024,168
2015-03-10,1160.099976,45
2015-03-11,1150.699951,94
2015-03-12,1152.099976,74
2015-03-13,1152.599976,63
2015-03-15,null,null
2015-03-16,1153.300049,44
2015-03-17,1148.300049,56
2015-03-18,1151.400024,71
2015-03-19,1169.099976,112
2015-03-20,1184.800049,39
2015-03-22,null,null
2015-03-23,1188,54
2015-03-24,1191.699951,5
2015-03-25,1197.300049,411
2015-03-26,1205.099976,11
2015-03-27,1199.800049,68
2015-03-29,null,null
2015-03-30,1184.800049,172260
2015-03-31,1183.099976,37990
2015-04-01,1208.099976,3409
2015-04-02,1200.900024,1632
2015-04-05,null,null
2015-04-06,1218.599976,1684
2015-04-07,1210.599976,343
2015-04-08,1203.099976,406
2015-04-09,1193.599976,236
2015-04-10,1204.599976,521
2015-04-12,null,null
2015-04-13,1199.300049,202
2015-04-14,1192.800049,424
2015-04-15,1201.5,546
2015-04-16,1198,196
2015-04-17,1202.900024,199
2015-04-19,null,null
2015-04-20,1193.5,21
2015-04-21,1202.900024,67
2015-04-22,1186.900024,33
2015-04-23,1194.400024,93
2015-04-24,1175.199951,331
2015-04-26,null,null
2015-04-27,1203.300049,52
2015-04-28,1214,194
2015-04-29,1209.800049,401
2015-04-30,1182.400024,114
2015-05-01,1174.5,143
2015-05-03,null,null
2015-05-04,1186.800049,23
2015-05-05,1193.199951,38
2015-05-06,1190.300049,48
2015-05-07,1182.400024,14
2015-05-08,1189.099976,44
2015-05-10,null,null
2015-05-11,1183.199951,51
2015-05-12,1192.599976,26
2015-05-13,1218.400024,10
2015-05-14,1225.400024,34
2015-05-15,1225.5,35
2015-05-17,null,null
2015-05-18,1227.800049,12
2015-05-19,1206.900024,8
2015-05-20,1208.900024,9
2015-05-21,1204.400024,11
2015-05-22,1204.300049,43
2015-05-24,null,null
2015-05-26,1187.199951,8
2015-05-27,1185.900024,40
2015-05-28,1188.099976,200216
2015-05-29,1189.400024,52705
2015-05-31,null,null
2015-06-01,1188.300049,4748
2015-06-02,1194.099976,1236
2015-06-03,1184.699951,1003
2015-06-04,1174.900024,630
2015-06-05,1167.800049,447
2015-06-07,null,null
2015-06-08,1173.199951,390
2015-06-09,1177.300049,173
2015-06-10,1186.099976,144
2015-06-11,1179.900024,295
2015-06-12,1178.800049,69
2015-06-14,null,null
2015-06-15,1185.300049,141
2015-06-16,1180.5,102
2015-06-17,1176.400024,29
2015-06-18,1201.5,168
2015-06-19,1201.5,130
2015-06-21,null,null
2015-06-22,1183.699951,142
2015-06-23,1176.199951,30
2015-06-24,1172.599976,60
2015-06-25,1171.5,263
2015-06-26,1172.900024,95
2015-06-28,null,null
2015-06-29,1178.5,308
2015-06-30,1171.5,174
2015-07-01,1169,223
2015-07-02,1163,455
2015-07-05,null,null
2015-07-06,1172.900024,316
2015-07-07,1152.400024,634
2015-07-08,1163.300049,469
2015-07-09,1159,65
2015-07-10,1157.699951,65
2015-07-12,null,null
2015-07-13,1155.199951,27
2015-07-14,1153.300049,14
2015-07-15,1147.199951,39
2015-07-16,1143.800049,15
2015-07-17,1131.800049,14
2015-07-19,null,null
2015-07-20,1106.699951,120
2015-07-21,1103.400024,189
2015-07-22,1091.400024,118
2015-07-23,1094,46
2015-07-24,1085.599976,64
2015-07-26,null,null
2015-07-27,1096.5,52
2015-07-28,1096.300049,19
2015-07-29,1092.699951,31
2015-07-30,1088.400024,159142
2015-07-31,1094.900024,49298
2015-08-02,null,null
2015-08-03,1089.400024,5700
2015-08-04,1090.699951,2418
2015-08-05,1085.699951,1139
2015-08-06,1090.199951,1207
2015-08-07,1094.099976,269
2015-08-09,null,null
2015-08-10,1104.199951,614
2015-08-11,1107.599976,900
2015-08-12,1123.199951,997
2015-08-13,1115.699951,797
2015-08-14,1112.900024,441
2015-08-16,null,null
2015-08-17,1118.599976,908
2015-08-18,1117.099976,399
2015-08-19,1128.099976,475
2015-08-20,1153,348
2015-08-21,1159.599976,409
2015-08-23,null,null
2015-08-24,1153.400024,261
2015-08-25,1138.199951,299
2015-08-26,1124.599976,217
2015-08-27,1122.400024,116
2015-08-28,1133.099976,564
2015-08-30,null,null
2015-08-31,1131.599976,279
2015-09-01,1138.699951,194
2015-09-02,1132.5,375
2015-09-03,1123.699951,201
2015-09-04,1120.599976,122
2015-09-06,null,null
2015-09-08,1120.400024,51
2015-09-09,1102.199951,138
2015-09-10,1109.5,150
2015-09-11,1103.5,56
2015-09-13,null,null
2015-09-14,1107.699951,81
2015-09-15,1102.800049,19
2015-09-16,1119.199951,8
2015-09-17,1117.300049,31
2015-09-18,1138.099976,14
2015-09-20,null,null
2015-09-21,1133.099976,59
2015-09-22,1125,17
2015-09-23,1131.599976,43
2015-09-24,1153.800049,33
2015-09-25,1146,37
2015-09-27,null,null
2015-09-28,1132,56
2015-09-29,1127.099976,4346
2015-09-30,1115.5,2417
2015-10-01,1114.199951,865
2015-10-02,1137.099976,1181
2015-10-04,null,null
2015-10-05,1138.099976,323
2015-10-06,1146.800049,226
2015-10-07,1149,145
2015-10-08,1144.699951,104
2015-10-09,1156.300049,138
2015-10-11,null,null
2015-10-12,1164.900024,22
2015-10-13,1165.800049,40
2015-10-14,1180.099976,132
2015-10-15,1187.900024,143
2015-10-16,1183.599976,143
2015-10-18,null,null
2015-10-19,1173.300049,243
2015-10-20,1178,62
2015-10-21,1167.599976,19
2015-10-22,1166.599976,41
2015-10-23,1163.300049,48
2015-10-25,null,null
2015-10-26,1167,38
2015-10-27,1166.800049,176
2015-10-28,1177.099976,302
2015-10-29,1147.199951,217
2015-10-30,1141.5,329
2015-11-01,null,null
2015-11-02,1135.800049,249
2015-11-03,1114.199951,180
2015-11-04,1106.5,185
2015-11-05,1104.400024,141
2015-11-06,1087.599976,84
2015-11-08,null,null
2015-11-09,1087.900024,78
2015-11-10,1088.199951,5
2015-11-11,1084.699951,18
2015-11-12,1080.800049,15
2015-11-13,1080.800049,4
2015-11-15,null,null
2015-11-16,1083.699951,23
2015-11-17,1068.699951,11
2015-11-18,1068.800049,6
2015-11-19,1078,5
2015-11-20,1076.400024,10
2015-11-22,null,null
2015-11-23,1066.800049,5
2015-11-24,1074.300049,57
2015-11-25,1070.5,222
2015-11-27,1056.199951,148662
2015-11-29,null,null
2015-11-30,1065.800049,52133
2015-12-01,1063.800049,4601
2015-12-02,1054.199951,3441
2015-12-03,1061.699951,503
2015-12-04,1084.5,1161
2015-12-06,null,null
2015-12-07,1076.400024,889
2015-12-08,1076.300049,656
2015-12-09,1077.599976,306
2015-12-10,1073.099976,386
2015-12-11,1076.900024,226
2015-12-13,null,null
2015-12-14,1064.699951,410
2015-12-15,1062.900024,509
2015-12-16,1078,220
2015-12-17,1050.800049,81
2015-12-18,1066.199951,56
2015-12-20,null,null
2015-12-21,1081.900024,253
2015-12-22,1074.800049,26
2015-12-23,1069.400024,106
2015-12-24,1077.199951,202
2015-12-27,null,null
2015-12-28,1070.5,24
2015-12-29,1077.5,361
2015-12-30,1060.099976,252
2015-12-31,1060.300049,71
2016-01-03,null,null
2016-01-04,1075.099976,10
2016-01-05,1078.400024,143
2016-01-06,1091.900024,82
2016-01-07,1107.699951,52
2016-01-08,1097.800049,122
2016-01-10,null,null
2016-01-11,1096.5,98
2016-01-12,1085.599976,43
2016-01-13,1087.5,87
2016-01-14,1073.900024,50
2016-01-15,1091.5,59
2016-01-17,null,null
2016-01-18,null,null
2016-01-19,1089.900024,44
2016-01-20,1107.099976,17
2016-01-21,1099.099976,30
2016-01-22,1097.199951,16
2016-01-24,null,null
2016-01-25,1106.199951,4
2016-01-26,1121.699951,8
2016-01-27,1116.099976,181
2016-01-28,1115.599976,168706
2016-01-29,1116.400024,52861
2016-01-31,null,null
2016-02-01,1127.900024,6955
2016-02-02,1127.300049,1682
2016-02-03,1141.300049,1230
2016-02-04,1157.599976,1630
2016-02-05,1157.800049,771
2016-02-07,null,null
2016-02-08,1197.900024,877
2016-02-09,1198.699951,931
2016-02-10,1194.699951,700
2016-02-11,1247.900024,671
2016-02-12,1239.099976,995
2016-02-14,null,null
2016-02-15,null,null
2016-02-16,1207.900024,250
2016-02-17,1211.099976,422
2016-02-18,1226.099976,53
2016-02-19,1230.400024,315
2016-02-21,null,null
2016-02-22,1209.5,76
2016-02-23,1222.300049,280
2016-02-24,1238.699951,351
2016-02-25,1238.199951,111
2016-02-26,1219.800049,1349
2016-02-28,null,null
2016-02-29,1233.900024,656
2016-03-01,1230.300049,580
2016-03-02,1241.099976,477
2016-03-03,1257.400024,267
2016-03-04,1269.900024,123
2016-03-06,null,null
2016-03-07,1263.199951,268
2016-03-08,1262.099976,67
2016-03-09,1256.599976,43
2016-03-10,1272,79
2016-03-11,1258.699951,119
2016-03-13,null,null
2016-03-14,1244.400024,87
2016-03-15,1230.400024,58
2016-03-16,1229.300049,37
2016-03-17,1264.5,45
2016-03-18,1253.800049,27
2016-03-20,null,null
2016-03-21,1243.800049,542
2016-03-22,1248.199951,1061
2016-03-23,1223.699951,20
2016-03-24,1221.400024,28
2016-03-27,null,null
2016-03-28,1219.900024,13
2016-03-29,1235.599976,33
2016-03-30,1226.900024,189732
2016-03-31,1234.199951,48248
2016-04-01,1222.199951,3377
2016-04-03,null,null
2016-04-04,1218,1602
2016-04-05,1228.400024,2038
2016-04-06,1222.5,477
2016-04-07,1236.199951,248
2016-04-08,1242.5,375
2016-04-10,null,null
2016-04-11,1256.699951,409
2016-04-12,1259.400024,437
2016-04-13,1246.800049,185
2016-04-14,1225,203
2016-04-15,1233.099976,264
2016-04-17,null,null
2016-04-18,1233.599976,97
2016-04-19,1253,304
2016-04-20,1253.199951,386
2016-04-21,1249,180
2016-04-22,1228.699951,124
2016-04-24,null,null
2016-04-25,1238.900024,188
2016-04-26,1242.199951,442
2016-04-27,1249.199951,97
2016-04-28,1265.5,547
2016-04-29,1289.199951,887
2016-05-01,null,null
2016-05-02,1294.699951,464
2016-05-03,1290.699951,192
2016-05-04,1273.300049,151
2016-05-05,1271.400024,109
2016-05-06,1292.900024,330
2016-05-08,null,null
2016-05-09,1265.599976,305
2016-05-10,1263.900024,341
2016-05-11,1274.599976,23
2016-05-12,1270.300049,50
2016-05-13,1271.900024,101
2016-05-15,null,null
2016-05-16,1273.400024,66
2016-05-17,1276.199951,44
2016-05-18,1273.699951,16
2016-05-19,1254.199951,17
2016-05-20,1252.400024,69
2016-05-22,null,null
2016-05-23,1251.099976,44
2016-05-24,1228.900024,56
2016-05-25,1223.5,20
2016-05-26,1220.099976,5
2016-05-27,1213.800049,199778
2016-05-29,null,null
2016-05-31,1214.800049,63739
2016-06-01,1211.900024,6432
2016-06-02,1209.800049,2717
2016-06-03,1240.099976,1627
2016-06-05,null,null
2016-06-06,1244.599976,1622
2016-06-07,1244.400024,1135
2016-06-08,1259.800049,281
2016-06-09,1270.199951,406
2016-06-10,1273.400024,381
2016-06-12,null,null
2016-06-13,1284.400024,397
2016-06-14,1285.599976,328
2016-06-15,1285.800049,554
2016-06-16,1296.099976,162
2016-06-17,1292.5,251
2016-06-19,null,null
2016-06-20,1290,129
2016-06-21,1270.5,153
2016-06-22,1268,134
2016-06-23,1261.199951,53
2016-06-24,1320,218
2016-06-26,null,null
2016-06-27,1322.5,694
2016-06-28,1315.300049,92
2016-06-29,1323.900024,1072
2016-06-30,1318.400024,414
2016-07-01,1336.699951,560
2016-07-03,null,null
2016-07-05,1356.400024,137
2016-07-06,1364.900024,90
2016-07-07,1360.099976,130
2016-07-08,1356.599976,207
2016-07-10,null,null
2016-07-11,1355,249
2016-07-12,1334.099976,26
2016-07-13,1342.400024,252
2016-07-14,1331.300049,7
2016-07-15,1326.5,20
2016-07-17,null,null
2016-07-18,1328.400024,52
2016-07-19,1331.5,54
2016-07-20,1318.800049,322
2016-07-21,1330.5,751
2016-07-22,1323.099976,318
2016-07-24,null,null
2016-07-25,1319.300049,55
2016-07-26,1320.699951,548
2016-07-27,1326.599976,63
2016-07-28,1332.300049,215388
2016-07-29,1349,56908
2016-07-31,null,null
2016-08-01,1351.400024,6076
2016-08-02,1364.400024,1257
2016-08-03,1356.099976,2941
2016-08-04,1358.800049,715
2016-08-05,1336.400024,381
2016-08-07,null,null
2016-08-08,1333.400024,1107
2016-08-09,1339,587
2016-08-10,1344.300049,620
2016-08-11,1342.5,110
2016-08-12,1335.800049,666
2016-08-14,null,null
2016-08-15,1340.300049,113
2016-08-16,1350.5,62
2016-08-17,1342.699951,338
2016-08-18,1351.199951,135
2016-08-19,1340.400024,140
2016-08-21,null,null
2016-08-22,1337.699951,197
2016-08-23,1340.599976,117
2016-08-24,1324.400024,551
2016-08-25,1320.099976,262
2016-08-26,1321.5,58
2016-08-28,null,null
2016-08-29,1322.900024,141
2016-08-30,1311.699951,437
2016-08-31,1306.900024,705
2016-09-01,1312.199951,214
2016-09-02,1322.099976,225
2016-09-04,null,null
2016-09-06,1349.400024,55
2016-09-07,1344.300049,46
2016-09-08,1336.800049,14
2016-09-09,1330.099976,30
2016-09-11,null,null
2016-09-12,1321,35
2016-09-13,1319,177
2016-09-14,1321.5,79
2016-09-15,1313.5,73
2016-09-16,1305.800049,37
2016-09-18,null,null
2016-09-19,1313.5,4
2016-09-20,1313.699951,20
2016-09-21,1326.900024,97
2016-09-22,1340.400024,76
2016-09-23,1337.199951,23
2016-09-25,null,null
2016-09-26,1339.699951,40
2016-09-27,1325.900024,24
2016-09-28,1319.400024,48
2016-09-29,1321.699951,10551
2016-09-30,1313.300049,6108
2016-10-02,null,null
2016-10-03,1309,868
2016-10-04,1266.300049,299
2016-10-05,1265.199951,1893
2016-10-06,1249.800049,246
2016-10-07,1248.900024,114
2016-10-09,null,null
2016-10-11,1253,27
2016-10-12,1251.099976,26
2016-10-13,1255,127
2016-10-14,1253.099976,315
2016-10-16,null,null
2016-10-17,1254.400024,311
2016-10-18,1260.800049,41
2016-10-19,1267.900024,11
2016-10-20,1265.599976,219
2016-10-21,1265.900024,415
2016-10-23,null,null
2016-10-24,1262,224
2016-10-25,1271.900024,42
2016-10-26,1264.800049,61
2016-10-27,1267.900024,279
2016-10-28,1275.5,338
2016-10-30,null,null
2016-10-31,1271.5,560
2016-11-01,1286.400024,58
2016-11-02,1306.800049,49
2016-11-03,1302.099976,30
2016-11-04,1303.300049,73
2016-11-06,null,null
2016-11-07,1278.300049,11
2016-11-08,1273.400024,34
2016-11-09,1272.599976,50
2016-11-10,1265.5,108
2016-11-13,null,null
2016-11-14,1221.199951,599
2016-11-15,1224,216
2016-11-16,1223.400024,20
2016-11-17,1216.5,66
2016-11-18,1208.5,1139
2016-11-20,null,null
2016-11-21,1209.599976,607
2016-11-22,1211,19
2016-11-23,1189.099976,19
2016-11-25,1178.199951,309
2016-11-27,null,null
2016-11-28,1190.599976,14
2016-11-29,1187.900024,189914
2016-11-30,1170.800049,42124
2016-12-01,1166.900024,7158
2016-12-02,1175.099976,1588
2016-12-04,null,null
2016-12-05,1174,1521
2016-12-06,1167.599976,358
2016-12-07,1175,652
2016-12-08,1169.800049,182
2016-12-09,1159.400024,322
2016-12-11,null,null
2016-12-12,1163.5,365
2016-12-13,1156.699951,331
2016-12-14,1161.300049,637
2016-12-15,1127.800049,487
2016-12-16,1135.300049,244
2016-12-18,null,null
2016-12-19,1140.5,146
2016-12-20,1131.5,249
2016-12-21,1131.099976,46
2016-12-22,1128.800049,50
2016-12-23,1131.900024,104
2016-12-25,null,null
2016-12-27,1137.300049,70
2016-12-28,1139.400024,84
2016-12-29,1156.400024,1570
2016-12-30,1150,950
2017-01-01,null,null
2017-01-03,1160.400024,16
2017-01-04,1163.800049,52
2017-01-05,1179.699951,36
2017-01-06,1171.900024,500
2017-01-08,null,null
2017-01-09,1183.5,16
2017-01-10,1184.199951,62
2017-01-11,1195.599976,8
2017-01-12,1198.900024,20
2017-01-13,1195.300049,110
2017-01-15,null,null
2017-01-17,1212,65
2017-01-18,1211.300049,79
2017-01-19,1200.900024,114
2017-01-20,1204.300049,26
2017-01-22,null,null
2017-01-23,1215,38
2017-01-24,1210.300049,16
2017-01-25,1197.300049,24
2017-01-26,1189.5,403
2017-01-27,1188.099976,19
2017-01-29,null,null
2017-01-30,1193.199951,234352
2017-01-31,1208.599976,50503
2017-02-01,1205.599976,3212
2017-02-02,1216.699951,1145
2017-02-03,1218.5,1512
2017-02-05,null,null
2017-02-06,1230,865
2017-02-07,1234.199951,908
2017-02-08,1237.599976,1177
2017-02-09,1235.099976,288
2017-02-10,1234.400024,885
2017-02-12,null,null
2017-02-13,1224.400024,391
2017-02-14,1223.900024,398
2017-02-15,1231.699951,159
2017-02-16,1240,175
2017-02-17,1237.599976,87
2017-02-19,null,null
2017-02-21,1237.5,301
2017-02-22,1232,119
2017-02-23,1250.199951,36
2017-02-24,1256.900024,112
2017-02-26,null,null
2017-02-27,1257.400024,1264
2017-02-28,1252.599976,544
2017-03-01,1248.900024,721
2017-03-02,1231.900024,138
2017-03-03,1225.5,79
2017-03-05,null,null
2017-03-06,1224.5,121
2017-03-07,1215.099976,29
2017-03-08,1208.5,53
2017-03-09,1202.400024,24
2017-03-10,1200.699951,37
2017-03-12,null,null
2017-03-13,1202.400024,3
2017-03-14,1201.900024,35
2017-03-15,1200.099976,22
2017-03-16,1226.5,36
2017-03-17,1229.800049,47
2017-03-19,null,null
2017-03-20,1233.599976,26
2017-03-21,1246.099976,23
2017-03-22,1249.300049,11
2017-03-23,1246.900024,3
2017-03-24,1248.199951,16
2017-03-26,null,null
2017-03-27,1255.400024,3
2017-03-28,1255.300049,72
2017-03-29,1253.400024,19
2017-03-30,1245,190678
2017-03-31,1247.300049,51328
2017-04-02,null,null
2017-04-03,1250.800049,8223
2017-04-04,1255,1160
2017-04-05,1245.400024,724
2017-04-06,1250.300049,907
2017-04-07,1254.300049,169
2017-04-09,null,null
2017-04-10,1251.099976,445
2017-04-11,1271.199951,182
2017-04-12,1275.300049,401
2017-04-13,1285.900024,492
2017-04-16,null,null
2017-04-17,1289.400024,915
2017-04-18,1291.699951,73
2017-04-19,1281.400024,394
2017-04-20,1281.900024,194
2017-04-21,1287.400024,127
2017-04-23,null,null
2017-04-24,1275.800049,474
2017-04-25,1265.599976,605
2017-04-26,1262.099976,356
2017-04-27,1263.699951,1156
2017-04-28,1266.099976,206
2017-04-30,null,null
2017-05-01,1253.300049,85
2017-05-02,1255.099976,34
2017-05-03,1246.400024,90
2017-05-04,1226.5,195
2017-05-05,1224.800049,72
2017-05-07,null,null
2017-05-08,1225.300049,16
2017-05-09,1214.300049,43
2017-05-10,1217.300049,55
2017-05-11,1222.699951,23
2017-05-12,1226.199951,13
2017-05-14,null,null
2017-05-15,1228.599976,29
2017-05-16,1235,13
2017-05-17,1257.5,20
2017-05-18,1251.699951,26
2017-05-19,1252.699951,43
2017-05-21,null,null
2017-05-22,1260.699951,14
2017-05-23,1254.800049,14
2017-05-24,1252.400024,20
2017-05-25,1255.800049,14
2017-05-26,1267.599976,11
2017-05-28,null,null
2017-05-30,1262.099976,271457
2017-05-31,1272,129819
2017-06-01,1267,2712
2017-06-02,1276.800049,825
2017-06-04,null,null
2017-06-05,1279.300049,1732
2017-06-06,1294.400024,433
2017-06-07,1290.099976,942
2017-06-08,1276.300049,641
2017-06-09,1268.5,319
2017-06-11,null,null
2017-06-12,1266.099976,467
2017-06-13,1265.800049,255
2017-06-14,1272.800049,150
2017-06-15,1252.199951,336
2017-06-16,1254,743
2017-06-18,null,null
2017-06-19,1244.199951,34
2017-06-20,1241,108
2017-06-21,1243.400024,75
2017-06-22,1247.599976,205
2017-06-23,1256.199951,156
2017-06-25,null,null
2017-06-26,1246.300049,269
2017-06-27,1246.400024,194
2017-06-28,1248,111
2017-06-29,1244.199951,370
2017-06-30,1240.699951,540
2017-07-02,null,null
2017-07-03,null,null
2017-07-05,1220.400024,33
2017-07-06,1222.199951,40
2017-07-07,1208.599976,5
2017-07-09,null,null
2017-07-10,1212.099976,116
2017-07-11,1213.599976,28
2017-07-12,1218.099976,12
2017-07-13,1216.300049,7
2017-07-14,1226.599976,7
2017-07-16,null,null
2017-07-17,1232.800049,23
2017-07-18,1241.099976,7
2017-07-19,1241.199951,29
2017-07-20,1244.800049,3
2017-07-21,1254.300049,5
2017-07-23,null,null
2017-07-24,1253.900024,16
2017-07-25,1251.699951,8
2017-07-26,1249,18
2017-07-27,1259.599976,7
2017-07-28,1268.400024,220309
2017-07-30,null,null
2017-07-31,1266.599976,64180
2017-08-01,1272.599976,7780
2017-08-02,1271.800049,1061
2017-08-03,1267.800049,393
2017-08-04,1258.300049,878
2017-08-06,null,null
2017-08-07,1258.199951,521
2017-08-08,1256.400024,260
2017-08-09,1273,555
2017-08-10,1283.699951,574
2017-08-11,1287.699951,608
2017-08-13,null,null
2017-08-14,1284.199951,139
2017-08-15,1273.699951,338
2017-08-16,1276.900024,188
2017-08-17,1286.400024,110
2017-08-18,1285.699951,43
2017-08-20,null,null
2017-08-21,1290.800049,358
2017-08-22,1285.099976,18
2017-08-23,1288.900024,100
2017-08-24,1286.5,250
2017-08-25,1292.5,550
2017-08-27,null,null
2017-08-28,1309.699951,280
2017-08-29,1313.099976,145
2017-08-30,1308.099976,1178
2017-08-31,1316.199951,1178
2017-09-01,1324.5,373
2017-09-03,null,null
2017-09-05,1339.199951,313
2017-09-06,1333.900024,39
2017-09-07,1345.099976,20
2017-09-08,1346,26
2017-09-10,null,null
2017-09-11,1331,37
2017-09-12,1328,9
2017-09-13,1323.400024,15
2017-09-14,1324.699951,16
2017-09-15,1320.400024,316
2017-09-17,null,null
2017-09-18,1306.300049,15
2017-09-19,1306.199951,129
2017-09-20,1312,20
2017-09-21,1290.599976,12
2017-09-22,1293.300049,336
2017-09-24,null,null
2017-09-25,1306.800049,209
2017-09-26,1297,51
2017-09-27,1283.400024,39
2017-09-28,1285.5,19488
2017-09-29,1281.5,5226
2017-10-01,null,null
2017-10-02,1272.699951,492
2017-10-03,1271.5,136
2017-10-04,1273.699951,192
2017-10-05,1269.900024,218
2017-10-06,1271.599976,36
2017-10-08,null,null
2017-10-09,1281.800049,46
2017-10-10,1290.599976,19
2017-10-11,1285.800049,18
2017-10-12,1293.300049,21
2017-10-13,1301.5,14
2017-10-15,null,null
2017-10-16,1299.900024,74
2017-10-17,1283,173
2017-10-18,1279.900024,571
2017-10-19,1286.900024,163
2017-10-20,1277.400024,134
2017-10-22,null,null
2017-10-23,1277.699951,304
2017-10-24,1275,115
2017-10-25,1275.400024,111
2017-10-26,1266.300049,105
2017-10-27,1268.5,39
2017-10-29,null,null
2017-10-30,1274.099976,567
2017-10-31,1267,222
2017-11-01,1274.099976,235
2017-11-02,1274.900024,78
2017-11-03,1266.5,70
2017-11-05,null,null
2017-11-06,1279.400024,75
2017-11-07,1273.699951,128
2017-11-08,1281.599976,11
2017-11-09,1285.599976,15
2017-11-10,1272.400024,18
2017-11-12,null,null
2017-11-13,1277.300049,10
2017-11-14,1281.5,3
2017-11-15,1276.5,4
2017-11-16,1277.400024,13
2017-11-17,1295.800049,43
2017-11-19,null,null
2017-11-20,1274.599976,1
2017-11-21,1281.099976,1
2017-11-22,1291.599976,4
2017-11-24,null,null
2017-11-26,null,null
2017-11-27,1293.800049,0
2017-11-28,1294.699951,1
2017-11-29,1282.099976,275442
2017-11-30,1273.199951,47244
2017-12-01,1278.800049,3049
2017-12-03,null,null
2017-12-04,1274.300049,823
2017-12-05,1261.599976,850
2017-12-06,1262.800049,1499
2017-12-07,1249.800049,373
2017-12-08,1245.199951,358
2017-12-10,null,null
2017-12-11,1243.699951,157
2017-12-12,1238.5,146
2017-12-13,1245.400024,692
2017-12-14,1253.800049,349
2017-12-15,1254.300049,139
2017-12-17,null,null
2017-12-18,1262.199951,578
2017-12-19,1260.699951,45
2017-12-20,1266.099976,329
2017-12-21,1267.300049,63
2017-12-22,1275.400024,226
2017-12-24,null,null
2017-12-26,1284.099976,119
2017-12-27,1287,84
2017-12-28,1294.099976,456
2017-12-29,1306.300049,245
2017-12-31,null,null
2018-01-02,1313.699951,65
2018-01-03,1316.199951,68
2018-01-04,1319.400024,42
2018-01-05,1320.300049,2
2018-01-07,null,null
2018-01-08,1318.599976,1
2018-01-09,1311.699951,41
2018-01-10,1317.400024,16
2018-01-11,1320.599976,70
2018-01-12,1333.400024,9
2018-01-14,null,null
2018-01-16,1335.400024,14
2018-01-17,1338,13
2018-01-18,1326,27
2018-01-19,1331.900024,211
2018-01-21,null,null
2018-01-22,1330.900024,50
2018-01-23,1335.699951,162
2018-01-24,1355.900024,47
2018-01-25,1362.400024,18
2018-01-26,1351.599976,4
2018-01-28,null,null
2018-01-29,null,null
2018-01-30,1335.400024,280546
2018-01-31,1339,52100
2018-02-01,1344.300049,4881
2018-02-02,1333.699951,1680
2018-02-04,null,null
2018-02-05,1333,2841
2018-02-06,1326.099976,641
2018-02-07,1311.599976,529
2018-02-08,1316.900024,491
2018-02-09,1313.099976,459
2018-02-11,null,null
2018-02-12,1324.199951,451
2018-02-13,1328.099976,140
2018-02-14,1355.5,71
2018-02-15,1352.099976,400
2018-02-16,1353.199951,111
2018-02-18,null,null
2018-02-20,1328.800049,110
2018-02-21,1330,283
2018-02-22,1330.599976,119
2018-02-23,1328.199951,70
2018-02-25,null,null
2018-02-26,1330.699951,427
2018-02-27,1315.5,652
2018-02-28,1315.5,710
2018-03-01,1302.900024,58
2018-03-02,1321.099976,43
2018-03-04,null,null
2018-03-05,1318.099976,155
2018-03-06,1333.599976,18
2018-03-07,1326,18
2018-03-08,1319.900024,27
2018-03-09,1322.400024,62
2018-03-11,null,null
2018-03-12,1319.400024,88
2018-03-13,1325.900024,0
2018-03-14,1324.400024,13
2018-03-15,1316.800049,19
2018-03-16,1311.300049,0
2018-03-18,null,null
2018-03-19,1316.800049,34
2018-03-20,1311.099976,6
2018-03-21,1320.699951,4
2018-03-22,1326.599976,34
2018-03-23,1349.300049,0
2018-03-25,null,null
2018-03-26,1354.400024,8
2018-03-27,1341.300049,10
2018-03-28,1324.199951,290889
2018-03-29,1322.800049,59284
2018-04-01,null,null
2018-04-02,1342.099976,5585
2018-04-03,1332.800049,649
2018-04-04,1335.800049,702
2018-04-05,1324.300049,718
2018-04-06,1331.900024,258
2018-04-08,null,null
2018-04-09,1336.300049,348
2018-04-10,1342,290
2018-04-11,1356.5,105
2018-04-12,1338.400024,118
2018-04-13,1344.800049,34
2018-04-15,null,null
2018-04-16,1347.5,67
2018-04-17,1347.199951,60
2018-04-18,1351.199951,409
2018-04-19,1346.800049,45
2018-04-20,1336.699951,387
2018-04-22,null,null
2018-04-23,1322.5,310
2018-04-24,1331.400024,68
2018-04-25,1321.199951,28
2018-04-26,1316.300049,278
2018-04-27,1320.300049,569
2018-04-29,null,null
2018-04-30,1316.199951,622
2018-05-01,1303.800049,49
2018-05-02,1302.599976,28
2018-05-03,1310.699951,23
2018-05-04,1312.699951,4
2018-05-06,null,null
2018-05-07,1312.199951,0
2018-05-08,1312,4
2018-05-09,1311.300049,337
2018-05-10,1320.800049,70
2018-05-11,1319,8
2018-05-13,null,null
2018-05-14,1316.5,3
2018-05-15,1288.900024,4
2018-05-16,1290.199951,8
2018-05-17,1288.199951,26
2018-05-18,1290.199951,2
2018-05-20,null,null
2018-05-21,1290.199951,2
2018-05-22,1291.699951,52
2018-05-23,1289.300049,50
2018-05-24,1303.699951,10
2018-05-25,1303.300049,0
2018-05-27,null,null
2018-05-29,1298.699951,1
2018-05-30,1301.5,386334
2018-05-31,1300.099976,50845
2018-06-01,1294.800049,4082
2018-06-03,null,null
2018-06-04,1293.099976,663
2018-06-05,1297.5,144
2018-06-06,1297.099976,357
2018-06-07,1298.699951,373
2018-06-08,1298.099976,79
2018-06-10,null,null
2018-06-11,1298.900024,650
2018-06-12,1295.099976,71
2018-06-13,1296.900024,153
2018-06-14,1304,135
2018-06-15,1274.599976,42
2018-06-17,null,null
2018-06-18,1276.199951,589
2018-06-19,1275.599976,35
2018-06-20,1271.199951,34
2018-06-21,1267.199951,7
2018-06-22,1267.400024,46
2018-06-24,null,null
2018-06-25,1265.599976,74
2018-06-26,1256.599976,37
2018-06-27,1252.800049,89
2018-06-28,1247.800049,1162
2018-06-29,1251.300049,378
2018-07-01,null,null
2018-07-02,1239.800049,48
2018-07-03,null,null
2018-07-05,1257.300049,36
2018-07-06,1254.300049,9
2018-07-08,null,null
2018-07-09,1258.099976,7
2018-07-10,1253.800049,37
2018-07-11,1242.800049,65
2018-07-12,1245,30
2018-07-13,1239.599976,7
2018-07-15,null,null
2018-07-16,1238.099976,2
2018-07-17,1225.699951,2
2018-07-18,1226.300049,0
2018-07-19,1222.400024,67
2018-07-20,1229.5,33
2018-07-22,null,null
2018-07-23,1224,0
2018-07-24,1223.900024,1
2018-07-25,1231.400024,0
2018-07-26,1225.300049,0
2018-07-27,1222.599976,1
2018-07-29,null,null
2018-07-30,1221.300049,254428
2018-07-31,1223.699951,62239
2018-08-01,1217.900024,2722
2018-08-02,1210.599976,1026
2018-08-03,1214.199951,411
2018-08-05,null,null
2018-08-06,1208.599976,784
2018-08-07,1209.599976,297
2018-08-08,1212.599976,715
2018-08-09,1211.900024,209
2018-08-10,1211.099976,44
2018-08-12,null,null
2018-08-13,1191.300049,75
2018-08-14,1193,78
2018-08-15,1177.5,92
2018-08-16,1176.199951,71
2018-08-17,1176.5,123
2018-08-19,null,null
2018-08-20,1186.800049,66
2018-08-21,1192.599976,68
2018-08-22,1196.300049,22
2018-08-23,1187,17
2018-08-24,1206.300049,95
2018-08-26,null,null
2018-08-27,1209,12
2018-08-28,1207.400024,154
2018-08-29,1204.5,136
2018-08-30,1197.699951,817
2018-08-31,1200.300049,493
2018-09-02,null,null
2018-09-04,1192.699951,191
2018-09-05,1194.900024,26
2018-09-06,1197.900024,21
2018-09-07,1193.599976,7
2018-09-09,null,null
2018-09-10,1193,29
2018-09-11,1195.400024,11
2018-09-12,1204.699951,21
2018-09-13,1202,37
2018-09-14,1195,22
2018-09-16,null,null
2018-09-17,1199.699951,1
2018-09-18,1196.800049,0
2018-09-19,1202.199951,2
2018-09-20,1206.199951,0
2018-09-21,1196.199951,0
2018-09-23,null,null
2018-09-24,1199.300049,0
2018-09-25,1200,0
2018-09-26,1194,21
2018-09-27,1182.300049,17857
2018-09-28,1191.5,4947
2018-09-30,null,null
2018-10-01,1187.099976,404
2018-10-02,1202.400024,180
2018-10-03,1198.300049,451
2018-10-04,1197.199951,76
2018-10-05,1201.199951,496
2018-10-07,null,null
2018-10-08,1184.400024,34
2018-10-09,1187.199951,250
2018-10-10,1189.300049,9
2018-10-11,1223.5,1078
2018-10-12,1218.099976,126
2018-10-14,null,null
2018-10-15,1226.400024,122
2018-10-16,1227.300049,136
2018-10-17,1223.699951,426
2018-10-18,1226.5,1
2018-10-19,1225.300049,165
2018-10-21,null,null
2018-10-22,1221.199951,55
2018-10-23,1233.400024,18
2018-10-24,1227.800049,33
2018-10-25,1229.099976,36
2018-10-26,1232.5,7
2018-10-28,null,null
2018-10-29,1224.5,20
2018-10-30,1222.599976,214
2018-10-31,1212.300049,72
2018-11-01,1236,121
2018-11-02,1230.900024,14
2018-11-04,null,null
2018-11-05,1229.800049,18
2018-11-06,1223.800049,15
2018-11-07,1226.199951,4
2018-11-08,1222.900024,1
2018-11-09,1206.400024,2
2018-11-11,null,null
2018-11-12,1201.300049,14
2018-11-13,1199.199951,1
2018-11-14,1207.900024,5
2018-11-15,1212.800049,0
2018-11-16,1220.800049,0
2018-11-18,null,null
2018-11-19,1223.099976,5
2018-11-20,1219,0
2018-11-21,1225.800049,12
2018-11-23,null,null
2018-11-25,null,null
2018-11-26,1220.199951,1
2018-11-27,1211.199951,2
2018-11-28,1221.400024,5
2018-11-29,1224.099976,247168
2018-11-30,1220.199951,55478
2018-12-02,null,null
2018-12-03,1233.900024,2060
2018-12-04,1241.099976,751
2018-12-06,1238.099976,125
2018-12-07,1246.800049,434
2018-12-09,null,null
2018-12-10,1243.699951,211
2018-12-11,1241.900024,131
2018-12-12,1244.400024,117
2018-12-13,1242.699951,84
2018-12-14,1237,194
2018-12-16,null,null
2018-12-17,1247.400024,33
2018-12-18,1249.199951,10
2018-12-19,1252.099976,31
2018-12-20,1263.599976,268
2018-12-21,1253.800049,49
2018-12-23,null,null
2018-12-24,null,null
2018-12-26,1269.199951,27
2018-12-27,1277.300049,63
2018-12-28,1279.900024,480
2018-12-30,null,null
2018-12-31,1278.300049,805
2019-01-02,1281,19
2019-01-03,1291.800049,149
2019-01-04,1282.699951,10
2019-01-06,null,null
2019-01-07,1286.800049,34
2019-01-08,1283.199951,2
2019-01-09,1289.300049,54
2019-01-10,1284.699951,102
2019-01-11,1287.099976,0
2019-01-13,null,null
2019-01-14,1289.099976,11
2019-01-15,1286.199951,7
2019-01-16,1291.599976,3
2019-01-17,1291,2
2019-01-18,1281.300049,10
2019-01-20,null,null
2019-01-22,1282.5,3
2019-01-23,1283.099976,7
2019-01-24,1279.099976,14
2019-01-25,1297.400024,1
2019-01-27,null,null
2019-01-28,1302.400024,0
2019-01-29,1308.199951,54
2019-01-30,1309.900024,213607
2019-01-31,1319.699951,54958
2019-02-01,1316.900024,1970
2019-02-03,null,null
2019-02-04,1314.300049,878
2019-02-05,1314.199951,675
2019-02-06,1309.5,362
2019-02-07,1309.400024,358
2019-02-08,1313.699951,203
2019-02-10,null,null
2019-02-11,1307,122
2019-02-12,1309.199951,119
2019-02-13,1310.800049,109
2019-02-14,1309.800049,143
2019-02-15,1318.099976,858
2019-02-17,null,null
2019-02-19,1340.099976,190
2019-02-20,1343.300049,390
2019-02-21,1323.5,581
2019-02-22,1329.199951,414
2019-02-24,null,null
2019-02-25,1325.900024,718
2019-02-26,1325.099976,185
2019-02-27,1317.699951,939
2019-02-28,1312.800049,604
2019-03-01,1296.400024,141
2019-03-03,null,null
2019-03-04,1284.800049,110
2019-03-05,1282,28
2019-03-06,1284.900024,114
2019-03-07,1283.800049,14
2019-03-08,1297,11
2019-03-10,null,null
2019-03-11,1288.800049,10
2019-03-12,1296.300049,9
2019-03-13,1307.5,1
2019-03-14,1293.400024,0
2019-03-15,1301.800049,1
2019-03-17,null,null
2019-03-18,1300.300049,26
2019-03-19,1305,8
2019-03-20,1300.5,20
2019-03-21,1306.099976,2
2019-03-22,1311.599976,0
2019-03-24,null,null
2019-03-25,1321.900024,0
2019-03-26,1314.300049,19
2019-03-27,1309.900024,1
2019-03-28,1289.800049,206263
2019-03-29,1293,87798
2019-03-31,null,null
2019-04-01,1288.400024,1265
2019-04-02,1290,675
2019-04-03,1289.900024,525
2019-04-04,1289,172
2019-04-05,1290.400024,269
2019-04-07,null,null
2019-04-08,1297.099976,181
2019-04-09,1303.5,63
2019-04-10,1309.099976,30
2019-04-11,1288.599976,66
2019-04-12,1290.599976,420
2019-04-14,null,null
2019-04-15,1286.800049,607
2019-04-16,1272.599976,523
2019-04-17,1272.199951,643
2019-04-18,1271.900024,308
2019-04-21,null,null
2019-04-22,1273.5,27
2019-04-23,1269.300049,147
2019-04-24,1275.5,206
2019-04-25,1275.800049,518
2019-04-26,1284.900024,95
2019-04-28,null,null
2019-04-29,1278.599976,804
2019-04-30,1282.800049,568
2019-05-01,1281.400024,114
2019-05-02,1269.699951,70
2019-05-03,1279.199951,63
2019-05-05,null,null
2019-05-06,1281.699951,15
2019-05-07,1283.5,12
2019-05-08,1279.400024,8
2019-05-09,1283.5,5
2019-05-10,1285.699951,38
2019-05-12,null,null
2019-05-13,1300.099976,6
2019-05-14,1294.699951,56
2019-05-15,1296.300049,6
2019-05-16,1285,55
2019-05-17,1274.5,3
2019-05-19,null,null
2019-05-20,1276.099976,1
2019-05-21,1272,20
2019-05-22,1273.599976,0
2019-05-23,1284.800049,0
2019-05-24,1283,0
2019-05-26,null,null
2019-05-28,1276.5,9
2019-05-29,1280.599976,0
2019-05-30,1287.099976,189694
2019-05-31,1305.800049,55573
2019-06-02,null,null
2019-06-03,1322.699951,2814
2019-06-04,1323.400024,812
2019-06-05,1328.300049,302
2019-06-06,1337.599976,622
2019-06-07,1341.199951,161
2019-06-09,null,null
2019-06-10,1324.699951,240
2019-06-11,1326.400024,268
2019-06-12,1331.900024,201
2019-06-13,1339.199951,139
2019-06-14,1340.099976,157
2019-06-16,null,null
2019-06-17,1338.699951,914
2019-06-18,1346.599976,76
2019-06-19,1344.599976,29
2019-06-20,1392.900024,129
2019-06-21,1396.199951,76
2019-06-23,null,null
2019-06-24,1414.300049,35
2019-06-25,1414.900024,125
2019-06-26,1411.599976,105
2019-06-27,1408.400024,1333
2019-06-28,1409.699951,437
2019-06-30,null,null
2019-07-01,1385.599976,356
2019-07-02,1404.599976,214
2019-07-03,null,null
2019-07-05,1396.699951,46
2019-07-07,null,null
2019-07-08,1397,20
2019-07-09,1397.5,14
2019-07-10,1410.099976,53
2019-07-11,1404.300049,50
2019-07-12,1409.900024,6
2019-07-14,null,null
2019-07-15,1411.400024,8
2019-07-16,1409.199951,25
2019-07-17,1421.300049,13
2019-07-18,1426.099976,6
2019-07-19,1425.099976,66
2019-07-21,null,null
2019-07-22,1425.300049,22
2019-07-23,1420.099976,1
2019-07-24,1422.800049,5
2019-07-25,1413.900024,20
2019-07-26,1418.5,4
2019-07-28,null,null
2019-07-29,1419.599976,5
2019-07-30,1429.699951,224267
2019-07-31,1426.099976,73874
2019-08-01,1420.900024,3294
2019-08-02,1445.599976,2431
2019-08-04,null,null
2019-08-05,1464.599976,1873
2019-08-06,1472.400024,1008
2019-08-07,1507.300049,460
2019-08-08,1497.699951,824
2019-08-09,1496.599976,367
2019-08-11,null,null
2019-08-12,1505.300049,74
2019-08-13,1502.199951,257
2019-08-14,1515.900024,672
2019-08-15,1519.599976,328
2019-08-16,1512.5,87
2019-08-18,null,null
2019-08-19,1500.400024,1815
2019-08-20,1504.599976,205
2019-08-21,1504.599976,486
2019-08-22,1497.300049,350
2019-08-23,1526.599976,686
2019-08-25,null,null
2019-08-26,1526.300049,983
2019-08-27,1541,334
2019-08-28,1537.800049,166
2019-08-29,1526.5,2756
2019-08-30,1519.099976,704
2019-09-01,null,null
2019-09-03,1545.900024,276
2019-09-04,1550.300049,139
2019-09-05,1515.400024,46
2019-09-06,1506.199951,125
2019-09-08,null,null
2019-09-09,1502.199951,54
2019-09-10,1490.300049,69
2019-09-11,1494.400024,23
2019-09-12,1498.699951,8
2019-09-13,1490.900024,27
2019-09-15,null,null
2019-09-16,1503.099976,1
2019-09-17,1505.099976,21
2019-09-18,1507.5,3
2019-09-19,1498.400024,8
2019-09-20,1507.300049,10
2019-09-22,null,null
2019-09-23,1523.699951,2
2019-09-24,1532.099976,5
2019-09-25,1504.599976,25
2019-09-26,1507.5,25
2019-09-27,1499.099976,8178
2019-09-29,null,null
2019-09-30,1465.699951,7827
2019-10-01,1482,1078
2019-10-02,1501,219
2019-10-03,1507.099976,205
2019-10-04,1506.199951,1213
2019-10-06,null,null
2019-10-07,1497.699951,233
2019-10-08,1497.199951,121
2019-10-09,1506.099976,46
2019-10-10,1494.800049,120
2019-10-11,1482.699951,78
2019-10-13,null,null
2019-10-14,1491.699951,57
2019-10-15,1477.599976,400
2019-10-16,1488,367
2019-10-17,1492.300049,383
2019-10-18,1488.199951,271
2019-10-20,null,null
2019-10-21,1482.400024,82
2019-10-22,1481.699951,72
2019-10-23,1489.900024,99
2019-10-24,1498.900024,67
2019-10-25,1499.5,115
2019-10-27,null,null
2019-10-28,1490,93
2019-10-29,1487,37
2019-10-30,1493.199951,425
2019-10-31,1511.400024,320
2019-11-01,1508,210
2019-11-03,null,null
2019-11-04,1508,235
2019-11-05,1480.800049,101
2019-11-06,1490.199951,31
2019-11-07,1464.199951,567
2019-11-08,1461.300049,581
2019-11-10,null,null
2019-11-11,1455.5,21
2019-11-12,1452.099976,22
2019-11-13,1461.699951,6
2019-11-14,1471.800049,56
2019-11-15,1467.300049,83
2019-11-17,null,null
2019-11-18,1470.900024,13
2019-11-19,1473.300049,141
2019-11-20,1473.300049,18
2019-11-21,1463.099976,31
2019-11-22,1463.099976,16
2019-11-24,null,null
2019-11-25,1456.599976,19
2019-11-26,1459.800049,14
2019-11-27,1453.400024,346362
2019-11-29,null,null
2019-12-01,null,null
2019-12-02,1462.300049,7020
2019-12-03,1478.199951,2172
2019-12-04,1474,1460
2019-12-05,1476.900024,613
2019-12-06,1459.099976,907
2019-12-08,null,null
2019-12-09,1459.300049,899
2019-12-10,1462.599976,1461
2019-12-11,1469.400024,367
2019-12-12,1466.699951,393
2019-12-13,1475.599976,955
2019-12-15,null,null
2019-12-16,1475,468
2019-12-17,1474.599976,99
2019-12-18,1472.599976,410
2019-12-19,1478.199951,250
2019-12-20,1474.699951,319
2019-12-22,null,null
2019-12-23,1482.5,118
2019-12-24,null,null
2019-12-26,1509.300049,52
2019-12-27,1513.800049,126
2019-12-29,null,null
2019-12-30,1514.5,839
2019-12-31,1519.5,446
2020-01-02,1524.5,301
2020-01-03,1549.199951,214
2020-01-05,1571.300049,1601769
2020-01-06,1566.199951,107
2020-01-07,1571.800049,416
2020-01-08,1557.400024,47
2020-01-09,1551.699951,236
2020-01-10,1557.5,54
2020-01-12,1559.900024,207196
2020-01-13,1548.400024,16
2020-01-14,1542.400024,48
2020-01-15,1552.099976,32
2020-01-16,1549,11
2020-01-17,1558.800049,98
2020-01-19,1557.300049,97444
2020-01-21,1556.400024,108
2020-01-22,1555.300049,45
2020-01-23,1564.599976,42
2020-01-24,1571.099976,15
2020-01-26,1582.300049,858573
2020-01-27,1576.800049,43
2020-01-28,1569.199951,22
2020-01-29,1569.800049,3
2020-01-30,1583.5,251274
2020-01-31,1582.900024,62336
2020-02-02,1593.5,372385
2020-02-03,1577.199951,1095
2020-02-04,1550.400024,1062
2020-02-05,1557.800049,978
2020-02-06,1565.099976,1305
2020-02-07,1568.599976,110
2020-02-09,1577.300049,204217
2020-02-10,1574.699951,431
2020-02-11,1565.599976,128
2020-02-12,1567.400024,440
2020-02-13,1575.099976,36
2020-02-14,1582.699951,74
2020-02-16,1585.800049,161382
2020-02-18,1600,68
2020-02-19,1607.5,310
2020-02-20,1616.599976,542
2020-02-21,1644.599976,117
2020-02-23,1667.5,1646902
2020-02-24,1672.400024,186
2020-02-25,1646.900024,435
2020-02-26,1640,409
2020-02-27,1643.099976,560547
2020-02-28,1642.5,713044
2020-03-01,null,null
2020-03-02,1566.699951,427903
2020-03-03,1594.800049,446398
2020-03-04,1644.400024,297251
2020-03-05,1643,333945
2020-03-06,1668,619051
2020-03-08,null,null
2020-03-09,1672.400024,467110
2020-03-10,1675.699951,357858
2020-03-11,1660.300049,373462
2020-03-12,1642.300049,553457
2020-03-13,1590.300049,524471
2020-03-15,null,null
2020-03-16,1516.699951,535860
2020-03-17,1486.5,415321
2020-03-18,1525.800049,412332
2020-03-19,1477.900024,306016
2020-03-20,1479.300049,253577
2020-03-22,1495.599976,1415965
2020-03-23,1575.699951,170446437
2020-03-24,1696.099976,230724452
2020-03-25,1638.099976,135796364
2020-03-26,1636.599976,101608789
2020-03-27,1630.599976,50347295
2020-03-29,1664.199951,668394
2020-03-30,1637.199951,79971500
2020-03-31,1592.400024,79259106
2020-04-01,1605.199951,85905097
2020-04-02,1637.699951,81969792
2020-04-03,1648.800049,65942638
2020-04-05,null,null
2020-04-06,1730.699951,89924751
2020-04-07,1693.900024,194263
2020-04-08,1680.699951,66999389
2020-04-09,1740.599976,90794733
2020-04-12,1738.199951,576785
2020-04-13,1769.400024,82922552
2020-04-14,1751.300049,119041708
2020-04-15,1743.300049,99885419
2020-04-16,1730.099976,99128838
2020-04-17,1694.5,125232803
2020-04-19,1690.199951,380197
2020-04-20,1707.699951,99271986
2020-04-21,1706,126145255
2020-04-22,1687.800049,187864
2020-04-23,1747.599976,100270320
2020-04-24,1745.699951,89027416
2020-04-26,1741.400024,269034
2020-04-27,1720.300049,80903668
2020-04-28,1721,96211082
2020-04-29,1722.199951,156725
2020-04-30,1713.400024,228730
2020-05-01,1694.199951,164380
2020-05-03,1706.400024,474348
2020-05-04,1700.900024,146307
2020-05-05,1712.099976,90856691
2020-05-06,1691.900024,98111911
2020-05-07,1723.199951,104619464
2020-05-08,1704.800049,106158530
2020-05-10,1708.599976,350038
2020-05-11,1700.099976,99062967
2020-05-12,1706.099976,90418137
2020-05-13,1725.800049,94675242