Date,snp,snp vol
2010-05-14,1135.680054,6126400000
2010-05-17,1136.939941,5922920000
2010-05-18,1120.800049,6170840000
2010-05-19,1115.050049,6765800000
2010-05-20,1071.589966,8328570000
2010-05-21,1087.689941,5452130000
2010-05-24,1073.650024,5224040000
2010-05-25,1074.030029,7329580000
2010-05-26,1067.949951,4521050000
2010-05-27,1103.060059,5698460000
2010-05-28,1089.410034,4871210000
2010-06-01,1070.709961,5271480000
2010-06-02,1098.380005,5026360000
2010-06-03,1102.829956,4995970000
2010-06-04,1064.880005,6180580000
2010-06-07,1050.469971,5467560000
2010-06-08,1062,6192750000
2010-06-09,1055.689941,5983200000
2010-06-10,1086.839966,5144780000
2010-06-11,1091.599976,4059280000
2010-06-14,1089.630005,4425830000
2010-06-15,1115.22998,4644490000
2010-06-16,1114.609985,5002600000
2010-06-17,1116.040039,4557760000
2010-06-18,1117.51001,4555360000
2010-06-21,1113.199951,4514360000
2010-06-22,1095.310059,4514380000
2010-06-23,1092.040039,4526150000
2010-06-24,1073.689941,4814830000
2010-06-25,1076.76001,5128840000
2010-06-28,1074.569946,3896410000
2010-06-29,1041.23999,6136700000
2010-06-30,1030.709961,5067080000
2010-07-01,1027.369995,6435770000
2010-07-02,1022.580017,3968500000
2010-07-06,1028.060059,4691240000
2010-07-07,1060.27002,4931220000
2010-07-08,1070.25,4548460000
2010-07-09,1077.959961,3506570000
2010-07-12,1078.75,3426990000
2010-07-13,1095.339966,4640460000
2010-07-14,1095.170044,4521050000
2010-07-15,1096.47998,4552470000
2010-07-16,1064.880005,5297350000
2010-07-19,1071.25,4089500000
2010-07-20,1083.47998,4713280000
2010-07-21,1069.589966,4747180000
2010-07-22,1093.670044,4826900000
2010-07-23,1102.660034,4524570000
2010-07-26,1115.01001,4009650000
2010-07-27,1113.839966,4725690000
2010-07-28,1106.130005,4002390000
2010-07-29,1101.530029,4612420000
2010-07-30,1101.599976,4006450000
2010-08-02,1125.859985,4144180000
2010-08-03,1120.459961,4071820000
2010-08-04,1127.23999,4057850000
2010-08-05,1125.810059,3685560000
2010-08-06,1121.640015,3857890000
2010-08-09,1127.790039,3979360000
2010-08-10,1121.060059,3979360000
2010-08-11,1089.469971,4511860000
2010-08-12,1083.609985,4521050000
2010-08-13,1079.25,3328890000
2010-08-16,1079.380005,3142450000
2010-08-17,1092.540039,3968210000
2010-08-18,1094.160034,3724260000
2010-08-19,1075.630005,4290540000
2010-08-20,1071.689941,3761570000
2010-08-23,1067.359985,3210950000
2010-08-24,1051.869995,4436330000
2010-08-25,1055.329956,4360190000
2010-08-26,1047.219971,3646710000
2010-08-27,1064.589966,4102460000
2010-08-30,1048.920044,2917990000
2010-08-31,1049.329956,4038770000
2010-09-01,1080.290039,4396880000
2010-09-02,1090.099976,3704210000
2010-09-03,1104.51001,3534500000
2010-09-07,1091.839966,3107380000
2010-09-08,1098.869995,3224640000
2010-09-09,1104.180054,3387770000
2010-09-10,1109.550049,3061160000
2010-09-13,1121.900024,4521050000
2010-09-14,1121.099976,4521050000
2010-09-15,1125.069946,3369840000
2010-09-16,1124.660034,3364080000
2010-09-17,1125.589966,4086140000
2010-09-20,1142.709961,3364080000
2010-09-21,1139.780029,4175660000
2010-09-22,1134.280029,3911070000
2010-09-23,1124.829956,3847850000
2010-09-24,1148.670044,4123950000
2010-09-27,1142.160034,3587860000
2010-09-28,1147.699951,4025840000
2010-09-29,1144.72998,3990280000
2010-09-30,1141.199951,4284160000
2010-10-01,1146.23999,4298910000
2010-10-04,1137.030029,3604110000
2010-10-05,1160.75,4068840000
2010-10-06,1159.969971,4073160000
2010-10-07,1158.060059,3910550000
2010-10-08,1165.150024,3871420000
2010-10-11,1165.319946,2505900000
2010-10-12,1169.77002,4076170000
2010-10-13,1178.099976,4969410000
2010-10-14,1173.810059,4969410000
2010-10-15,1176.189941,5724910000
2010-10-18,1184.709961,4450050000
2010-10-19,1165.900024,5600120000
2010-10-20,1178.170044,5027880000
2010-10-21,1180.26001,4625470000
2010-10-22,1183.079956,3177890000
2010-10-25,1185.619995,4221380000
2010-10-26,1185.640015,4203680000
2010-10-27,1182.449951,4335670000
2010-10-28,1183.780029,4283460000
2010-10-29,1183.26001,3537880000
2010-11-01,1184.380005,4129180000
2010-11-02,1193.569946,3866200000
2010-11-03,1197.959961,4665480000
2010-11-04,1221.060059,5695470000
2010-11-05,1225.849976,5637460000
2010-11-08,1223.25,3937230000
2010-11-09,1213.400024,4848040000
2010-11-10,1218.709961,4561300000
2010-11-11,1213.540039,3931120000
2010-11-12,1199.209961,4213620000
2010-11-15,1197.75,3503370000
2010-11-16,1178.339966,5116380000
2010-11-17,1178.589966,3904780000
2010-11-18,1196.689941,4687260000
2010-11-19,1199.72998,3675390000
2010-11-22,1197.839966,3689500000
2010-11-23,1180.72998,4133070000
2010-11-24,1198.349976,3384250000
2010-11-26,1189.400024,1613820000
2010-11-29,1187.76001,3673450000
2010-11-30,1180.550049,4284700000
2010-12-01,1206.069946,4548110000
2010-12-02,1221.530029,4970800000
2010-12-03,1224.709961,3735780000
2010-12-06,1223.119995,3527370000
2010-12-07,1223.75,6970630000
2010-12-08,1228.280029,4607590000
2010-12-09,1233,4522510000
2010-12-10,1240.400024,4547310000
2010-12-13,1240.459961,4361240000
2010-12-14,1241.589966,4132350000
2010-12-15,1235.22998,4407340000
2010-12-16,1242.869995,4736820000
2010-12-17,1243.910034,4632470000
2010-12-20,1247.079956,3548140000
2010-12-21,1254.599976,3479670000
2010-12-22,1258.839966,1285590000
2010-12-23,1256.77002,2515020000
2010-12-27,1257.540039,1992470000
2010-12-28,1258.51001,2478450000
2010-12-29,1259.780029,2214380000
2010-12-30,1257.880005,1970720000
2010-12-31,1257.640015,1799770000
2011-01-03,1271.869995,4286670000
2011-01-04,1270.199951,4796420000
2011-01-05,1276.560059,4764920000
2011-01-06,1273.849976,4844100000
2011-01-07,1271.5,4963110000
2011-01-10,1269.75,4036450000
2011-01-11,1274.47998,4050750000
2011-01-12,1285.959961,4226940000
2011-01-13,1283.76001,4310840000
2011-01-14,1293.23999,4661590000
2011-01-18,1295.02002,5284990000
2011-01-19,1281.920044,4743710000
2011-01-20,1280.26001,4935320000
2011-01-21,1283.349976,4935320000
2011-01-24,1290.839966,3902470000
2011-01-25,1291.180054,4595380000
2011-01-26,1296.630005,4730980000
2011-01-27,1299.540039,4309190000
2011-01-28,1276.339966,5618630000
2011-01-31,1286.119995,4167160000
2011-02-01,1307.589966,5164500000
2011-02-02,1304.030029,4098260000
2011-02-03,1307.099976,4370990000
2011-02-04,1310.869995,3925950000
2011-02-07,1319.050049,3902270000
2011-02-08,1324.569946,3881530000
2011-02-09,1320.880005,3922240000
2011-02-10,1321.869995,4184610000
2011-02-11,1329.150024,4219300000
2011-02-14,1332.319946,3567040000
2011-02-15,1328.01001,3926860000
2011-02-16,1336.319946,1966450000
2011-02-17,1340.430054,1966450000
2011-02-18,1343.01001,1162310000
2011-02-22,1315.439941,1322780000
2011-02-23,1307.400024,1330340000
2011-02-24,1306.099976,1222900000
2011-02-25,1319.880005,3836030000
2011-02-28,1327.219971,1252850000
2011-03-01,1306.329956,1180420000
2011-03-02,1308.439941,1025000000
2011-03-03,1330.969971,4340470000
2011-03-04,1321.150024,4223740000
2011-03-07,1310.130005,3964730000
2011-03-08,1321.819946,4531420000
2011-03-09,1320.02002,3709520000
2011-03-10,1295.109985,4723020000
2011-03-11,1304.280029,3740400000
2011-03-14,1296.390015,4050370000
2011-03-15,1281.869995,5201400000
2011-03-16,1256.880005,5833000000
2011-03-17,1273.719971,4134950000
2011-03-18,1279.209961,4685500000
2011-03-21,1298.380005,4223730000
2011-03-22,1293.77002,3576550000
2011-03-23,1297.540039,3842350000
2011-03-24,1309.660034,4223740000
2011-03-25,1313.800049,4223740000
2011-03-28,1310.189941,3215170000
2011-03-29,1319.439941,3482580000
2011-03-30,1328.26001,3809570000
2011-03-31,1325.829956,3566270000
2011-04-01,1332.410034,4223740000
2011-04-04,1332.869995,4223740000
2011-04-05,1332.630005,3852280000
2011-04-06,1335.540039,4223740000
2011-04-07,1333.51001,4005600000
2011-04-08,1328.170044,3582810000
2011-04-11,1324.459961,3478970000
2011-04-12,1314.160034,4275490000
2011-04-13,1314.410034,3850860000
2011-04-14,1314.52002,3872630000
2011-04-15,1319.680054,4223740000
2011-04-18,1305.140015,4223740000
2011-04-19,1312.619995,3886300000
2011-04-20,1330.359985,4236280000
2011-04-21,1337.380005,3587240000
2011-04-25,1335.25,2142130000
2011-04-26,1347.23999,3908060000
2011-04-27,1355.660034,4051570000
2011-04-28,1360.47998,4036820000
2011-04-29,1363.609985,3479070000
2011-05-02,1361.219971,3846250000
2011-05-03,1356.619995,4223740000
2011-05-04,1347.319946,4223740000
2011-05-05,1335.099976,3846250000
2011-05-06,1340.199951,4223740000
2011-05-09,1346.290039,4265250000
2011-05-10,1357.160034,4223740000
2011-05-11,1342.079956,3846250000
2011-05-12,1348.650024,3777210000
2011-05-13,1337.77002,3426660000
2011-05-16,1329.469971,3846250000
2011-05-17,1328.97998,4053970000
2011-05-18,1340.680054,3922030000
2011-05-19,1343.599976,3626110000
2011-05-20,1333.27002,4066020000
2011-05-23,1317.369995,3255580000
2011-05-24,1316.280029,3846250000
2011-05-25,1320.469971,4109670000
2011-05-26,1325.689941,3259470000
2011-05-27,1331.099976,3124560000
2011-05-31,1345.199951,4696240000
2011-06-01,1314.550049,4241090000
2011-06-02,1312.939941,3762170000
2011-06-03,1300.160034,3505030000
2011-06-06,1286.170044,3555980000
2011-06-07,1284.939941,3846250000
2011-06-08,1279.560059,3970810000
2011-06-09,1289,3332510000
2011-06-10,1270.97998,3846250000
2011-06-13,1271.829956,4132520000
2011-06-14,1287.869995,3500280000
2011-06-15,1265.420044,4070500000
2011-06-16,1267.640015,3846250000
2011-06-17,1271.5,4916460000
2011-06-20,1278.359985,3464660000
2011-06-21,1295.52002,4056150000
2011-06-22,1287.140015,3718420000
2011-06-23,1283.5,4983450000
2011-06-24,1268.449951,3665340000
2011-06-27,1280.099976,3479070000
2011-06-28,1296.670044,3681500000
2011-06-29,1307.410034,4347540000
2011-06-30,1320.640015,4200500000
2011-07-01,1339.670044,3796930000
2011-07-05,1337.880005,3722320000
2011-07-06,1339.219971,3564190000
2011-07-07,1353.219971,4069530000
2011-07-08,1343.800049,3594360000
2011-07-11,1319.48999,3879130000
2011-07-12,1313.640015,4227890000
2011-07-13,1317.719971,4060080000
2011-07-14,1308.869995,4358570000
2011-07-15,1316.140015,4242760000
2011-07-18,1305.439941,4118160000
2011-07-19,1326.72998,4304600000
2011-07-20,1325.839966,3767420000
2011-07-21,1343.800049,4837430000
2011-07-22,1345.02002,3522830000
2011-07-25,1337.430054,3536890000
2011-07-26,1331.939941,4007050000
2011-07-27,1304.890015,3479040000
2011-07-28,1300.670044,4951800000
2011-07-29,1292.280029,5061190000
2011-08-01,1286.939941,4967390000
2011-08-02,1254.050049,5206290000
2011-08-03,1260.339966,6446940000
2011-08-04,1200.069946,4266530000
2011-08-05,1199.380005,5454590000
2011-08-08,1119.459961,2615150000
2011-08-09,1172.530029,2366660000
2011-08-10,1120.76001,5018070000
2011-08-11,1172.640015,3685050000
2011-08-12,1178.810059,5640380000
2011-08-15,1204.48999,4272850000
2011-08-16,1192.76001,5071600000
2011-08-17,1193.890015,4388340000
2011-08-18,1140.650024,3234810000
2011-08-19,1123.530029,5167560000
2011-08-22,1123.819946,5436260000
2011-08-23,1162.349976,5013170000
2011-08-24,1177.599976,5315310000
2011-08-25,1159.27002,5748420000
2011-08-26,1176.800049,5035320000
2011-08-29,1210.079956,4228070000
2011-08-30,1212.920044,4572570000
2011-08-31,1218.890015,5267840000
2011-09-01,1204.420044,4780410000
2011-09-02,1173.969971,4401740000
2011-09-06,1165.23999,5103980000
2011-09-07,1198.619995,4441040000
2011-09-08,1185.900024,4465170000
2011-09-09,1154.22998,4586370000
2011-09-12,1162.27002,5168550000
2011-09-13,1172.869995,4681370000
2011-09-14,1188.680054,4986740000
2011-09-15,1209.109985,4479730000
2011-09-16,1216.01001,5248890000
2011-09-19,1204.089966,4254190000
2011-09-20,1202.089966,4315610000
2011-09-21,1166.76001,4728550000
2011-09-22,1129.560059,6703140000
2011-09-23,1136.430054,5639930000
2011-09-26,1162.949951,4762830000
2011-09-27,1175.380005,5548130000
2011-09-28,1151.060059,4787920000
2011-09-29,1160.400024,5285740000
2011-09-30,1131.420044,4416790000
2011-10-03,1099.22998,5670340000
2011-10-04,1123.949951,3714670000
2011-10-05,1144.030029,2510620000
2011-10-06,1164.969971,5098330000
2011-10-07,1155.459961,5580380000
2011-10-10,1194.890015,4446800000
2011-10-11,1195.540039,4424500000
2011-10-12,1207.25,5355360000
2011-10-13,1203.660034,4436270000
2011-10-14,1224.579956,4116690000
2011-10-17,1200.859985,4300700000
2011-10-18,1225.380005,4840170000
2011-10-19,1209.880005,4846390000
2011-10-20,1215.390015,4870290000
2011-10-21,1238.25,4980770000
2011-10-24,1254.189941,4309380000
2011-10-25,1229.050049,4473970000
2011-10-26,1242,4873530000
2011-10-27,1284.589966,6367610000
2011-10-28,1285.089966,4536690000
2011-10-31,1253.300049,4310210000
2011-11-01,1218.280029,5645540000
2011-11-02,1237.900024,4110530000
2011-11-03,1261.150024,4849140000
2011-11-04,1253.22998,3830650000
2011-11-07,1261.119995,3429740000
2011-11-08,1275.920044,3908490000
2011-11-09,1229.099976,4659740000
2011-11-10,1239.699951,4002760000
2011-11-11,1263.849976,3370180000
2011-11-14,1251.780029,3219680000
2011-11-15,1257.810059,3599300000
2011-11-16,1236.910034,4085010000
2011-11-17,1216.130005,4596450000
2011-11-18,1215.650024,3827610000
2011-11-21,1192.97998,4050070000
2011-11-22,1188.040039,3911710000
2011-11-23,1161.790039,3798940000
2011-11-25,1158.670044,1664200000
2011-11-28,1192.550049,3920750000
2011-11-29,1195.189941,3992650000
2011-11-30,1246.959961,5801910000
2011-12-01,1244.579956,3818680000
2011-12-02,1244.280029,4144310000
2011-12-05,1257.079956,4148060000
2011-12-06,1258.469971,3734230000
2011-12-07,1261.01001,4160540000
2011-12-08,1234.349976,4298370000
2011-12-09,1255.189941,3830610000
2011-12-12,1236.469971,3600570000
2011-12-13,1225.72998,4121570000
2011-12-14,1211.819946,4298290000
2011-12-15,1215.75,3810340000
2011-12-16,1219.660034,5345800000
2011-12-19,1205.349976,3659820000
2011-12-20,1241.300049,4055590000
2011-12-21,1243.719971,2959020000
2011-12-22,1254,3492250000
2011-12-23,1265.329956,2233830000
2011-12-27,1265.430054,2130590000
2011-12-28,1249.640015,2349980000
2011-12-29,1263.02002,2278130000
2011-12-30,1257.599976,2271850000
2012-01-03,1277.060059,3943710000
2012-01-04,1277.300049,3592580000
2012-01-05,1281.060059,4315950000
2012-01-06,1277.810059,3656830000
2012-01-09,1280.699951,3371600000
2012-01-10,1292.079956,4221960000
2012-01-11,1292.47998,3968120000
2012-01-12,1295.5,4019890000
2012-01-13,1289.089966,3692370000
2012-01-17,1293.670044,4010490000
2012-01-18,1308.040039,4096160000
2012-01-19,1314.5,4465890000
2012-01-20,1315.380005,3912620000
2012-01-23,1316,3770910000
2012-01-24,1314.650024,3693560000
2012-01-25,1326.060059,4410910000
2012-01-26,1318.430054,4522070000
2012-01-27,1316.329956,4007380000
2012-01-30,1313.01001,3659010000
2012-01-31,1312.410034,4235550000
2012-02-01,1324.089966,4504360000
2012-02-02,1325.540039,4120920000
2012-02-03,1344.900024,4608550000
2012-02-06,1344.329956,3379700000
2012-02-07,1347.050049,3742460000
2012-02-08,1349.959961,4096730000
2012-02-09,1351.949951,4209890000
2012-02-10,1342.640015,3877580000
2012-02-13,1351.77002,3618040000
2012-02-14,1350.5,3889520000
2012-02-15,1343.22998,4080340000
2012-02-16,1358.040039,4108880000
2012-02-17,1361.22998,3717640000
2012-02-21,1362.209961,3795200000
2012-02-22,1357.660034,3633710000
2012-02-23,1363.459961,3786450000
2012-02-24,1365.73999,3505360000
2012-02-27,1367.589966,3648890000
2012-02-28,1372.180054,3579120000
2012-02-29,1365.680054,4482370000
2012-03-01,1374.089966,3919240000
2012-03-02,1369.630005,3283490000
2012-03-05,1364.329956,3429480000
2012-03-06,1343.359985,4191060000
2012-03-07,1352.630005,3580380000
2012-03-08,1365.910034,3543060000
2012-03-09,1370.869995,3639470000
2012-03-12,1371.089966,3081870000
2012-03-13,1395.949951,4386470000
2012-03-14,1394.280029,4502280000
2012-03-15,1402.599976,4271650000
2012-03-16,1404.170044,5163950000
2012-03-19,1409.75,3932570000
2012-03-20,1405.52002,3695280000
2012-03-21,1402.890015,3573590000
2012-03-22,1392.780029,3740590000
2012-03-23,1397.109985,3472950000
2012-03-26,1416.51001,3576950000
2012-03-27,1412.52002,3513640000
2012-03-28,1405.540039,3892800000
2012-03-29,1403.280029,3832000000
2012-03-30,1408.469971,3676890000
2012-04-02,1419.040039,3572010000
2012-04-03,1413.380005,3822090000
2012-04-04,1398.959961,3938290000
2012-04-05,1398.079956,3303740000
2012-04-09,1382.199951,3468980000
2012-04-10,1358.589966,4631730000
2012-04-11,1368.709961,3743040000
2012-04-12,1387.569946,3618280000
2012-04-13,1370.26001,3631160000
2012-04-16,1369.569946,3574780000
2012-04-17,1390.780029,3456200000
2012-04-18,1385.140015,3463140000
2012-04-19,1376.920044,4180020000
2012-04-20,1378.530029,3833320000
2012-04-23,1366.939941,3654860000
2012-04-24,1371.969971,3617100000
2012-04-25,1390.689941,3998430000
2012-04-26,1399.97998,4034700000
2012-04-27,1403.359985,3645830000
2012-04-30,1397.910034,3574010000
2012-05-01,1405.819946,3807950000
2012-05-02,1402.310059,3803860000
2012-05-03,1391.569946,4004910000
2012-05-04,1369.099976,3975140000
2012-05-07,1369.579956,3559390000
2012-05-08,1363.719971,4261670000
2012-05-09,1354.579956,4288540000
2012-05-10,1357.98999,3727990000
2012-05-11,1353.390015,3869070000
2012-05-14,1338.349976,3688120000
2012-05-15,1330.660034,4114040000
2012-05-16,1324.800049,4280420000
2012-05-17,1304.859985,4664280000
2012-05-18,1295.219971,4512470000
2012-05-21,1315.98999,3786750000
2012-05-22,1316.630005,4123680000
2012-05-23,1318.859985,4108330000
2012-05-24,1320.680054,3937670000
2012-05-25,1317.819946,2872660000
2012-05-29,1332.420044,3441640000
2012-05-30,1313.319946,3534290000
2012-05-31,1310.329956,4557620000
2012-06-01,1278.040039,4669350000
2012-06-04,1278.180054,4011960000
2012-06-05,1285.5,3403230000
2012-06-06,1315.130005,4268360000
2012-06-07,1314.98999,4258140000
2012-06-08,1325.660034,3497190000
2012-06-11,1308.930054,3537530000
2012-06-12,1324.180054,3442920000
2012-06-13,1314.880005,3506510000
2012-06-14,1329.099976,3687720000
2012-06-15,1342.839966,4401570000
2012-06-18,1344.780029,3259430000
2012-06-19,1357.97998,3815350000
2012-06-20,1355.689941,3695700000
2012-06-21,1325.51001,4094470000
2012-06-22,1335.02002,5271490000
2012-06-25,1313.719971,3501820000
2012-06-26,1319.98999,3412940000
2012-06-27,1331.849976,3286910000
2012-06-28,1329.040039,3969370000
2012-06-29,1362.160034,4590480000
2012-07-02,1365.51001,3301650000
2012-07-03,1374.02002,2116390000
2012-07-05,1367.579956,3041520000
2012-07-06,1354.680054,2745140000
2012-07-09,1352.459961,2904860000
2012-07-10,1341.469971,3470600000
2012-07-11,1341.449951,3426290000
2012-07-12,1334.76001,3654440000
2012-07-13,1356.780029,3212930000
2012-07-16,1353.640015,2862720000
2012-07-17,1363.670044,3566680000
2012-07-18,1372.780029,3642630000
2012-07-19,1376.51001,4043360000
2012-07-20,1362.660034,3925020000
2012-07-23,1350.52002,3717180000
2012-07-24,1338.310059,3891290000
2012-07-25,1337.890015,3719170000
2012-07-26,1360.02002,4429300000
2012-07-27,1385.969971,4399010000
2012-07-30,1385.300049,3212060000
2012-07-31,1379.319946,3821570000
2012-08-01,1375.319946,4440920000
2012-08-02,1365,4193740000
2012-08-03,1390.98999,3751170000
2012-08-06,1394.22998,3122050000
2012-08-07,1401.349976,3682490000
2012-08-08,1402.219971,3221790000
2012-08-09,1402.800049,3119610000
2012-08-10,1405.869995,2767980000
2012-08-13,1404.109985,2499990000
2012-08-14,1403.930054,2930900000
2012-08-15,1405.530029,2655750000
2012-08-16,1415.51001,3114100000
2012-08-17,1418.160034,2922990000
2012-08-20,1418.130005,2766320000
2012-08-21,1413.170044,3282950000
2012-08-22,1413.48999,3062690000
2012-08-23,1402.079956,3008240000
2012-08-24,1411.130005,2598790000
2012-08-27,1410.439941,2472500000
2012-08-28,1409.300049,2629090000
2012-08-29,1410.48999,2571220000
2012-08-30,1399.47998,2530280000
2012-08-31,1406.579956,2938250000
2012-09-04,1404.939941,3200310000
2012-09-05,1403.439941,3389110000
2012-09-06,1432.119995,3952870000
2012-09-07,1437.920044,3717620000
2012-09-10,1429.079956,3223670000
2012-09-11,1433.560059,3509630000
2012-09-12,1436.560059,3641200000
2012-09-13,1459.98999,4606550000
2012-09-14,1465.77002,5041990000
2012-09-17,1461.189941,3482430000
2012-09-18,1459.319946,3377390000
2012-09-19,1461.050049,3451360000
2012-09-20,1460.26001,3382520000
2012-09-21,1460.150024,4833870000
2012-09-24,1456.890015,3008920000
2012-09-25,1441.589966,3739900000
2012-09-26,1433.319946,3565380000
2012-09-27,1447.150024,3150330000
2012-09-28,1440.670044,3509230000
2012-10-01,1444.48999,3505080000
2012-10-02,1445.75,3321790000
2012-10-03,1450.98999,3531640000
2012-10-04,1461.400024,3615860000
2012-10-05,1460.930054,3172940000
2012-10-08,1455.880005,2328720000
2012-10-09,1441.47998,3216320000
2012-10-10,1432.560059,3225060000
2012-10-11,1432.839966,3672540000
2012-10-12,1428.589966,3134750000
2012-10-15,1440.130005,3483810000
2012-10-16,1454.920044,3568770000
2012-10-17,1460.910034,3655320000
2012-10-18,1457.339966,3880030000
2012-10-19,1433.189941,3875170000
2012-10-22,1433.819946,3216220000
2012-10-23,1413.109985,3587670000
2012-10-24,1408.75,3385970000
2012-10-25,1412.969971,3512640000
2012-10-26,1411.939941,3284910000
2012-10-31,1412.160034,3577110000
2012-11-01,1427.589966,3929890000
2012-11-02,1414.199951,3732480000
2012-11-05,1417.26001,2921040000
2012-11-06,1428.390015,3306970000
2012-11-07,1394.530029,4356490000
2012-11-08,1377.51001,3779520000
2012-11-09,1379.849976,3647350000
2012-11-12,1380.030029,2567540000
2012-11-13,1374.530029,3455550000
2012-11-14,1355.48999,4109510000
2012-11-15,1353.329956,3928870000
2012-11-16,1359.880005,4045910000
2012-11-19,1386.890015,3374800000
2012-11-20,1387.810059,3207160000
2012-11-21,1391.030029,2667090000
2012-11-23,1409.150024,1504960000
2012-11-26,1406.290039,2948960000
2012-11-27,1398.939941,3323120000
2012-11-28,1409.930054,3359250000
2012-11-29,1415.949951,3356850000
2012-11-30,1416.180054,3966000000
2012-12-03,1409.459961,3074280000
2012-12-04,1407.050049,3247710000
2012-12-05,1409.280029,4253920000
2012-12-06,1413.939941,3229700000
2012-12-07,1418.069946,3125160000
2012-12-10,1418.550049,2999430000
2012-12-11,1427.839966,3650230000
2012-12-12,1428.47998,3709050000
2012-12-13,1419.449951,3349960000
2012-12-14,1413.579956,3210170000
2012-12-17,1430.359985,3455610000
2012-12-18,1446.790039,4302240000
2012-12-19,1435.810059,3869800000
2012-12-20,1443.689941,3686580000
2012-12-21,1430.150024,5229160000
2012-12-24,1426.660034,1248960000
2012-12-26,1419.829956,2285030000
2012-12-27,1418.099976,2830180000
2012-12-28,1402.430054,2426680000
2012-12-31,1426.189941,3204330000
2013-01-02,1462.420044,4202600000
2013-01-03,1459.369995,3829730000
2013-01-04,1466.469971,3424290000
2013-01-07,1461.890015,3304970000
2013-01-08,1457.150024,3601600000
2013-01-09,1461.02002,3674390000
2013-01-10,1472.119995,4081840000
2013-01-11,1472.050049,3340650000
2013-01-14,1470.680054,3003010000
2013-01-15,1472.339966,3135350000
2013-01-16,1472.630005,3384080000
2013-01-17,1480.939941,3706710000
2013-01-18,1485.97998,3795740000
2013-01-22,1492.560059,3570950000
2013-01-23,1494.810059,3552010000
2013-01-24,1494.819946,3699430000
2013-01-25,1502.959961,3476290000
2013-01-28,1500.180054,3388540000
2013-01-29,1507.839966,3949640000
2013-01-30,1501.959961,3726810000
2013-01-31,1498.109985,3999880000
2013-02-01,1513.170044,3836320000
2013-02-04,1495.709961,3390000000
2013-02-05,1511.290039,3618360000
2013-02-06,1512.119995,3611570000
2013-02-07,1509.390015,3614580000
2013-02-08,1517.930054,2986150000
2013-02-11,1517.01001,2684100000
2013-02-12,1519.430054,3414370000
2013-02-13,1520.329956,3385880000
2013-02-14,1521.380005,3759740000
2013-02-15,1519.790039,3838510000
2013-02-19,1530.939941,3748910000
2013-02-20,1511.949951,4240570000
2013-02-21,1502.420044,4274600000
2013-02-22,1515.599976,3419320000
2013-02-25,1487.849976,4011050000
2013-02-26,1496.939941,3975280000
2013-02-27,1515.98999,3551850000
2013-02-28,1514.680054,3912320000
2013-03-01,1518.199951,3695610000
2013-03-04,1525.199951,3414430000
2013-03-05,1539.790039,3610690000
2013-03-06,1541.459961,3676890000
2013-03-07,1544.26001,3634710000
2013-03-08,1551.180054,3652260000
2013-03-11,1556.219971,3091080000
2013-03-12,1552.47998,3274910000
2013-03-13,1554.52002,3073830000
2013-03-14,1563.22998,3459260000
2013-03-15,1560.699951,5175850000
2013-03-18,1552.099976,3164560000
2013-03-19,1548.339966,3796210000
2013-03-20,1558.709961,3349090000
2013-03-21,1545.800049,3243270000
2013-03-22,1556.890015,2948380000
2013-03-25,1551.689941,3178170000
2013-03-26,1563.77002,2869260000
2013-03-27,1562.849976,2914210000
2013-03-28,1569.189941,3304440000
2013-04-01,1562.170044,2753110000
2013-04-02,1570.25,3312160000
2013-04-03,1553.689941,4060610000
2013-04-04,1559.97998,3350670000
2013-04-05,1553.280029,3515410000
2013-04-08,1563.069946,2887120000
2013-04-09,1568.609985,3252780000
2013-04-10,1587.72998,3453350000
2013-04-11,1593.369995,3393950000
2013-04-12,1588.849976,3206290000
2013-04-15,1552.359985,4660130000
2013-04-16,1574.569946,3654700000
2013-04-17,1552.01001,4250310000
2013-04-18,1541.609985,3890800000
2013-04-19,1555.25,3569870000
2013-04-22,1562.5,2979880000
2013-04-23,1578.780029,3565150000
2013-04-24,1578.790039,3598240000
2013-04-25,1585.160034,3908580000
2013-04-26,1582.23999,3198620000
2013-04-29,1593.609985,2891200000
2013-04-30,1597.569946,3745070000
2013-05-01,1582.699951,3530320000
2013-05-02,1597.589966,3366950000
2013-05-03,1614.420044,3603910000
2013-05-06,1617.5,3062240000
2013-05-07,1625.959961,3309580000
2013-05-08,1632.689941,3554700000
2013-05-09,1626.670044,3457400000
2013-05-10,1633.699951,3086470000
2013-05-13,1633.77002,2910600000
2013-05-14,1650.339966,3457790000
2013-05-15,1658.780029,3657440000
2013-05-16,1650.469971,3513130000
2013-05-17,1667.469971,3440710000
2013-05-20,1666.290039,3275080000
2013-05-21,1669.160034,3513560000
2013-05-22,1655.349976,4361020000
2013-05-23,1650.51001,3945510000
2013-05-24,1649.599976,2758080000
2013-05-28,1660.060059,3457400000
2013-05-29,1648.359985,3587140000
2013-05-30,1654.410034,3498620000
2013-05-31,1630.73999,4099600000
2013-06-03,1640.420044,3952070000
2013-06-04,1631.380005,3653840000
2013-06-05,1608.900024,3632350000
2013-06-06,1622.560059,3547380000
2013-06-07,1643.380005,3371990000
2013-06-10,1642.810059,2978730000
2013-06-11,1626.130005,3435710000
2013-06-12,1612.52002,3202550000
2013-06-13,1636.359985,3378620000
2013-06-14,1626.72998,2939400000
2013-06-17,1639.040039,3137080000
2013-06-18,1651.810059,3120980000
2013-06-19,1628.930054,3545060000
2013-06-20,1588.189941,4858850000
2013-06-21,1592.430054,5797280000
2013-06-24,1573.089966,4733660000
2013-06-25,1588.030029,3761170000
2013-06-26,1603.26001,3558340000
2013-06-27,1613.199951,3364540000
2013-06-28,1606.280029,4977190000
2013-07-01,1614.959961,3104690000
2013-07-02,1614.079956,3317130000
2013-07-03,1615.410034,1966050000
2013-07-05,1631.890015,2634140000
2013-07-08,1640.459961,3514590000
2013-07-09,1652.319946,3155360000
2013-07-10,1652.619995,3011010000
2013-07-11,1675.02002,3446340000
2013-07-12,1680.189941,3039070000
2013-07-15,1682.5,2623200000
2013-07-16,1676.26001,3081710000
2013-07-17,1680.910034,3153440000
2013-07-18,1689.369995,3452370000
2013-07-19,1692.089966,3302580000
2013-07-22,1695.530029,2779130000
2013-07-23,1692.390015,3096180000
2013-07-24,1685.939941,3336120000
2013-07-25,1690.25,3322500000
2013-07-26,1691.650024,2762770000
2013-07-29,1685.329956,2840520000
2013-07-30,1685.959961,3320530000
2013-07-31,1685.72998,3847390000
2013-08-01,1706.869995,3775170000
2013-08-02,1709.670044,3136630000
2013-08-05,1707.140015,2529300000
2013-08-06,1697.369995,3141210000
2013-08-07,1690.910034,3010230000
2013-08-08,1697.47998,3271660000
2013-08-09,1691.420044,2957670000
2013-08-12,1689.469971,2789160000
2013-08-13,1694.160034,3035560000
2013-08-14,1685.390015,2871430000
2013-08-15,1661.319946,3426690000
2013-08-16,1655.829956,3211450000
2013-08-19,1646.060059,2904530000
2013-08-20,1652.349976,2994090000
2013-08-21,1642.800049,2932180000
2013-08-22,1656.959961,2537460000
2013-08-23,1663.5,2582670000
2013-08-26,1656.780029,2430670000
2013-08-27,1630.47998,3219190000
2013-08-28,1634.959961,2784010000
2013-08-29,1638.170044,2527550000
2013-08-30,1632.969971,2734300000
2013-09-03,1639.77002,3731610000
2013-09-04,1653.079956,3312150000
2013-09-05,1655.079956,2957110000
2013-09-06,1655.170044,3123880000
2013-09-09,1671.709961,3102780000
2013-09-10,1683.98999,3691800000
2013-09-11,1689.130005,3135460000
2013-09-12,1683.420044,3106290000
2013-09-13,1687.98999,2736500000
2013-09-16,1697.599976,3079800000
2013-09-17,1704.76001,2774240000
2013-09-18,1725.52002,3989760000
2013-09-19,1722.339966,3740130000
2013-09-20,1709.910034,5074030000
2013-09-23,1701.839966,3126950000
2013-09-24,1697.420044,3268930000
2013-09-25,1692.77002,3148730000
2013-09-26,1698.670044,2813930000
2013-09-27,1691.75,2951700000
2013-09-30,1681.550049,3308630000
2013-10-01,1695,3238690000
2013-10-02,1693.869995,3148600000
2013-10-03,1678.660034,3279650000
2013-10-04,1690.5,2880270000
2013-10-07,1676.119995,2678490000
2013-10-08,1655.449951,3569230000
2013-10-09,1656.400024,3577840000
2013-10-10,1692.560059,3362300000
2013-10-11,1703.199951,2944670000
2013-10-14,1710.140015,2580580000
2013-10-15,1698.060059,3327740000
2013-10-16,1721.540039,3486180000
2013-10-17,1733.150024,3453590000
2013-10-18,1744.5,3664890000
2013-10-21,1744.660034,3052710000
2013-10-22,1754.670044,3850840000
2013-10-23,1746.380005,3713380000
2013-10-24,1752.069946,3671700000
2013-10-25,1759.77002,3175720000
2013-10-28,1762.109985,3282300000
2013-10-29,1771.949951,3358460000
2013-10-30,1763.310059,3523040000
2013-10-31,1756.540039,3826530000
2013-11-01,1761.640015,3686290000
2013-11-04,1767.930054,3194870000
2013-11-05,1762.969971,3516680000
2013-11-06,1770.48999,3322100000
2013-11-07,1747.150024,4143200000
2013-11-08,1770.609985,3837170000
2013-11-11,1771.890015,2534060000
2013-11-12,1767.689941,3221030000
2013-11-13,1782,3327480000
2013-11-14,1790.619995,3139060000
2013-11-15,1798.180054,3254820000
2013-11-18,1791.530029,3168520000
2013-11-19,1787.869995,3224450000
2013-11-20,1781.369995,3109140000
2013-11-21,1795.849976,3256630000
2013-11-22,1804.76001,3055140000
2013-11-25,1802.47998,2998540000
2013-11-26,1802.75,3427120000
2013-11-27,1807.22998,2613590000
2013-11-29,1805.810059,1598300000
2013-12-02,1800.900024,3095430000
2013-12-03,1795.150024,3475680000
2013-12-04,1792.810059,3610540000
2013-12-05,1785.030029,3336880000
2013-12-06,1805.089966,3150030000
2013-12-09,1808.369995,3129500000
2013-12-10,1802.619995,3117150000
2013-12-11,1782.219971,3472240000
2013-12-12,1775.5,3306640000
2013-12-13,1775.319946,3061070000
2013-12-16,1786.540039,3209890000
2013-12-17,1781,3270030000
2013-12-18,1810.650024,4327770000
2013-12-19,1809.599976,3497210000
2013-12-20,1818.319946,5097700000
2013-12-23,1827.98999,2851540000
2013-12-24,1833.319946,1307630000
2013-12-26,1842.02002,1982270000
2013-12-27,1841.400024,2052920000
2013-12-30,1841.069946,2293860000
2013-12-31,1848.359985,2312840000
2014-01-02,1831.97998,3080600000
2014-01-03,1831.369995,2774270000
2014-01-06,1826.77002,3294850000
2014-01-07,1837.880005,3511750000
2014-01-08,1837.48999,3652140000
2014-01-09,1838.130005,3581150000
2014-01-10,1842.369995,3335710000
2014-01-13,1819.199951,3591350000
2014-01-14,1838.880005,3353270000
2014-01-15,1848.380005,3777800000
2014-01-16,1845.890015,3491310000
2014-01-17,1838.699951,3626120000
2014-01-21,1843.800049,3782470000
2014-01-22,1844.859985,3374170000
2014-01-23,1828.459961,3972250000
2014-01-24,1790.290039,4618450000
2014-01-27,1781.560059,4045200000
2014-01-28,1792.5,3437830000
2014-01-29,1774.199951,3964020000
2014-01-30,1794.189941,3547510000
2014-01-31,1782.589966,4059690000
2014-02-03,1741.890015,4726040000
2014-02-04,1755.199951,4068410000
2014-02-05,1751.640015,3984290000
2014-02-06,1773.430054,3825410000
2014-02-07,1797.02002,3775990000
2014-02-10,1799.839966,3312160000
2014-02-11,1819.75,3699380000
2014-02-12,1819.26001,3326380000
2014-02-13,1829.829956,3289510000
2014-02-14,1838.630005,3114750000
2014-02-18,1840.76001,3421110000
2014-02-19,1828.75,3661570000
2014-02-20,1839.780029,3404980000
2014-02-21,1836.25,3403880000
2014-02-24,1847.609985,4014530000
2014-02-25,1845.119995,3515560000
2014-02-26,1845.160034,3716730000
2014-02-27,1854.290039,3547460000
2014-02-28,1859.449951,3917450000
2014-03-03,1845.72998,3428220000
2014-03-04,1873.910034,3765770000
2014-03-05,1873.810059,3392990000
2014-03-06,1877.030029,3360450000
2014-03-07,1878.040039,3564740000
2014-03-10,1877.170044,3021350000
2014-03-11,1867.630005,3392400000
2014-03-12,1868.199951,3270860000
2014-03-13,1846.339966,3670990000
2014-03-14,1841.130005,3285460000
2014-03-17,1858.829956,2860490000
2014-03-18,1872.25,2930190000
2014-03-19,1860.77002,3289210000
2014-03-20,1872.01001,3327540000
2014-03-21,1866.52002,5270710000
2014-03-24,1857.439941,3409000000
2014-03-25,1865.619995,3200560000
2014-03-26,1852.560059,3480850000
2014-03-27,1849.040039,3733430000
2014-03-28,1857.619995,2955520000
2014-03-31,1872.339966,3274300000
2014-04-01,1885.52002,3336190000
2014-04-02,1890.900024,3131660000
2014-04-03,1888.77002,3055600000
2014-04-04,1865.089966,3583750000
2014-04-07,1845.040039,3801540000
2014-04-08,1851.959961,3721450000
2014-04-09,1872.180054,3308650000
2014-04-10,1833.079956,3758780000
2014-04-11,1815.689941,3743460000
2014-04-14,1830.609985,3111540000
2014-04-15,1842.97998,3736440000
2014-04-16,1862.310059,3155080000
2014-04-17,1864.849976,3341430000
2014-04-21,1871.890015,2642500000
2014-04-22,1879.550049,3215440000
2014-04-23,1875.390015,3085720000
2014-04-24,1878.609985,3191830000
2014-04-25,1863.400024,3213020000
2014-04-28,1869.430054,4034680000
2014-04-29,1878.329956,3647820000
2014-04-30,1883.949951,3779230000
2014-05-01,1883.680054,3416740000
2014-05-02,1881.140015,3159560000
2014-05-05,1884.660034,2733730000
2014-05-06,1867.719971,3327260000
2014-05-07,1878.209961,3632950000
2014-05-08,1875.630005,3393420000
2014-05-09,1878.47998,3025020000
2014-05-12,1896.650024,3005740000
2014-05-13,1897.449951,2915680000
2014-05-14,1888.530029,2822060000
2014-05-15,1870.849976,3552640000
2014-05-16,1877.859985,3173650000
2014-05-19,1885.079956,2664250000
2014-05-20,1872.829956,3007700000
2014-05-21,1888.030029,2777140000
2014-05-22,1892.48999,2759800000
2014-05-23,1900.530029,2396280000
2014-05-27,1911.910034,2911020000
2014-05-28,1909.780029,2976450000
2014-05-29,1920.030029,2709050000
2014-05-30,1923.569946,3263490000
2014-06-02,1924.969971,2509020000
2014-06-03,1924.23999,2867180000
2014-06-04,1927.880005,2793920000
2014-06-05,1940.459961,3113270000
2014-06-06,1949.439941,2864300000
2014-06-09,1951.27002,2812180000
2014-06-10,1950.790039,2702360000
2014-06-11,1943.890015,2710620000
2014-06-12,1930.109985,3040480000
2014-06-13,1936.160034,2598230000
2014-06-16,1937.780029,2926130000
2014-06-17,1941.98999,2971260000
2014-06-18,1956.97998,3065220000
2014-06-19,1959.47998,2952150000
2014-06-20,1962.869995,4336240000
2014-06-23,1962.609985,2717630000
2014-06-24,1949.97998,3089700000
2014-06-25,1959.530029,3106710000
2014-06-26,1957.219971,2778840000
2014-06-27,1960.959961,4290590000
2014-06-30,1960.22998,3037350000
2014-07-01,1973.319946,3188240000
2014-07-02,1974.619995,2851480000
2014-07-03,1985.439941,1998090000
2014-07-07,1977.650024,2681260000
2014-07-08,1963.709961,3302430000
2014-07-09,1972.829956,2858800000
2014-07-10,1964.680054,3165690000
2014-07-11,1967.569946,2684630000
2014-07-14,1977.099976,2744920000
2014-07-15,1973.280029,3328740000
2014-07-16,1981.569946,3390950000
2014-07-17,1958.119995,3381680000
2014-07-18,1978.219971,3106060000
2014-07-21,1973.630005,2611160000
2014-07-22,1983.530029,2890480000
2014-07-23,1987.01001,2869720000
2014-07-24,1987.97998,3203530000
2014-07-25,1978.339966,2638960000
2014-07-28,1978.910034,2803320000
2014-07-29,1969.949951,3183300000
2014-07-30,1970.069946,3448250000
2014-07-31,1930.670044,4193000000
2014-08-01,1925.150024,3789660000
2014-08-04,1938.98999,3072920000
2014-08-05,1920.209961,3462520000
2014-08-06,1920.23999,3539150000
2014-08-07,1909.569946,3230520000
2014-08-08,1931.589966,2902280000
2014-08-11,1936.920044,2784890000
2014-08-12,1933.75,2611700000
2014-08-13,1946.719971,2718020000
2014-08-14,1955.180054,2609460000
2014-08-15,1955.060059,3023380000
2014-08-18,1971.73999,2638160000
2014-08-19,1981.599976,2656430000
2014-08-20,1986.51001,2579560000
2014-08-21,1992.369995,2638920000
2014-08-22,1988.400024,2301860000
2014-08-25,1997.920044,2233880000
2014-08-26,2000.02002,2451950000
2014-08-27,2000.119995,2344350000
2014-08-28,1996.73999,2282400000
2014-08-29,2003.369995,2259130000
2014-09-02,2002.280029,2819980000
2014-09-03,2000.719971,2809980000
2014-09-04,1997.650024,3072410000
2014-09-05,2007.709961,2818300000
2014-09-08,2001.540039,2789090000
2014-09-09,1988.439941,2882830000
2014-09-10,1995.689941,2912430000
2014-09-11,1997.449951,2941690000
2014-09-12,1985.540039,3206570000
2014-09-15,1984.130005,2776530000
2014-09-16,1998.97998,3160310000
2014-09-17,2001.569946,3209420000
2014-09-18,2011.359985,3235340000
2014-09-19,2010.400024,4880220000
2014-09-22,1994.290039,3349670000
2014-09-23,1982.77002,3279350000
2014-09-24,1998.300049,3313850000
2014-09-25,1965.98999,3273050000
2014-09-26,1982.849976,2929440000
2014-09-29,1977.800049,3094440000
2014-09-30,1972.290039,3951100000
2014-10-01,1946.160034,4188590000
2014-10-02,1946.170044,4012510000
2014-10-03,1967.900024,3560970000
2014-10-06,1964.819946,3358220000
2014-10-07,1935.099976,3687870000
2014-10-08,1968.890015,4441890000
2014-10-09,1928.209961,4344020000
2014-10-10,1906.130005,4550540000
2014-10-13,1874.73999,4352580000
2014-10-14,1877.699951,4812010000
2014-10-15,1862.48999,6090800000
2014-10-16,1862.76001,5073150000
2014-10-17,1886.76001,4482120000
2014-10-20,1904.01001,3331210000
2014-10-21,1941.280029,3987090000
2014-10-22,1927.109985,3761930000
2014-10-23,1950.819946,3789250000
2014-10-24,1964.579956,3078380000
2014-10-27,1961.630005,3538860000
2014-10-28,1985.050049,3653260000
2014-10-29,1982.300049,3740350000
2014-10-30,1994.650024,3586150000
2014-10-31,2018.050049,4292290000
2014-11-03,2017.810059,3555440000
2014-11-04,2012.099976,3956260000
2014-11-05,2023.569946,3766590000
2014-11-06,2031.209961,3669770000
2014-11-07,2031.920044,3704280000
2014-11-10,2038.26001,3284940000
2014-11-11,2039.680054,2958320000
2014-11-12,2038.25,3246650000
2014-11-13,2039.329956,3455270000
2014-11-14,2039.819946,3227130000
2014-11-17,2041.319946,3152890000
2014-11-18,2051.800049,3416190000
2014-11-19,2048.719971,3390850000
2014-11-20,2052.75,3128290000
2014-11-21,2063.5,3916420000
2014-11-24,2069.409912,3128060000
2014-11-25,2067.030029,3392940000
2014-11-26,2072.830078,2745260000
2014-11-28,2067.560059,2504640000
2014-12-01,2053.439941,4159010000
2014-12-02,2066.550049,3686650000
2014-12-03,2074.330078,3612680000
2014-12-04,2071.919922,3408340000
2014-12-05,2075.370117,3419620000
2014-12-08,2060.310059,3800990000
2014-12-09,2059.820068,3970150000
2014-12-10,2026.140015,4114440000
2014-12-11,2035.329956,3917950000
2014-12-12,2002.329956,4157650000
2014-12-15,1989.630005,4361990000
2014-12-16,1972.73999,4958680000
2014-12-17,2012.890015,4942370000
2014-12-18,2061.22998,4703380000
2014-12-19,2070.649902,6465530000
2014-12-22,2078.540039,3369520000
2014-12-23,2082.169922,3043950000
2014-12-24,2081.879883,1416980000
2014-12-26,2088.77002,1735230000
2014-12-29,2090.570068,2452360000
2014-12-30,2080.350098,2440280000
2014-12-31,2058.899902,2606070000
2015-01-02,2058.199951,2708700000
2015-01-05,2020.579956,3799120000
2015-01-06,2002.609985,4460110000
2015-01-07,2025.900024,3805480000
2015-01-08,2062.139893,3934010000
2015-01-09,2044.810059,3364140000
2015-01-12,2028.26001,3456460000
2015-01-13,2023.030029,4107300000
2015-01-14,2011.27002,4378680000
2015-01-15,1992.670044,4276720000
2015-01-16,2019.420044,4056410000
2015-01-20,2022.550049,3944340000
2015-01-21,2032.119995,3730070000
2015-01-22,2063.149902,4176050000
2015-01-23,2051.820068,3573560000
2015-01-26,2057.090088,3465760000
2015-01-27,2029.550049,3329810000
2015-01-28,2002.160034,4067530000
2015-01-29,2021.25,4127140000
2015-01-30,1994.98999,4568650000
2015-02-02,2020.849976,4008330000
2015-02-03,2050.030029,4615900000
2015-02-04,2041.51001,4141920000
2015-02-05,2062.52002,3821990000
2015-02-06,2055.469971,4232970000
2015-02-09,2046.73999,3549540000
2015-02-10,2068.590088,3669850000
2015-02-11,2068.530029,3596860000
2015-02-12,2088.47998,3788350000
2015-02-13,2096.98999,3527450000
2015-02-17,2100.340088,3361750000
2015-02-18,2099.679932,3370020000
2015-02-19,2097.449951,3247100000
2015-02-20,2110.300049,3281600000
2015-02-23,2109.659912,3093680000
2015-02-24,2115.47998,3199840000
2015-02-25,2113.860107,3312340000
2015-02-26,2110.73999,3408690000
2015-02-27,2104.5,3547380000
2015-03-02,2117.389893,3409490000
2015-03-03,2107.780029,3262300000
2015-03-04,2098.530029,3421110000
2015-03-05,2101.040039,3103030000
2015-03-06,2071.26001,3853570000
2015-03-09,2079.429932,3349090000
2015-03-10,2044.160034,3668900000
2015-03-11,2040.23999,3406570000
2015-03-12,2065.949951,3405860000
2015-03-13,2053.399902,3498560000
2015-03-16,2081.189941,3295600000
2015-03-17,2074.280029,3221840000
2015-03-18,2099.5,4128210000
2015-03-19,2089.27002,3305220000
2015-03-20,2108.100098,5554120000
2015-03-23,2104.419922,3267960000
2015-03-24,2091.5,3189820000
2015-03-25,2061.050049,3521140000
2015-03-26,2056.149902,3510670000
2015-03-27,2061.02002,3008550000
2015-03-30,2086.23999,2917690000
2015-03-31,2067.889893,3376550000
2015-04-01,2059.689941,3543270000
2015-04-02,2066.959961,3095960000
2015-04-06,2080.620117,3302970000
2015-04-07,2076.330078,3065510000
2015-04-08,2081.899902,3265330000
2015-04-09,2091.179932,3172360000
2015-04-10,2102.060059,3156200000
2015-04-13,2092.429932,2908420000
2015-04-14,2095.840088,3301270000
2015-04-15,2106.629883,4013760000
2015-04-16,2104.98999,3434120000
2015-04-17,2081.179932,3627600000
2015-04-20,2100.399902,3000160000
2015-04-21,2097.290039,3243410000
2015-04-22,2107.959961,3348480000
2015-04-23,2112.929932,3636670000
2015-04-24,2117.689941,3375780000
2015-04-27,2108.919922,3438750000
2015-04-28,2114.76001,3546270000
2015-04-29,2106.850098,4074970000
2015-04-30,2085.51001,4509680000
2015-05-01,2108.290039,3379390000
2015-05-04,2114.48999,3091580000
2015-05-05,2089.459961,3793950000
2015-05-06,2080.149902,3792210000
2015-05-07,2088,3676640000
2015-05-08,2116.100098,3399440000
2015-05-11,2105.330078,2992670000
2015-05-12,2099.120117,3139520000
2015-05-13,2098.47998,3374260000
2015-05-14,2121.100098,3225740000
2015-05-15,2122.72998,3092080000
2015-05-18,2129.199951,2888190000
2015-05-19,2127.830078,3296030000
2015-05-20,2125.850098,3025880000
2015-05-21,2130.820068,3070460000
2015-05-22,2126.060059,2571860000
2015-05-26,2104.199951,3342130000
2015-05-27,2123.47998,3127960000
2015-05-28,2120.790039,2980350000
2015-05-29,2107.389893,3927390000
2015-06-01,2111.72998,3011710000
2015-06-02,2109.600098,3049350000
2015-06-03,2114.070068,3099980000
2015-06-04,2095.840088,3200050000
2015-06-05,2092.830078,3243690000
2015-06-08,2079.280029,2917150000
2015-06-09,2080.149902,3034580000
2015-06-10,2105.199951,3414320000
2015-06-11,2108.860107,3128600000
2015-06-12,2094.110107,2719400000
2015-06-15,2084.429932,3061570000
2015-06-16,2096.290039,2919900000
2015-06-17,2100.439941,3222240000
2015-06-18,2121.23999,3520360000
2015-06-19,2109.98999,4449810000
2015-06-22,2122.850098,3030020000
2015-06-23,2124.199951,3091190000
2015-06-24,2108.580078,3102480000
2015-06-25,2102.310059,3214610000
2015-06-26,2101.48999,5025470000
2015-06-29,2057.639893,3678960000
2015-06-30,2063.110107,4078540000
2015-07-01,2077.419922,3727260000
2015-07-02,2076.780029,2996540000
2015-07-06,2068.76001,3486360000
2015-07-07,2081.340088,4458660000
2015-07-08,2046.680054,3608780000
2015-07-09,2051.310059,3446810000
2015-07-10,2076.620117,3065070000
2015-07-13,2099.600098,3096730000
2015-07-14,2108.949951,3002120000
2015-07-15,2107.399902,3261810000
2015-07-16,2124.290039,3227080000
2015-07-17,2126.639893,3362750000
2015-07-20,2128.280029,3245870000
2015-07-21,2119.209961,3343690000
2015-07-22,2114.149902,3694070000
2015-07-23,2102.149902,3772810000
2015-07-24,2079.649902,3870040000
2015-07-27,2067.639893,3836750000
2015-07-28,2093.25,4117740000
2015-07-29,2108.570068,4038900000
2015-07-30,2108.629883,3579410000
2015-07-31,2103.840088,3681340000
2015-08-03,2098.040039,3476770000
2015-08-04,2093.320068,3546710000
2015-08-05,2099.840088,3968680000
2015-08-06,2083.560059,4246570000
2015-08-07,2077.570068,3602320000
2015-08-10,2104.179932,3514460000
2015-08-11,2084.070068,3708880000
2015-08-12,2086.050049,4269130000
2015-08-13,2083.389893,3221300000
2015-08-14,2091.540039,2795590000
2015-08-17,2102.439941,2867690000
2015-08-18,2096.919922,2949990000
2015-08-19,2079.610107,3512920000
2015-08-20,2035.72998,3922470000
2015-08-21,1970.890015,5018240000
2015-08-24,1893.209961,6612690000
2015-08-25,1867.609985,5183560000
2015-08-26,1940.51001,5338250000
2015-08-27,1987.660034,5006390000
2015-08-28,1988.869995,3949080000
2015-08-31,1972.180054,3915100000
2015-09-01,1913.849976,4371850000
2015-09-02,1948.859985,3742620000
2015-09-03,1951.130005,3520700000
2015-09-04,1921.219971,3167090000
2015-09-08,1969.410034,3548650000
2015-09-09,1942.040039,3652120000
2015-09-10,1952.290039,3626320000
2015-09-11,1961.050049,3218590000
2015-09-14,1953.030029,3000200000
2015-09-15,1978.089966,3239860000
2015-09-16,1995.310059,3630680000
2015-09-17,1990.199951,4183790000
2015-09-18,1958.030029,6021240000
2015-09-21,1966.969971,3269350000
2015-09-22,1942.73999,3808260000
2015-09-23,1938.76001,3190530000
2015-09-24,1932.23999,4091530000
2015-09-25,1931.339966,3721870000
2015-09-28,1881.77002,4326660000
2015-09-29,1884.089966,4132390000
2015-09-30,1920.030029,4525070000
2015-10-01,1923.819946,3983600000
2015-10-02,1951.359985,4378570000
2015-10-05,1987.050049,4334490000
2015-10-06,1979.920044,4202400000
2015-10-07,1995.829956,4666470000
2015-10-08,2013.430054,3939140000
2015-10-09,2014.890015,3706900000
2015-10-12,2017.459961,2893250000
2015-10-13,2003.689941,3401920000
2015-10-14,1994.23999,3644590000
2015-10-15,2023.859985,3746290000
2015-10-16,2033.109985,3595430000
2015-10-19,2033.660034,3287320000
2015-10-20,2030.77002,3331500000
2015-10-21,2018.939941,3627790000
2015-10-22,2052.51001,4430850000
2015-10-23,2075.149902,4108460000
2015-10-26,2071.179932,3385800000
2015-10-27,2065.889893,4216880000
2015-10-28,2090.350098,4698110000
2015-10-29,2089.409912,4008940000
2015-10-30,2079.360107,4256200000
2015-11-02,2104.050049,3760020000
2015-11-03,2109.790039,4272060000
2015-11-04,2102.310059,4078870000
2015-11-05,2099.929932,4051890000
2015-11-06,2099.199951,4369020000
2015-11-09,2078.580078,3882350000
2015-11-10,2081.719971,3821440000
2015-11-11,2075,3692410000
2015-11-12,2045.969971,4016370000
2015-11-13,2023.040039,4278750000
2015-11-16,2053.189941,3741240000
2015-11-17,2050.439941,4427350000
2015-11-18,2083.580078,3926390000
2015-11-19,2081.23999,3628110000
2015-11-20,2089.169922,3929600000
2015-11-23,2086.590088,3587980000
2015-11-24,2089.139893,3884930000
2015-11-25,2088.870117,2852940000
2015-11-27,2090.110107,1466840000
2015-11-30,2080.409912,4275030000
2015-12-01,2102.629883,3712120000
2015-12-02,2079.51001,3950640000
2015-12-03,2049.620117,4306490000
2015-12-04,2091.689941,4214910000
2015-12-07,2077.070068,4043820000
2015-12-08,2063.590088,4173570000
2015-12-09,2047.619995,4385250000
2015-12-10,2052.22998,3715150000
2015-12-11,2012.369995,4301060000
2015-12-14,2021.939941,4612440000
2015-12-15,2043.410034,4353540000
2015-12-16,2073.070068,4635450000
2015-12-17,2041.890015,4327390000
2015-12-18,2005.550049,6683070000
2015-12-21,2021.150024,3760280000
2015-12-22,2038.969971,3520860000
2015-12-23,2064.290039,3484090000
2015-12-24,2060.98999,1411860000
2015-12-28,2056.5,2492510000
2015-12-29,2078.360107,2542000000
2015-12-30,2063.360107,2367430000
2015-12-31,2043.939941,2655330000
2016-01-04,2012.660034,4304880000
2016-01-05,2016.709961,3706620000
2016-01-06,1990.26001,4336660000
2016-01-07,1943.089966,5076590000
2016-01-08,1922.030029,4664940000
2016-01-11,1923.670044,4607290000
2016-01-12,1938.680054,4887260000
2016-01-13,1890.280029,5087030000
2016-01-14,1921.839966,5241110000
2016-01-15,1880.329956,5468460000
2016-01-19,1881.329956,4928350000
2016-01-20,1859.329956,6416070000
2016-01-21,1868.98999,5078810000
2016-01-22,1906.900024,4901760000
2016-01-25,1877.079956,4401380000
2016-01-26,1903.630005,4357940000
2016-01-27,1882.949951,4754040000
2016-01-28,1893.359985,4693010000
2016-01-29,1940.23999,5497570000
2016-02-01,1939.380005,4322530000
2016-02-02,1903.030029,4463190000
2016-02-03,1912.530029,5172950000
2016-02-04,1915.449951,5193320000
2016-02-05,1880.050049,4929940000
2016-02-08,1853.439941,5636460000
2016-02-09,1852.209961,5183220000
2016-02-10,1851.859985,4471170000
2016-02-11,1829.079956,5500800000
2016-02-12,1864.780029,4696920000
2016-02-16,1895.579956,4570670000
2016-02-17,1926.819946,5011540000
2016-02-18,1917.829956,4436490000
2016-02-19,1917.780029,4142850000
2016-02-22,1945.5,4054710000
2016-02-23,1921.27002,3890650000
2016-02-24,1929.800049,4317250000
2016-02-25,1951.699951,4118210000
2016-02-26,1948.050049,4348510000
2016-02-29,1932.22998,4588180000
2016-03-01,1978.349976,4819750000
2016-03-02,1986.449951,4666610000
2016-03-03,1993.400024,5081700000
2016-03-04,1999.98999,6049930000
2016-03-07,2001.76001,4968180000
2016-03-08,1979.26001,4641650000
2016-03-09,1989.26001,4038120000
2016-03-10,1989.569946,4376790000
2016-03-11,2022.189941,4078620000
2016-03-14,2019.640015,3487850000
2016-03-15,2015.930054,3560280000
2016-03-16,2027.219971,4057020000
2016-03-17,2040.589966,4530480000
2016-03-18,2049.580078,6503140000
2016-03-21,2051.600098,3376600000
2016-03-22,2049.800049,3418460000
2016-03-23,2036.709961,3639510000
2016-03-24,2035.939941,3407720000
2016-03-28,2037.050049,2809090000
2016-03-29,2055.01001,3822330000
2016-03-30,2063.949951,3590310000
2016-03-31,2059.73999,3715280000
2016-04-01,2072.780029,3749990000
2016-04-04,2066.129883,3485710000
2016-04-05,2045.170044,4154920000
2016-04-06,2066.659912,3750800000
2016-04-07,2041.910034,3801250000
2016-04-08,2047.599976,3359530000
2016-04-11,2041.98999,3567840000
2016-04-12,2061.719971,4239740000
2016-04-13,2082.419922,4191830000
2016-04-14,2082.780029,3765870000
2016-04-15,2080.72998,3701450000
2016-04-18,2094.340088,3316880000
2016-04-19,2100.800049,3896830000
2016-04-20,2102.399902,4184880000
2016-04-21,2091.47998,4175290000
2016-04-22,2091.580078,3790580000
2016-04-25,2087.790039,3319740000
2016-04-26,2091.699951,3557190000
2016-04-27,2095.149902,4100110000
2016-04-28,2075.810059,4309840000
2016-04-29,2065.300049,4704720000
2016-05-02,2081.429932,3841110000
2016-05-03,2063.370117,4173390000
2016-05-04,2051.120117,4058560000
2016-05-05,2050.629883,4008530000
2016-05-06,2057.139893,3796350000
2016-05-09,2058.689941,3788620000
2016-05-10,2084.389893,3600200000
2016-05-11,2064.459961,3821980000
2016-05-12,2064.110107,3782390000
2016-05-13,2046.609985,3579880000
2016-05-16,2066.659912,3501360000
2016-05-17,2047.209961,4108960000
2016-05-18,2047.630005,4101320000
2016-05-19,2040.040039,3846770000
2016-05-20,2052.320068,3507650000
2016-05-23,2048.040039,3055480000
2016-05-24,2076.060059,3627340000
2016-05-25,2090.540039,3859160000
2016-05-26,2090.100098,3230990000
2016-05-27,2099.060059,3079150000
2016-05-31,2096.949951,4514410000
2016-06-01,2099.330078,3525170000
2016-06-02,2105.26001,3632720000
2016-06-03,2099.129883,3627780000
2016-06-06,2109.409912,3442020000
2016-06-07,2112.129883,3534730000
2016-06-08,2119.120117,3562060000
2016-06-09,2115.47998,3290320000
2016-06-10,2096.070068,3515010000
2016-06-13,2079.060059,3392030000
2016-06-14,2075.320068,3759770000
2016-06-15,2071.5,3544720000
2016-06-16,2077.98999,3628280000
2016-06-17,2071.219971,4952630000
2016-06-20,2083.25,3467440000
2016-06-21,2088.899902,3232880000
2016-06-22,2085.449951,3168160000
2016-06-23,2113.320068,3297940000
2016-06-24,2037.410034,7597450000
2016-06-27,2000.540039,5431220000
2016-06-28,2036.089966,4385810000
2016-06-29,2070.77002,4241740000
2016-06-30,2098.860107,4622820000
2016-07-01,2102.949951,3458890000
2016-07-05,2088.550049,3658380000
2016-07-06,2099.72998,3909380000
2016-07-07,2097.899902,3604550000
2016-07-08,2129.899902,3607500000
2016-07-11,2137.159912,3253340000
2016-07-12,2152.139893,4097820000
2016-07-13,2152.429932,3502320000
2016-07-14,2163.75,3465610000
2016-07-15,2161.73999,3122600000
2016-07-18,2166.889893,3009310000
2016-07-19,2163.780029,2968340000
2016-07-20,2173.02002,3211860000
2016-07-21,2165.169922,3438900000
2016-07-22,2175.030029,3023280000
2016-07-25,2168.47998,3057240000
2016-07-26,2169.179932,3442350000
2016-07-27,2166.580078,3995500000
2016-07-28,2170.060059,3664240000
2016-07-29,2173.600098,4038840000
2016-08-01,2170.840088,3505990000
2016-08-02,2157.030029,3848750000
2016-08-03,2163.790039,3786530000
2016-08-04,2164.25,3709200000
2016-08-05,2182.870117,3663070000
2016-08-08,2180.889893,3327550000
2016-08-09,2181.73999,3334300000
2016-08-10,2175.48999,3254950000
2016-08-11,2185.790039,3423160000
2016-08-12,2184.050049,3000660000
2016-08-15,2190.149902,3078530000
2016-08-16,2178.149902,3196400000
2016-08-17,2182.219971,3388910000
2016-08-18,2187.02002,3300570000
2016-08-19,2183.870117,3084800000
2016-08-22,2182.639893,2777550000
2016-08-23,2186.899902,3041490000
2016-08-24,2175.439941,3148280000
2016-08-25,2172.469971,2969310000
2016-08-26,2169.040039,3342340000
2016-08-29,2180.379883,2654780000
2016-08-30,2176.120117,3006800000
2016-08-31,2170.949951,3766390000
2016-09-01,2170.860107,3392120000
2016-09-02,2179.97998,3091120000
2016-09-06,2186.47998,3447650000
2016-09-07,2186.159912,3319420000
2016-09-08,2181.300049,3727840000
2016-09-09,2127.810059,4233960000
2016-09-12,2159.040039,4010480000
2016-09-13,2127.02002,4141670000
2016-09-14,2125.77002,3664100000
2016-09-15,2147.26001,3373720000
2016-09-16,2139.159912,5014360000
2016-09-19,2139.120117,3163000000
2016-09-20,2139.76001,3140730000
2016-09-21,2163.120117,3712090000
2016-09-22,2177.179932,3552830000
2016-09-23,2164.689941,3317190000
2016-09-26,2146.100098,3216170000
2016-09-27,2159.929932,3437770000
2016-09-28,2171.370117,3891460000
2016-09-29,2151.129883,4249220000
2016-09-30,2168.27002,4173340000
2016-10-03,2161.199951,3137550000
2016-10-04,2150.48999,3750890000
2016-10-05,2159.72998,3906550000
2016-10-06,2160.77002,3461550000
2016-10-07,2153.73999,3619890000
2016-10-10,2163.659912,2916550000
2016-10-11,2136.72998,3438270000
2016-10-12,2139.179932,2977100000
2016-10-13,2132.550049,3580450000
2016-10-14,2132.97998,3228150000
2016-10-17,2126.5,2830390000
2016-10-18,2139.600098,3170000000
2016-10-19,2144.290039,3362670000
2016-10-20,2141.340088,3337170000
2016-10-21,2141.159912,3448850000
2016-10-24,2151.330078,3357320000
2016-10-25,2143.159912,3751340000
2016-10-26,2139.429932,3775200000
2016-10-27,2133.040039,4204830000
2016-10-28,2126.409912,4019510000
2016-10-31,2126.149902,3922400000
2016-11-01,2111.719971,4532160000
2016-11-02,2097.939941,4248580000
2016-11-03,2088.659912,3886740000
2016-11-04,2085.179932,3837860000
2016-11-07,2131.52002,3736060000
2016-11-08,2139.560059,3916930000
2016-11-09,2163.26001,6264150000
2016-11-10,2167.47998,6451640000
2016-11-11,2164.449951,4988050000
2016-11-14,2164.199951,5367200000
2016-11-15,2180.389893,4543860000
2016-11-16,2176.939941,3830590000
2016-11-17,2187.120117,3809160000
2016-11-18,2181.899902,3572400000
2016-11-21,2198.179932,3607010000
2016-11-22,2202.939941,3957940000
2016-11-23,2204.719971,3418640000
2016-11-25,2213.350098,1584600000
2016-11-28,2201.719971,3505650000
2016-11-29,2204.659912,3706560000
2016-11-30,2198.810059,5533980000
2016-12-01,2191.080078,5063740000
2016-12-02,2191.949951,3779500000
2016-12-05,2204.709961,3895230000
2016-12-06,2212.22998,3855320000
2016-12-07,2241.350098,4501820000
2016-12-08,2246.189941,4200580000
2016-12-09,2259.530029,3884480000
2016-12-12,2256.959961,4034510000
2016-12-13,2271.719971,3857590000
2016-12-14,2253.280029,4406970000
2016-12-15,2262.030029,4168200000
2016-12-16,2258.070068,5920340000
2016-12-19,2262.530029,3248370000
2016-12-20,2270.76001,3298780000
2016-12-21,2265.179932,2852230000
2016-12-22,2260.959961,2876320000
2016-12-23,2263.790039,2020550000
2016-12-27,2268.879883,1987080000
2016-12-28,2249.919922,2392360000
2016-12-29,2249.26001,2336370000
2016-12-30,2238.830078,2670900000
2017-01-03,2257.830078,3770530000
2017-01-04,2270.75,3764890000
2017-01-05,2269,3761820000
2017-01-06,2276.97998,3339890000
2017-01-09,2268.899902,3217610000
2017-01-10,2268.899902,3638790000
2017-01-11,2275.320068,3620410000
2017-01-12,2270.439941,3462130000
2017-01-13,2274.639893,3081270000
2017-01-17,2267.889893,3584990000
2017-01-18,2271.889893,3315250000
2017-01-19,2263.689941,3165970000
2017-01-20,2271.310059,3524970000
2017-01-23,2265.199951,3152710000
2017-01-24,2280.070068,3810960000
2017-01-25,2298.370117,3846020000
2017-01-26,2296.679932,3610360000
2017-01-27,2294.689941,3135890000
2017-01-30,2280.899902,3591270000
2017-01-31,2278.870117,4087450000
2017-02-01,2279.550049,3916610000
2017-02-02,2280.850098,3807710000
2017-02-03,2297.419922,3597970000
2017-02-06,2292.560059,3109050000
2017-02-07,2293.080078,3448690000
2017-02-08,2294.669922,3609740000
2017-02-09,2307.870117,3677940000
2017-02-10,2316.100098,3475020000
2017-02-13,2328.25,3349730000
2017-02-14,2337.580078,3520910000
2017-02-15,2349.25,3775590000
2017-02-16,2347.219971,3672370000
2017-02-17,2351.159912,3513060000
2017-02-21,2365.379883,3579780000
2017-02-22,2362.820068,3468670000
2017-02-23,2363.810059,4015260000
2017-02-24,2367.340088,3831570000
2017-02-27,2369.75,3582610000
2017-02-28,2363.639893,4210140000
2017-03-01,2395.959961,4345180000
2017-03-02,2381.919922,3821320000
2017-03-03,2383.120117,3555260000
2017-03-06,2375.310059,3232700000
2017-03-07,2368.389893,3518390000
2017-03-08,2362.97998,3812100000
2017-03-09,2364.870117,3716340000
2017-03-10,2372.600098,3432950000
2017-03-13,2373.469971,3133900000
2017-03-14,2365.449951,3172630000
2017-03-15,2385.26001,3906840000
2017-03-16,2381.379883,3365660000
2017-03-17,2378.25,5178040000
2017-03-20,2373.469971,3054930000
2017-03-21,2344.02002,4265590000
2017-03-22,2348.449951,3572730000
2017-03-23,2345.959961,3260600000
2017-03-24,2343.97998,2975130000
2017-03-27,2341.590088,3240230000
2017-03-28,2358.570068,3367780000
2017-03-29,2361.129883,3106940000
2017-03-30,2368.060059,3158420000
2017-03-31,2362.719971,3354110000
2017-04-03,2358.840088,3416400000
2017-04-04,2360.159912,3206240000
2017-04-05,2352.949951,3770520000
2017-04-06,2357.48999,3201920000
2017-04-07,2355.540039,3053150000
2017-04-10,2357.159912,2785410000
2017-04-11,2353.780029,3117420000
2017-04-12,2344.929932,3196950000
2017-04-13,2328.949951,3143890000
2017-04-17,2349.01001,2824710000
2017-04-18,2342.189941,3269840000
2017-04-19,2338.169922,3519900000
2017-04-20,2355.840088,3647420000
2017-04-21,2348.689941,3503360000
2017-04-24,2374.149902,3690650000
2017-04-25,2388.610107,3995240000
2017-04-26,2387.449951,4105920000
2017-04-27,2388.77002,4098460000
2017-04-28,2384.199951,3718270000
2017-05-01,2388.330078,3199240000
2017-05-02,2391.169922,3813680000
2017-05-03,2388.129883,3893990000
2017-05-04,2389.52002,4362540000
2017-05-05,2399.290039,3540140000
2017-05-08,2399.379883,3429440000
2017-05-09,2396.919922,3653590000
2017-05-10,2399.629883,3643530000
2017-05-11,2394.439941,3727420000
2017-05-12,2390.899902,3305630000
2017-05-15,2402.320068,3473600000
2017-05-16,2400.669922,3420790000
2017-05-17,2357.030029,4163000000
2017-05-18,2365.719971,4319420000
2017-05-19,2381.72998,3825160000
2017-05-22,2394.02002,3172830000
2017-05-23,2398.419922,3213570000
2017-05-24,2404.389893,3389900000
2017-05-25,2415.070068,3535390000
2017-05-26,2415.820068,2805040000
2017-05-30,2412.909912,3203160000
2017-05-31,2411.800049,4516110000
2017-06-01,2430.060059,3857140000
2017-06-02,2439.070068,3461680000
2017-06-05,2436.100098,2912600000
2017-06-06,2429.330078,3357840000
2017-06-07,2433.139893,3572300000
2017-06-08,2433.790039,3728860000
2017-06-09,2431.77002,4027340000
2017-06-12,2429.389893,4027750000
2017-06-13,2440.350098,3275500000
2017-06-14,2437.919922,3555590000
2017-06-15,2432.459961,3353050000
2017-06-16,2433.149902,5284720000
2017-06-19,2453.459961,3264700000
2017-06-20,2437.030029,3416510000
2017-06-21,2435.610107,3594820000
2017-06-22,2434.5,3468210000
2017-06-23,2438.300049,5278330000
2017-06-26,2439.070068,3238970000
2017-06-27,2419.379883,3563910000
2017-06-28,2440.689941,3500800000
2017-06-29,2419.699951,3900280000
2017-06-30,2423.409912,3361590000
2017-07-03,2429.01001,1962290000
2017-07-05,2432.540039,3367220000
2017-07-06,2409.75,3364520000
2017-07-07,2425.179932,2901330000
2017-07-10,2427.429932,2999130000
2017-07-11,2425.530029,3106750000
2017-07-12,2443.25,3171620000
2017-07-13,2447.830078,3067670000
2017-07-14,2459.27002,2736640000
2017-07-17,2459.139893,2793170000
2017-07-18,2460.610107,2962130000
2017-07-19,2473.830078,3059760000
2017-07-20,2473.449951,3182780000
2017-07-21,2472.540039,3059570000
2017-07-24,2469.909912,3010240000
2017-07-25,2477.129883,4108060000
2017-07-26,2477.830078,3557020000
2017-07-27,2475.419922,3995520000
2017-07-28,2472.100098,3294770000
2017-07-31,2470.300049,3469210000
2017-08-01,2476.350098,3460860000
2017-08-02,2477.570068,3478580000
2017-08-03,2472.159912,3645020000
2017-08-04,2476.830078,3235140000
2017-08-07,2480.909912,2931780000
2017-08-08,2474.919922,3344640000
2017-08-09,2474.02002,3308060000
2017-08-10,2438.209961,3621070000
2017-08-11,2441.320068,3159930000
2017-08-14,2465.840088,2822550000
2017-08-15,2464.610107,2913100000
2017-08-16,2468.110107,2953650000
2017-08-17,2430.01001,3142620000
2017-08-18,2425.550049,3415680000
2017-08-21,2428.370117,2788150000
2017-08-22,2452.51001,2777490000
2017-08-23,2444.040039,2785290000
2017-08-24,2438.969971,2846590000
2017-08-25,2443.050049,2588780000
2017-08-28,2444.23999,2677700000
2017-08-29,2446.300049,2737580000
2017-08-30,2457.590088,2633660000
2017-08-31,2471.649902,3348110000
2017-09-01,2476.550049,2710730000
2017-09-05,2457.850098,3490260000
2017-09-06,2465.540039,3374410000
2017-09-07,2465.100098,3353930000
2017-09-08,2461.429932,3302490000
2017-09-11,2488.110107,3291760000
2017-09-12,2496.47998,3230920000
2017-09-13,2498.370117,3368050000
2017-09-14,2495.620117,3414460000
2017-09-15,2500.22998,4853170000
2017-09-18,2503.870117,3194300000
2017-09-19,2506.649902,3249100000
2017-09-20,2508.23999,3530010000
2017-09-21,2500.600098,2930860000
2017-09-22,2502.219971,2865960000
2017-09-25,2496.659912,3297890000
2017-09-26,2496.840088,3043110000
2017-09-27,2507.040039,3456030000
2017-09-28,2510.060059,3168620000
2017-09-29,2519.360107,3211920000
2017-10-02,2529.120117,3199730000
2017-10-03,2534.580078,3068850000
2017-10-04,2537.73999,3017120000
2017-10-05,2552.070068,3045120000
2017-10-06,2549.330078,2884570000
2017-10-09,2544.72998,2483970000
2017-10-10,2550.639893,2960500000
2017-10-11,2555.23999,2976090000
2017-10-12,2550.929932,3151510000
2017-10-13,2553.169922,3149440000
2017-10-16,2557.639893,2916020000
2017-10-17,2559.360107,2889390000
2017-10-18,2561.26001,2998090000
2017-10-19,2562.100098,2990710000
2017-10-20,2575.209961,3384650000
2017-10-23,2564.97998,3211710000
2017-10-24,2569.129883,3427330000
2017-10-25,2557.149902,3874510000
2017-10-26,2560.399902,3869050000
2017-10-27,2581.070068,3887110000
2017-10-30,2572.830078,3658870000
2017-10-31,2575.26001,3827230000
2017-11-01,2579.360107,3813180000
2017-11-02,2579.850098,4048270000
2017-11-03,2587.840088,3567710000
2017-11-06,2591.129883,3539080000
2017-11-07,2590.639893,3809650000
2017-11-08,2594.379883,3899360000
2017-11-09,2584.620117,3831610000
2017-11-10,2582.300049,3486910000
2017-11-13,2584.840088,3402930000
2017-11-14,2578.870117,3641760000
2017-11-15,2564.620117,3558890000
2017-11-16,2585.639893,3312710000
2017-11-17,2578.850098,3300160000
2017-11-20,2582.139893,3003540000
2017-11-21,2599.030029,3332720000
2017-11-22,2597.080078,2762950000
2017-11-24,2602.419922,1349780000
2017-11-27,2601.419922,3006860000
2017-11-28,2627.040039,3488420000
2017-11-29,2626.070068,4078280000
2017-11-30,2647.580078,4938490000
2017-12-01,2642.219971,3942320000
2017-12-04,2639.439941,4023150000
2017-12-05,2629.570068,3539040000
2017-12-06,2629.27002,3229000000
2017-12-07,2636.97998,3292400000
2017-12-08,2651.5,3106150000
2017-12-11,2659.98999,3091950000
2017-12-12,2664.110107,3555680000
2017-12-13,2662.850098,3542370000
2017-12-14,2652.01001,3430030000
2017-12-15,2675.810059,5723920000
2017-12-18,2690.159912,3724660000
2017-12-19,2681.469971,3368590000
2017-12-20,2679.25,3241030000
2017-12-21,2684.570068,3273390000
2017-12-22,2683.340088,2399830000
2017-12-26,2680.5,1968780000
2017-12-27,2682.620117,2202080000
2017-12-28,2687.540039,2153330000
2017-12-29,2673.610107,2443490000
2018-01-02,2695.810059,3367250000
2018-01-03,2713.060059,3538660000
2018-01-04,2723.98999,3695260000
2018-01-05,2743.149902,3236620000
2018-01-08,2747.709961,3242650000
2018-01-09,2751.290039,3453480000
2018-01-10,2748.22998,3576350000
2018-01-11,2767.560059,3641320000
2018-01-12,2786.23999,3573970000
2018-01-16,2776.419922,4325970000
2018-01-17,2802.560059,3778050000
2018-01-18,2798.030029,3681470000
2018-01-19,2810.300049,3639430000
2018-01-22,2832.969971,3471780000
2018-01-23,2839.129883,3519650000
2018-01-24,2837.540039,4014070000
2018-01-25,2839.25,3835150000
2018-01-26,2872.870117,3443230000
2018-01-29,2853.530029,3573830000
2018-01-30,2822.429932,3990650000
2018-01-31,2823.810059,4261280000
2018-02-01,2821.97998,3938450000
2018-02-02,2762.129883,4301130000
2018-02-05,2648.939941,5283460000
2018-02-06,2695.139893,5891660000
2018-02-07,2681.659912,4626570000
2018-02-08,2581,5305440000
2018-02-09,2619.550049,5680070000
2018-02-12,2656,4055790000
2018-02-13,2662.939941,3472870000
2018-02-14,2698.629883,4003740000
2018-02-15,2731.199951,3684910000
2018-02-16,2732.219971,3637460000
2018-02-20,2716.26001,3627610000
2018-02-21,2701.330078,3779400000
2018-02-22,2703.959961,3701270000
2018-02-23,2747.300049,3189190000
2018-02-26,2779.600098,3424650000
2018-02-27,2744.280029,3745080000
2018-02-28,2713.830078,4230660000
2018-03-01,2677.669922,4503970000
2018-03-02,2691.25,3882450000
2018-03-05,2720.939941,3710810000
2018-03-06,2728.120117,3370690000
2018-03-07,2726.800049,3393270000
2018-03-08,2738.969971,3212320000
2018-03-09,2786.570068,3364100000
2018-03-12,2783.02002,3185020000
2018-03-13,2765.310059,3301650000
2018-03-14,2749.47998,3391360000
2018-03-15,2747.330078,3500330000
2018-03-16,2752.01001,5372340000
2018-03-19,2712.919922,3302130000
2018-03-20,2716.939941,3261030000
2018-03-21,2711.929932,3415510000
2018-03-22,2643.689941,3739800000
2018-03-23,2588.26001,3815080000
2018-03-26,2658.550049,3511100000
2018-03-27,2612.620117,3706350000
2018-03-28,2605,3864500000
2018-03-29,2640.870117,3565990000
2018-04-02,2581.879883,3598520000
2018-04-03,2614.449951,3392810000
2018-04-04,2644.689941,3350340000
2018-04-05,2662.840088,3178970000
2018-04-06,2604.469971,3299700000
2018-04-09,2613.159912,3062960000
2018-04-10,2656.870117,3543930000
2018-04-11,2642.189941,3020760000
2018-04-12,2663.98999,3021320000
2018-04-13,2656.300049,2960910000
2018-04-16,2677.840088,3019700000
2018-04-17,2706.389893,3234360000
2018-04-18,2708.639893,3383410000
2018-04-19,2693.129883,3349370000
2018-04-20,2670.139893,3388590000
2018-04-23,2670.290039,3017480000
2018-04-24,2634.560059,3706740000
2018-04-25,2639.399902,3499440000
2018-04-26,2666.939941,3665720000
2018-04-27,2669.909912,3219030000
2018-04-30,2648.050049,3734530000
2018-05-01,2654.800049,3559850000
2018-05-02,2635.669922,4010770000
2018-05-03,2629.72998,3851470000
2018-05-04,2663.419922,3327220000
2018-05-07,2672.629883,3237960000
2018-05-08,2671.919922,3717570000
2018-05-09,2697.790039,3909500000
2018-05-10,2723.070068,3333050000
2018-05-11,2727.719971,2862700000
2018-05-14,2730.129883,2972660000
2018-05-15,2711.449951,3290680000
2018-05-16,2722.459961,3202670000
2018-05-17,2720.129883,3475400000
2018-05-18,2712.969971,3368690000
2018-05-21,2733.01001,3019890000
2018-05-22,2724.439941,3366310000
2018-05-23,2733.290039,3326290000
2018-05-24,2727.76001,3256030000
2018-05-25,2721.330078,2995260000
2018-05-29,2689.860107,3736890000
2018-05-30,2724.01001,3561050000
2018-05-31,2705.27002,4235370000
2018-06-01,2734.620117,3684130000
2018-06-04,2746.870117,3376510000
2018-06-05,2748.800049,3517790000
2018-06-06,2772.350098,3651640000
2018-06-07,2770.370117,3711330000
2018-06-08,2779.030029,3123210000
2018-06-11,2782,3232330000
2018-06-12,2786.850098,3401010000
2018-06-13,2775.629883,3779230000
2018-06-14,2782.48999,3526890000
2018-06-15,2779.659912,5428790000
2018-06-18,2773.75,3287150000
2018-06-19,2762.590088,3661470000
2018-06-20,2767.320068,3327600000
2018-06-21,2749.76001,3300060000
2018-06-22,2754.879883,5450550000
2018-06-25,2717.070068,3655080000
2018-06-26,2723.060059,3555090000
2018-06-27,2699.629883,3776090000
2018-06-28,2716.310059,3428140000
2018-06-29,2718.370117,3565620000
2018-07-02,2726.709961,3073650000
2018-07-03,2713.219971,1911470000
2018-07-05,2736.610107,2953420000
2018-07-06,2759.820068,2554780000
2018-07-09,2784.169922,3050040000
2018-07-10,2793.840088,3063850000
2018-07-11,2774.02002,2964740000
2018-07-12,2798.290039,2821690000
2018-07-13,2801.310059,2614000000
2018-07-16,2798.429932,2812230000
2018-07-17,2809.550049,3050730000
2018-07-18,2815.620117,3089780000
2018-07-19,2804.48999,3266700000
2018-07-20,2801.830078,3230210000
2018-07-23,2806.97998,2907430000
2018-07-24,2820.399902,3417530000
2018-07-25,2846.070068,3553010000
2018-07-26,2837.439941,3653330000
2018-07-27,2818.820068,3415710000
2018-07-30,2802.600098,3245770000
2018-07-31,2816.290039,3892100000
2018-08-01,2813.360107,3496990000
2018-08-02,2827.219971,3467380000
2018-08-03,2840.350098,3030390000
2018-08-06,2850.399902,2874540000
2018-08-07,2858.449951,3162770000
2018-08-08,2857.699951,2972200000
2018-08-09,2853.580078,3047050000
2018-08-10,2833.280029,3256040000
2018-08-13,2821.929932,3158450000
2018-08-14,2839.959961,2976970000
2018-08-15,2818.370117,3645070000
2018-08-16,2840.689941,3219880000
2018-08-17,2850.129883,3024100000
2018-08-20,2857.050049,2748020000
2018-08-21,2862.959961,3147140000
2018-08-22,2861.820068,2689560000
2018-08-23,2856.97998,2713910000
2018-08-24,2874.689941,2596190000
2018-08-27,2896.73999,2854080000
2018-08-28,2897.52002,2683190000
2018-08-29,2914.040039,2791860000
2018-08-30,2901.129883,2802180000
2018-08-31,2901.52002,2880260000
2018-09-04,2896.719971,3077060000
2018-09-05,2888.600098,3241250000
2018-09-06,2878.050049,3139590000
2018-09-07,2871.679932,2946270000
2018-09-10,2877.129883,2731400000
2018-09-11,2887.889893,2899660000
2018-09-12,2888.919922,3264930000
2018-09-13,2904.179932,3254930000
2018-09-14,2904.97998,3149800000
2018-09-17,2888.800049,2947760000
2018-09-18,2904.310059,3074610000
2018-09-19,2907.949951,3280020000
2018-09-20,2930.75,3337730000
2018-09-21,2929.669922,5607610000
2018-09-24,2919.370117,3372210000
2018-09-25,2915.560059,3285480000
2018-09-26,2905.969971,3388620000
2018-09-27,2914,3060850000
2018-09-28,2913.97998,3432300000
2018-10-01,2924.590088,3364190000
2018-10-02,2923.429932,3401880000
2018-10-03,2925.51001,3598710000
2018-10-04,2901.610107,3496860000
2018-10-05,2885.570068,3328980000
2018-10-08,2884.429932,3330320000
2018-10-09,2880.340088,3520500000
2018-10-10,2785.679932,4501250000
2018-10-11,2728.370117,4890630000
2018-10-12,2767.129883,3966040000
2018-10-15,2750.790039,3300140000
2018-10-16,2809.919922,3428340000
2018-10-17,2809.209961,3321710000
2018-10-18,2768.780029,3616440000
2018-10-19,2767.780029,3566490000
2018-10-22,2755.879883,3307140000
2018-10-23,2740.689941,4348580000
2018-10-24,2656.100098,4709310000
2018-10-25,2705.570068,4634770000
2018-10-26,2658.689941,4803150000
2018-10-29,2641.25,4673700000
2018-10-30,2682.629883,5106380000
2018-10-31,2711.73999,5112420000
2018-11-01,2740.370117,4708420000
2018-11-02,2723.060059,4237930000
2018-11-05,2738.310059,3623320000
2018-11-06,2755.449951,3510860000
2018-11-07,2813.889893,3914750000
2018-11-08,2806.830078,3630490000
2018-11-09,2781.01001,4019090000
2018-11-12,2726.219971,3670930000
2018-11-13,2722.179932,4091440000
2018-11-14,2701.580078,4402370000
2018-11-15,2730.199951,4179140000
2018-11-16,2736.27002,3975180000
2018-11-19,2690.72998,3772900000
2018-11-20,2641.889893,4357900000
2018-11-21,2649.929932,3233550000
2018-11-23,2632.560059,1651650000
2018-11-26,2673.449951,3443950000
2018-11-27,2682.169922,3485220000
2018-11-28,2743.790039,3951670000
2018-11-29,2737.800049,3560770000
2018-11-30,2760.169922,4658580000
2018-12-03,2790.370117,4186060000
2018-12-04,2700.060059,4499840000
2018-12-06,2695.949951,5141470000
2018-12-07,2633.080078,4216690000
2018-12-10,2637.719971,4151030000
2018-12-11,2636.780029,3905870000
2018-12-12,2651.070068,3958890000
2018-12-13,2650.540039,3927720000
2018-12-14,2599.949951,4035020000
2018-12-17,2545.939941,4616350000
2018-12-18,2546.159912,4470880000
2018-12-19,2506.959961,5127940000
2018-12-20,2467.419922,5585780000
2018-12-21,2416.620117,7609010000
2018-12-24,2351.100098,2613930000
2018-12-26,2467.699951,4233990000
2018-12-27,2488.830078,4096610000
2018-12-28,2485.73999,3702620000
2018-12-31,2506.850098,3442870000
2019-01-02,2510.030029,3733160000
2019-01-03,2447.889893,3822860000
2019-01-04,2531.939941,4213410000
2019-01-07,2549.689941,4104710000
2019-01-08,2574.409912,4083030000
2019-01-09,2584.959961,4052480000
2019-01-10,2596.639893,3704500000
2019-01-11,2596.26001,3434490000
2019-01-14,2582.610107,3664450000
2019-01-15,2610.300049,3572330000
2019-01-16,2616.100098,3863770000
2019-01-17,2635.959961,3772270000
2019-01-18,2670.709961,3986730000
2019-01-22,2632.899902,3908030000
2019-01-23,2638.699951,3335610000
2019-01-24,2642.330078,3433250000
2019-01-25,2664.76001,3814080000
2019-01-28,2643.850098,3612810000
2019-01-29,2640,3504200000
2019-01-30,2681.050049,3867810000
2019-01-31,2704.100098,4917650000
2019-02-01,2706.530029,3759270000
2019-02-04,2724.870117,3359840000
2019-02-05,2737.699951,3560430000
2019-02-06,2731.610107,3472690000
2019-02-07,2706.050049,4099490000
2019-02-08,2707.879883,3622330000
2019-02-11,2709.800049,3361970000
2019-02-12,2744.72998,3827770000
2019-02-13,2753.030029,3670770000
2019-02-14,2745.72998,3836700000
2019-02-15,2775.600098,3641370000
2019-02-19,2779.76001,3533710000
2019-02-20,2784.699951,3835450000
2019-02-21,2774.879883,3559710000
2019-02-22,2792.669922,3427810000
2019-02-25,2796.110107,3804380000
2019-02-26,2793.899902,3645680000
2019-02-27,2792.379883,3767130000
2019-02-28,2784.48999,4396930000
2019-03-01,2803.689941,3972280000
2019-03-04,2792.810059,3919810000
2019-03-05,2789.649902,3585690000
2019-03-06,2771.449951,3786600000
2019-03-07,2748.929932,3904860000
2019-03-08,2743.070068,3423130000
2019-03-11,2783.300049,3749030000
2019-03-12,2791.52002,3414230000
2019-03-13,2810.919922,3766150000
2019-03-14,2808.47998,3469730000
2019-03-15,2822.47998,5962730000
2019-03-18,2832.939941,3552190000
2019-03-19,2832.570068,3620220000
2019-03-20,2824.22998,3771200000
2019-03-21,2854.879883,3546800000
2019-03-22,2800.709961,4237200000
2019-03-25,2798.360107,3376580000
2019-03-26,2818.459961,3266050000
2019-03-27,2805.370117,3372930000
2019-03-28,2815.439941,3158170000
2019-03-29,2834.399902,3740700000
2019-04-01,2867.189941,3500760000
2019-04-02,2867.23999,3246900000
2019-04-03,2873.399902,3550240000
2019-04-04,2879.389893,3015180000
2019-04-05,2892.73999,3146820000
2019-04-08,2895.77002,3054030000
2019-04-09,2878.199951,3007980000
2019-04-10,2888.209961,3062380000
2019-04-11,2888.320068,2938540000
2019-04-12,2907.409912,3688490000
2019-04-15,2905.580078,3088330000
2019-04-16,2907.060059,3402210000
2019-04-17,2900.449951,3602300000
2019-04-18,2905.030029,3506850000
2019-04-22,2907.969971,2997950000
2019-04-23,2933.679932,3635030000
2019-04-24,2927.25,3448960000
2019-04-25,2926.169922,3425280000
2019-04-26,2939.879883,3248500000
2019-04-29,2943.030029,3118780000
2019-04-30,2945.830078,3919330000
2019-05-01,2923.72998,3645850000
2019-05-02,2917.52002,3778890000
2019-05-03,2945.639893,3338120000
2019-05-06,2932.469971,3181520000
2019-05-07,2884.050049,3767100000
2019-05-08,2879.419922,3485790000
2019-05-09,2870.719971,3638820000
2019-05-10,2881.399902,3529600000
2019-05-13,2811.870117,3894030000
2019-05-14,2834.409912,3322720000
2019-05-15,2850.959961,3125950000
2019-05-16,2876.320068,3338060000
2019-05-17,2859.530029,3257950000
2019-05-20,2840.22998,3288870000
2019-05-21,2864.360107,3218700000
2019-05-22,2856.27002,3192510000
2019-05-23,2822.23999,3891980000
2019-05-24,2826.060059,2887390000
2019-05-28,2802.389893,4121410000
2019-05-29,2783.02002,3700050000
2019-05-30,2788.860107,3273790000
2019-05-31,2752.060059,3981020000
2019-06-03,2744.449951,3943810000
2019-06-04,2803.27002,3810430000
2019-06-05,2826.149902,3548830000
2019-06-06,2843.48999,3396410000
2019-06-07,2873.340088,3220250000
2019-06-10,2886.72998,3209210000
2019-06-11,2885.719971,3548420000
2019-06-12,2879.840088,3034130000
2019-06-13,2891.639893,3069810000
2019-06-14,2886.97998,2922330000
2019-06-17,2889.669922,2810140000
2019-06-18,2917.75,3437620000
2019-06-19,2926.459961,3287890000
2019-06-20,2954.179932,3905940000
2019-06-21,2950.459961,5000120000
2019-06-24,2945.350098,3136250000
2019-06-25,2917.379883,3578050000
2019-06-26,2913.780029,3478130000
2019-06-27,2924.919922,3122920000
2019-06-28,2941.76001,5420700000
2019-07-01,2964.330078,3513270000
2019-07-02,2973.01001,3206840000
2019-07-03,2995.820068,1963720000
2019-07-05,2990.409912,2434210000
2019-07-08,2975.949951,2904550000
2019-07-09,2979.629883,3028210000
2019-07-10,2993.070068,3154240000
2019-07-11,2999.909912,3154620000
2019-07-12,3013.77002,2974960000
2019-07-15,3014.300049,2874970000
2019-07-16,3004.040039,3290650000
2019-07-17,2984.419922,3181600000
2019-07-18,2995.110107,3296580000
2019-07-19,2976.610107,3260360000
2019-07-22,2985.030029,3003720000
2019-07-23,3005.469971,3313660000
2019-07-24,3019.560059,3428980000
2019-07-25,3003.669922,3645270000
2019-07-26,3025.860107,3257590000
2019-07-29,3020.969971,3203710000
2019-07-30,3013.179932,3634330000
2019-07-31,2980.379883,4623430000
2019-08-01,2953.560059,4762300000
2019-08-02,2932.050049,3874660000
2019-08-05,2844.73999,4513730000
2019-08-06,2881.77002,4154240000
2019-08-07,2883.97998,4491750000
2019-08-08,2938.090088,4106370000
2019-08-09,2918.649902,3350640000
2019-08-12,2882.699951,2851630000
2019-08-13,2926.320068,3853600000
2019-08-14,2840.600098,4312530000
2019-08-15,2847.600098,4038000000
2019-08-16,2888.679932,3498150000
2019-08-19,2923.649902,3212880000
2019-08-20,2900.51001,3066300000
2019-08-21,2924.429932,3011190000
2019-08-22,2922.949951,2890880000
2019-08-23,2847.110107,3937300000
2019-08-26,2878.379883,2857600000
2019-08-27,2869.159912,3533630000
2019-08-28,2887.939941,3097420000
2019-08-29,2924.580078,3176190000
2019-08-30,2926.459961,3008450000
2019-09-03,2906.27002,3426790000
2019-09-04,2937.780029,3163260000
2019-09-05,2976,3890700000
2019-09-06,2978.709961,3208280000
2019-09-09,2978.429932,4002890000
2019-09-10,2979.389893,4390770000
2019-09-11,3000.929932,3927550000
2019-09-12,3009.570068,3791860000
2019-09-13,3007.389893,3520060000
2019-09-16,2997.959961,4274640000
2019-09-17,3005.699951,3671840000
2019-09-18,3006.72998,3435540000
2019-09-19,3006.790039,3251290000
2019-09-20,2992.070068,6094740000
2019-09-23,2991.780029,3186590000
2019-09-24,2966.600098,3868160000
2019-09-25,2984.870117,3318870000
2019-09-26,2977.620117,3077240000
2019-09-27,2961.790039,3243650000
2019-09-30,2976.73999,3247610000
2019-10-01,2940.25,3558040000
2019-10-02,2887.610107,3912520000
2019-10-03,2910.629883,3503640000
2019-10-04,2952.01001,2990830000
2019-10-07,2938.790039,2940140000
2019-10-08,2893.060059,3356450000
2019-10-09,2919.399902,2726820000
2019-10-10,2938.129883,3217250000
2019-10-11,2970.27002,3580460000
2019-10-14,2966.149902,2557020000
2019-10-15,2995.679932,3340740000
2019-10-16,2989.689941,3222570000
2019-10-17,2997.949951,3115960000
2019-10-18,2986.199951,3264290000
2019-10-21,3006.719971,3271620000
2019-10-22,2995.98999,3523890000
2019-10-23,3004.52002,3392870000
2019-10-24,3010.290039,3692600000
2019-10-25,3022.550049,3370370000
2019-10-28,3039.419922,3521230000
2019-10-29,3036.889893,3589930000
2019-10-30,3046.77002,3776030000
2019-10-31,3037.560059,4139280000
2019-11-01,3066.909912,3930200000
2019-11-04,3078.27002,4146850000
2019-11-05,3074.620117,4486130000
2019-11-06,3076.780029,4458190000
2019-11-07,3085.179932,4144640000
2019-11-08,3093.080078,3499150000
2019-11-11,3087.01001,3035530000
2019-11-12,3091.840088,3466010000
2019-11-13,3094.040039,3509280000
2019-11-14,3096.629883,3276070000
2019-11-15,3120.459961,3335650000
2019-11-18,3122.030029,3436690000
2019-11-19,3120.179932,3590070000
2019-11-20,3108.459961,4034890000
2019-11-21,3103.540039,3720560000
2019-11-22,3110.290039,3226780000
2019-11-25,3133.639893,3511530000
2019-11-26,3140.52002,4595590000
2019-11-27,3153.629883,3033090000
2019-11-29,3140.97998,1743020000
2019-12-02,3113.870117,3268740000
2019-12-03,3093.199951,3653390000
2019-12-04,3112.76001,3695030000
2019-12-05,3117.429932,3355750000
2019-12-06,3145.909912,3479480000
2019-12-09,3135.959961,3345990000
2019-12-10,3132.52002,3343790000
2019-12-11,3141.629883,3252540000
2019-12-12,3168.570068,3990690000
2019-12-13,3168.800049,3736870000
2019-12-16,3191.449951,4051790000
2019-12-17,3192.52002,3837540000
2019-12-18,3191.139893,4014080000
2019-12-19,3205.370117,3720450000
2019-12-20,3221.219971,6454270000
2019-12-23,3224.01001,3060610000
2019-12-24,3223.379883,1296540000
2019-12-26,3239.909912,2160680000
2019-12-27,3240.02002,2428670000
2019-12-30,3221.290039,3013290000
2019-12-31,3230.780029,2893810000
2020-01-02,3257.850098,3458250000
2020-01-03,3234.850098,3461290000
2020-01-06,3246.280029,3674070000
2020-01-07,3237.179932,3420380000
2020-01-08,3253.050049,3720890000
2020-01-09,3274.699951,3638390000
2020-01-10,3265.350098,3212970000
2020-01-13,3288.129883,3456380000
2020-01-14,3283.149902,3665130000
2020-01-15,3289.290039,3716840000
2020-01-16,3316.810059,3535080000
2020-01-17,3329.620117,3698170000
2020-01-21,3320.790039,4105340000
2020-01-22,3321.75,3619850000
2020-01-23,3325.540039,3764860000
2020-01-24,3295.469971,3707130000
2020-01-27,3243.629883,3823100000
2020-01-28,3276.23999,3526720000
2020-01-29,3273.399902,3584500000
2020-01-30,3283.659912,3787250000
2020-01-31,3225.52002,4527830000
2020-02-03,3248.919922,3757910000
2020-02-04,3297.590088,3995320000
2020-02-05,3334.689941,4117730000
2020-02-06,3345.780029,3868370000
2020-02-07,3327.709961,3730650000
2020-02-10,3352.090088,3450350000
2020-02-11,3357.75,3760550000
2020-02-12,3379.449951,3926380000
2020-02-13,3373.939941,3498240000
2020-02-14,3380.159912,3398040000
2020-02-18,3370.290039,3746720000
2020-02-19,3386.149902,3600150000
2020-02-20,3373.22998,4007320000
2020-02-21,3337.75,3899270000
2020-02-24,3225.889893,4842960000
2020-02-25,3128.209961,5591510000
2020-02-26,3116.389893,5478110000
2020-02-27,2978.76001,7058840000
2020-02-28,2954.219971,8563850000
2020-03-02,3090.22998,6376400000
2020-03-03,3003.370117,6355940000
2020-03-04,3130.120117,5035480000
2020-03-05,3023.939941,5575550000
2020-03-06,2972.370117,6552140000
2020-03-09,2746.560059,8423050000
2020-03-10,2882.22998,7635960000
2020-03-11,2741.379883,7374110000
2020-03-12,2480.639893,8829380000
2020-03-13,2711.02002,8258670000
2020-03-16,2386.129883,7781540000
2020-03-17,2529.189941,8358500000
2020-03-18,2398.100098,8755780000
2020-03-19,2409.389893,7946710000
2020-03-20,2304.919922,9044690000
2020-03-23,2237.399902,7402180000
2020-03-24,2447.330078,7547350000
2020-03-25,2475.560059,8285670000
2020-03-26,2630.070068,7753160000
2020-03-27,2541.469971,6194330000
2020-03-30,2626.649902,5746220000
2020-03-31,2584.590088,6568290000
2020-04-01,2470.5,5947900000
2020-04-02,2526.899902,6454990000
2020-04-03,2488.649902,6087190000
2020-04-06,2663.679932,6391860000
2020-04-07,2659.409912,7040720000
2020-04-08,2749.97998,5856370000
2020-04-09,2789.820068,7880140000
2020-04-13,2761.629883,5274310000
2020-04-14,2846.060059,5567400000
2020-04-15,2783.360107,5203390000
2020-04-16,2799.550049,5179990000
2020-04-17,2874.560059,5792140000
2020-04-20,2823.159912,5220160000
2020-04-21,2736.560059,5075830000
2020-04-22,2799.310059,5049660000
2020-04-23,2797.800049,5756520000
2020-04-24,2836.73999,5374480000
2020-04-27,2878.47998,5194260000
2020-04-28,2863.389893,5672880000
2020-04-29,2939.51001,6620140000
2020-04-30,2912.429932,6523120000
2020-05-01,2830.709961,4753160000
2020-05-04,2842.73999,4723140000
2020-05-05,2868.439941,5129590000
2020-05-06,2848.419922,4861920000
2020-05-07,2881.189941,5164640000
2020-05-08,2929.800049,4857160000
2020-05-11,2930.189941,4807320000
2020-05-12,2870.120117,5107710000
2020-05-13,2820,6143130000