Date,SPX,VIX
2010-01-01,,
2010-01-04,1132.99,20.04
2010-01-05,1136.52,19.35
2010-01-06,1137.14,19.16
2010-01-07,1141.69,19.06
2010-01-08,1144.98,18.13
2010-01-11,1146.98,17.55
2010-01-12,1136.22,18.25
2010-01-13,1145.68,17.85
2010-01-14,1148.46,17.63
2010-01-15,1136.03,17.91
2010-01-18,,
2010-01-19,1150.23,17.58
2010-01-20,1138.04,18.68
2010-01-21,1116.48,22.27
2010-01-22,1091.76,27.31
2010-01-25,1096.78,25.41
2010-01-26,1092.17,24.55
2010-01-27,1097.5,23.14
2010-01-28,1084.53,23.73
2010-01-29,1073.87,24.62
2010-02-01,1089.19,22.59
2010-02-02,1103.32,21.48
2010-02-03,1097.28,21.6
2010-02-04,1063.11,26.08
2010-02-05,1066.19,26.11
2010-02-08,1056.74,26.51
2010-02-09,1070.52,26.0
2010-02-10,1068.13,25.4
2010-02-11,1078.47,23.96
2010-02-12,1075.51,22.73
2010-02-15,,
2010-02-16,1094.87,22.25
2010-02-17,1099.51,21.72
2010-02-18,1106.75,20.63
2010-02-19,1109.17,20.02
2010-02-22,1108.01,19.94
2010-02-23,1094.6,21.37
2010-02-24,1105.24,20.27
2010-02-25,1102.94,20.1
2010-02-26,1104.49,19.5
2010-03-01,1115.71,19.26
2010-03-02,1118.31,19.06
2010-03-03,1118.79,18.83
2010-03-04,1122.97,18.72
2010-03-05,1138.7,17.42
2010-03-08,1138.5,17.79
2010-03-09,1140.45,17.92
2010-03-10,1145.61,18.57
2010-03-11,1150.24,18.06
2010-03-12,1149.99,17.58
2010-03-15,1150.51,18.0
2010-03-16,1159.46,17.69
2010-03-17,1166.21,16.91
2010-03-18,1165.83,16.62
2010-03-19,1159.9,16.97
2010-03-22,1165.81,16.87
2010-03-23,1174.17,16.35
2010-03-24,1167.72,17.55
2010-03-25,1165.73,18.4
2010-03-26,1166.59,17.77
2010-03-29,1173.22,17.59
2010-03-30,1173.27,17.13
2010-03-31,1169.43,17.59
2010-04-01,1178.1,17.47
2010-04-02,,
2010-04-05,1187.44,17.02
2010-04-06,1189.44,16.23
2010-04-07,1182.45,16.62
2010-04-08,1186.44,16.48
2010-04-09,1194.37,16.14
2010-04-12,1196.48,15.58
2010-04-13,1197.3,16.2
2010-04-14,1210.65,15.59
2010-04-15,1211.67,15.89
2010-04-16,1192.13,18.36
2010-04-19,1197.52,17.34
2010-04-20,1207.17,15.73
2010-04-21,1205.94,16.32
2010-04-22,1208.67,16.47
2010-04-23,1217.28,16.62
2010-04-26,1212.05,17.47
2010-04-27,1183.71,22.81
2010-04-28,1191.36,21.08
2010-04-29,1206.78,18.44
2010-04-30,1186.69,22.05
2010-05-03,1202.26,20.19
2010-05-04,1173.6,23.84
2010-05-05,1165.9,24.91
2010-05-06,1128.15,32.8
2010-05-07,1110.88,40.95
2010-05-10,1159.73,28.84
2010-05-11,1155.79,28.32
2010-05-12,1171.67,25.52
2010-05-13,1157.44,26.68
2010-05-14,1135.68,31.24
2010-05-17,1136.94,30.84
2010-05-18,1120.8,33.55
2010-05-19,1115.05,35.32
2010-05-20,1071.59,45.79
2010-05-21,1087.69,40.1
2010-05-24,1073.65,38.32
2010-05-25,1074.03,34.61
2010-05-26,1067.95,35.02
2010-05-27,1103.06,29.68
2010-05-28,1089.41,32.07
2010-05-31,,
2010-06-01,1070.71,35.54
2010-06-02,1098.38,30.17
2010-06-03,1102.83,29.46
2010-06-04,1064.88,35.48
2010-06-07,1050.47,36.57
2010-06-08,1062.0,33.7
2010-06-09,1055.69,33.73
2010-06-10,1086.84,30.57
2010-06-11,1091.6,28.79
2010-06-14,1089.63,28.58
2010-06-15,1115.23,25.87
2010-06-16,1114.61,25.92
2010-06-17,1116.04,25.05
2010-06-18,1117.51,23.95
2010-06-21,1113.2,24.88
2010-06-22,1095.31,27.05
2010-06-23,1092.04,26.91
2010-06-24,1073.69,29.74
2010-06-25,1076.76,28.53
2010-06-28,1074.57,29.0
2010-06-29,1041.24,34.13
2010-06-30,1030.71,34.54
2010-07-01,1027.37,32.86
2010-07-02,1022.58,30.12
2010-07-05,,
2010-07-06,1028.06,29.65
2010-07-07,1060.27,26.84
2010-07-08,1070.25,25.71
2010-07-09,1077.96,24.98
2010-07-12,1078.75,24.43
2010-07-13,1095.34,24.56
2010-07-14,1095.17,24.89
2010-07-15,1096.48,25.14
2010-07-16,1064.88,26.25
2010-07-19,1071.25,25.97
2010-07-20,1083.48,23.93
2010-07-21,1069.59,25.64
2010-07-22,1093.67,24.63
2010-07-23,1102.66,23.47
2010-07-26,1115.01,22.73
2010-07-27,1113.84,23.19
2010-07-28,1106.13,24.25
2010-07-29,1101.53,24.13
2010-07-30,1101.6,23.5
2010-08-02,1125.86,22.01
2010-08-03,1120.46,22.63
2010-08-04,1127.24,22.21
2010-08-05,1125.81,22.1
2010-08-06,1121.64,21.74
2010-08-09,1127.79,22.14
2010-08-10,1121.06,22.37
2010-08-11,1089.47,25.39
2010-08-12,1083.61,25.73
2010-08-13,1079.25,26.24
2010-08-16,1079.38,26.1
2010-08-17,1092.54,24.33
2010-08-18,1094.16,24.59
2010-08-19,1075.63,26.44
2010-08-20,1071.69,25.49
2010-08-23,1067.36,25.66
2010-08-24,1051.87,27.46
2010-08-25,1055.33,26.7
2010-08-26,1047.22,27.37
2010-08-27,1064.59,24.45
2010-08-30,1048.92,27.21
2010-08-31,1049.33,26.05
2010-09-01,1080.29,23.89
2010-09-02,1090.1,23.19
2010-09-03,1104.51,21.31
2010-09-06,,
2010-09-07,1091.84,23.8
2010-09-08,1098.87,23.25
2010-09-09,1104.18,22.81
2010-09-10,1109.55,21.99
2010-09-13,1121.9,21.21
2010-09-14,1121.1,21.56
2010-09-15,1125.07,22.1
2010-09-16,1124.66,21.72
2010-09-17,1125.59,22.01
2010-09-20,1142.71,21.5
2010-09-21,1139.78,22.35
2010-09-22,1134.28,22.51
2010-09-23,1124.83,23.87
2010-09-24,1148.67,21.71
2010-09-27,1142.16,22.54
2010-09-28,1147.7,22.6
2010-09-29,1144.73,23.25
2010-09-30,1141.2,23.7
2010-10-01,1146.24,22.5
2010-10-04,1137.03,23.53
2010-10-05,1160.75,21.76
2010-10-06,1159.97,21.49
2010-10-07,1158.06,21.56
2010-10-08,1165.15,20.71
2010-10-11,1165.32,18.96
2010-10-12,1169.77,18.93
2010-10-13,1178.1,19.07
2010-10-14,1173.81,19.88
2010-10-15,1176.19,19.03
2010-10-18,1184.71,19.09
2010-10-19,1165.9,20.63
2010-10-20,1178.17,19.79
2010-10-21,1180.26,19.27
2010-10-22,1183.08,18.78
2010-10-25,1185.62,19.85
2010-10-26,1185.64,20.22
2010-10-27,1182.45,20.71
2010-10-28,1183.78,20.88
2010-10-29,1183.26,21.2
2010-11-01,1184.38,21.83
2010-11-02,1193.57,21.57
2010-11-03,1197.96,19.56
2010-11-04,1221.06,18.52
2010-11-05,1225.85,18.26
2010-11-08,1223.25,18.29
2010-11-09,1213.4,19.08
2010-11-10,1218.71,18.47
2010-11-11,1213.54,18.64
2010-11-12,1199.21,20.61
2010-11-15,1197.75,20.2
2010-11-16,1178.34,22.58
2010-11-17,1178.59,21.76
2010-11-18,1196.69,18.75
2010-11-19,1199.73,18.04
2010-11-22,1197.84,18.37
2010-11-23,1180.73,20.63
2010-11-24,1198.35,19.56
2010-11-25,,
2010-11-26,1189.4,22.22
2010-11-29,1187.76,21.53
2010-11-30,1180.55,23.54
2010-12-01,1206.07,21.36
2010-12-02,1221.53,19.39
2010-12-03,1224.71,18.01
2010-12-06,1223.12,18.02
2010-12-07,1223.75,17.99
2010-12-08,1228.28,17.74
2010-12-09,1233.0,17.25
2010-12-10,1240.4,17.61
2010-12-13,1240.46,17.55
2010-12-14,1241.59,17.61
2010-12-15,1235.23,17.94
2010-12-16,1242.87,17.39
2010-12-17,1243.91,16.11
2010-12-20,1247.08,16.41
2010-12-21,1254.6,16.49
2010-12-22,1258.84,15.45
2010-12-23,1256.77,16.47
2010-12-24,,
2010-12-27,1257.54,17.67
2010-12-28,1258.51,17.52
2010-12-29,1259.78,17.28
2010-12-30,1257.88,17.52
2010-12-31,1257.64,17.75
2011-01-03,1271.87,17.61
2011-01-04,1270.2,17.38
2011-01-05,1276.56,17.02
2011-01-06,1273.85,17.4
2011-01-07,1271.5,17.14
2011-01-10,1269.75,17.54
2011-01-11,1274.48,16.89
2011-01-12,1285.96,16.24
2011-01-13,1283.76,16.39
2011-01-14,1293.24,15.46
2011-01-17,,
2011-01-18,1295.02,15.87
2011-01-19,1281.92,17.31
2011-01-20,1280.26,17.99
2011-01-21,1283.35,18.47
2011-01-24,1290.84,17.65
2011-01-25,1291.18,17.59
2011-01-26,1296.63,16.64
2011-01-27,1299.54,16.15
2011-01-28,1276.34,20.04
2011-01-31,1286.12,19.53
2011-02-01,1307.59,17.63
2011-02-02,1304.03,17.3
2011-02-03,1307.1,16.69
2011-02-04,1310.87,15.93
2011-02-07,1319.05,16.28
2011-02-08,1324.57,15.81
2011-02-09,1320.88,15.87
2011-02-10,1321.87,16.09
2011-02-11,1329.15,15.69
2011-02-14,1332.32,15.95
2011-02-15,1328.01,16.37
2011-02-16,1336.32,16.72
2011-02-17,1340.43,16.59
2011-02-18,1343.01,16.43
2011-02-21,,
2011-02-22,1315.44,20.8
2011-02-23,1307.4,22.13
2011-02-24,1306.1,21.32
2011-02-25,1319.88,19.22
2011-02-28,1327.22,18.35
2011-03-01,1306.33,21.01
2011-03-02,1308.44,20.7
2011-03-03,1330.97,18.6
2011-03-04,1321.15,19.06
2011-03-07,1310.13,20.66
2011-03-08,1321.82,19.82
2011-03-09,1320.02,20.22
2011-03-10,1295.11,21.88
2011-03-11,1304.28,20.08
2011-03-14,1296.39,21.13
2011-03-15,1281.87,24.32
2011-03-16,1256.88,29.4
2011-03-17,1273.72,26.37
2011-03-18,1279.2,24.44
2011-03-21,1298.38,20.61
2011-03-22,1293.77,20.21
2011-03-23,1297.54,19.17
2011-03-24,1309.66,18.0
2011-03-25,1313.8,17.91
2011-03-28,1310.19,19.44
2011-03-29,1319.44,18.16
2011-03-30,1328.26,17.71
2011-03-31,1325.83,17.74
2011-04-01,1332.41,17.4
2011-04-04,1332.87,17.5
2011-04-05,1332.63,17.25
2011-04-06,1335.54,16.9
2011-04-07,1333.51,17.11
2011-04-08,1328.17,17.87
2011-04-11,1324.46,16.59
2011-04-12,1314.16,17.09
2011-04-13,1314.41,16.92
2011-04-14,1314.52,16.27
2011-04-15,1319.68,15.32
2011-04-18,1305.14,16.96
2011-04-19,1312.62,15.83
2011-04-20,1330.36,15.07
2011-04-21,1337.38,14.69
2011-04-22,,
2011-04-25,1335.25,15.77
2011-04-26,1347.24,15.62
2011-04-27,1355.66,15.35
2011-04-28,1360.48,14.62
2011-04-29,1363.61,14.75
2011-05-02,1361.22,15.99
2011-05-03,1356.62,16.7
2011-05-04,1347.32,17.08
2011-05-05,1335.1,18.2
2011-05-06,1340.2,18.4
2011-05-09,1346.29,17.16
2011-05-10,1357.16,15.91
2011-05-11,1342.08,16.95
2011-05-12,1348.65,16.03
2011-05-13,1337.77,17.07
2011-05-16,1329.47,18.24
2011-05-17,1328.98,17.55
2011-05-18,1340.68,16.23
2011-05-19,1343.6,15.52
2011-05-20,1333.27,17.43
2011-05-23,1317.37,18.27
2011-05-24,1316.28,17.82
2011-05-25,1320.47,17.07
2011-05-26,1325.69,16.09
2011-05-27,1331.1,15.98
2011-05-30,,
2011-05-31,1345.2,15.45
2011-06-01,1314.55,18.3
2011-06-02,1312.94,18.09
2011-06-03,1300.16,17.95
2011-06-06,1286.17,18.49
2011-06-07,1284.94,18.07
2011-06-08,1279.56,18.79
2011-06-09,1289.0,17.77
2011-06-10,1270.98,18.86
2011-06-13,1271.83,19.61
2011-06-14,1287.87,18.26
2011-06-15,1265.42,21.32
2011-06-16,1267.64,22.73
2011-06-17,1271.5,21.85
2011-06-20,1278.36,19.99
2011-06-21,1295.52,18.86
2011-06-22,1287.14,18.52
2011-06-23,1283.5,19.29
2011-06-24,1268.45,21.1
2011-06-27,1280.1,20.56
2011-06-28,1296.67,19.17
2011-06-29,1307.41,17.27
2011-06-30,1320.64,16.52
2011-07-01,1339.67,15.87
2011-07-04,,
2011-07-05,1337.88,16.06
2011-07-06,1339.22,16.34
2011-07-07,1353.22,15.95
2011-07-08,1343.8,15.95
2011-07-11,1319.49,18.39
2011-07-12,1313.64,19.87
2011-07-13,1317.72,19.91
2011-07-14,1308.87,20.8
2011-07-15,1316.14,19.53
2011-07-18,1305.44,20.95
2011-07-19,1326.73,19.21
2011-07-20,1325.84,19.09
2011-07-21,1343.8,17.56
2011-07-22,1345.02,17.52
2011-07-25,1337.43,19.35
2011-07-26,1331.94,20.23
2011-07-27,1304.89,22.98
2011-07-28,1300.67,23.74
2011-07-29,1292.28,25.25
2011-08-01,1286.94,23.66
2011-08-02,1254.05,24.79
2011-08-03,1260.34,23.38
2011-08-04,1200.07,31.66
2011-08-05,1199.38,32.0
2011-08-08,1119.46,48.0
2011-08-09,1172.53,35.06
2011-08-10,1120.76,42.99
2011-08-11,1172.64,39.0
2011-08-12,1178.81,36.36
2011-08-15,1204.49,31.87
2011-08-16,1192.76,32.85
2011-08-17,1193.89,31.58
2011-08-18,1140.65,42.67
2011-08-19,1123.53,43.05
2011-08-22,1123.82,42.44
2011-08-23,1162.35,36.27
2011-08-24,1177.6,35.9
2011-08-25,1159.27,39.76
2011-08-26,1176.8,35.59
2011-08-29,1210.08,32.28
2011-08-30,1212.92,32.89
2011-08-31,1218.89,31.62
2011-09-01,1204.42,31.82
2011-09-02,1173.97,33.92
2011-09-05,,
2011-09-06,1165.24,37.0
2011-09-07,1198.62,33.38
2011-09-08,1185.9,34.32
2011-09-09,1154.23,38.52
2011-09-12,1162.27,38.59
2011-09-13,1172.87,36.91
2011-09-14,1188.68,34.6
2011-09-15,1209.11,31.97
2011-09-16,1216.01,30.98
2011-09-19,1204.09,32.73
2011-09-20,1202.09,32.86
2011-09-21,1166.76,37.32
2011-09-22,1129.56,41.35
2011-09-23,1136.43,41.25
2011-09-26,1162.95,39.02
2011-09-27,1175.38,37.71
2011-09-28,1151.06,41.08
2011-09-29,1160.4,38.84
2011-09-30,1131.42,42.96
2011-10-03,1099.23,45.45
2011-10-04,1123.95,40.82
2011-10-05,1144.03,37.81
2011-10-06,1164.97,36.27
2011-10-07,1155.46,36.2
2011-10-10,1194.89,33.02
2011-10-11,1195.54,32.86
2011-10-12,1207.25,31.26
2011-10-13,1203.66,30.7
2011-10-14,1224.58,28.24
2011-10-17,1200.86,33.39
2011-10-18,1225.38,31.56
2011-10-19,1209.88,34.44
2011-10-20,1215.39,34.78
2011-10-21,1238.25,31.32
2011-10-24,1254.19,29.26
2011-10-25,1229.05,32.22
2011-10-26,1242.0,29.86
2011-10-27,1284.59,25.46
2011-10-28,1285.09,24.53
2011-10-31,1253.3,29.96
2011-11-01,1218.28,34.77
2011-11-02,1237.9,32.74
2011-11-03,1261.15,30.5
2011-11-04,1253.23,30.16
2011-11-07,1261.12,29.85
2011-11-08,1275.92,27.48
2011-11-09,1229.1,36.16
2011-11-10,1239.69,32.81
2011-11-11,1263.85,30.04
2011-11-14,1251.78,31.13
2011-11-15,1257.81,31.22
2011-11-16,1236.91,33.51
2011-11-17,1216.13,34.51
2011-11-18,1215.65,32.0
2011-11-21,1192.98,32.91
2011-11-22,1188.04,31.97
2011-11-23,1161.79,33.98
2011-11-24,,
2011-11-25,1158.67,34.47
2011-11-28,1192.55,32.13
2011-11-29,1195.19,30.64
2011-11-30,1246.96,27.8
2011-12-01,1244.58,27.41
2011-12-02,1244.28,27.52
2011-12-05,1257.08,27.84
2011-12-06,1258.47,28.13
2011-12-07,1261.01,28.67
2011-12-08,1234.35,30.59
2011-12-09,1255.19,26.38
2011-12-12,1236.47,25.67
2011-12-13,1225.73,25.41
2011-12-14,1211.82,26.04
2011-12-15,1215.75,25.11
2011-12-16,1219.66,24.29
2011-12-19,1205.35,24.92
2011-12-20,1241.3,23.22
2011-12-21,1243.72,21.43
2011-12-22,1254.0,21.16
2011-12-23,1265.33,20.73
2011-12-26,,
2011-12-27,1265.43,21.91
2011-12-28,1249.64,23.52
2011-12-29,1263.02,22.65
2011-12-30,1257.6,23.4
2012-01-02,,
2012-01-03,1277.06,22.97
2012-01-04,1277.3,22.22
2012-01-05,1281.06,21.48
2012-01-06,1277.81,20.63
2012-01-09,1280.7,21.07
2012-01-10,1292.08,20.69
2012-01-11,1292.48,21.05
2012-01-12,1295.5,20.47
2012-01-13,1289.09,20.91
2012-01-16,,
2012-01-17,1293.67,22.2
2012-01-18,1308.04,20.89
2012-01-19,1314.5,19.87
2012-01-20,1315.38,18.28
2012-01-23,1316.0,18.67
2012-01-24,1314.65,18.91
2012-01-25,1326.05,18.31
2012-01-26,1318.43,18.57
2012-01-27,1316.33,18.53
2012-01-30,1313.01,19.4
2012-01-31,1312.41,19.44
2012-02-01,1324.09,18.55
2012-02-02,1325.54,17.98
2012-02-03,1344.9,17.1
2012-02-06,1344.33,17.76
2012-02-07,1347.05,17.65
2012-02-08,1349.96,18.16
2012-02-09,1351.95,18.63
2012-02-10,1342.64,20.79
2012-02-13,1351.77,19.04
2012-02-14,1350.5,19.54
2012-02-15,1343.23,21.14
2012-02-16,1358.04,19.22
2012-02-17,1361.23,17.78
2012-02-20,,
2012-02-21,1362.21,18.19
2012-02-22,1357.66,18.19
2012-02-23,1363.46,16.8
2012-02-24,1365.74,17.31
2012-02-27,1367.59,18.19
2012-02-28,1372.18,17.96
2012-02-29,1365.68,18.43
2012-03-01,1374.09,17.26
2012-03-02,1369.63,17.29
2012-03-05,1364.33,18.05
2012-03-06,1343.36,20.87
2012-03-07,1352.63,19.07
2012-03-08,1365.91,17.95
2012-03-09,1370.87,17.11
2012-03-12,1371.09,15.64
2012-03-13,1395.95,14.8
2012-03-14,1394.28,15.31
2012-03-15,1402.6,15.42
2012-03-16,1404.17,14.47
2012-03-19,1409.75,15.04
2012-03-20,1405.52,15.58
2012-03-21,1402.89,15.13
2012-03-22,1392.78,15.57
2012-03-23,1397.11,14.82
2012-03-26,1416.51,14.26
2012-03-27,1412.52,15.59
2012-03-28,1405.54,15.47
2012-03-29,1403.28,15.48
2012-03-30,1408.47,15.5
2012-04-02,1419.04,15.64
2012-04-03,1413.38,15.66
2012-04-04,1398.96,16.44
2012-04-05,1398.08,16.7
2012-04-06,,
2012-04-09,1382.2,18.81
2012-04-10,1358.59,20.39
2012-04-11,1368.71,20.02
2012-04-12,1387.57,17.2
2012-04-13,1370.26,19.55
2012-04-16,1369.57,19.55
2012-04-17,1390.78,18.46
2012-04-18,1385.14,18.64
2012-04-19,1376.92,18.36
2012-04-20,1378.53,17.44
2012-04-23,1366.94,18.97
2012-04-24,1371.97,18.1
2012-04-25,1390.69,16.82
2012-04-26,1399.98,16.24
2012-04-27,1403.36,16.32
2012-04-30,1397.91,17.15
2012-05-01,1405.82,16.6
2012-05-02,1402.31,16.88
2012-05-03,1391.57,17.56
2012-05-04,1369.1,19.16
2012-05-07,1369.58,18.94
2012-05-08,1363.72,19.05
2012-05-09,1354.58,20.08
2012-05-10,1357.99,18.83
2012-05-11,1353.39,19.89
2012-05-14,1338.35,21.87
2012-05-15,1330.66,21.97
2012-05-16,1324.8,22.27
2012-05-17,1304.86,24.49
2012-05-18,1295.22,25.1
2012-05-21,1315.99,22.01
2012-05-22,1316.63,22.48
2012-05-23,1318.86,22.33
2012-05-24,1320.68,21.54
2012-05-25,1317.82,21.76
2012-05-28,,
2012-05-29,1332.42,21.03
2012-05-30,1313.32,24.14
2012-05-31,1310.33,24.06
2012-06-01,1278.04,26.66
2012-06-04,1278.18,26.12
2012-06-05,1285.5,24.68
2012-06-06,1315.13,22.16
2012-06-07,1314.99,21.72
2012-06-08,1325.66,21.23
2012-06-11,1308.93,23.56
2012-06-12,1324.18,22.09
2012-06-13,1314.88,24.27
2012-06-14,1329.1,21.68
2012-06-15,1342.84,21.11
2012-06-18,1344.78,18.32
2012-06-19,1357.98,18.38
2012-06-20,1355.69,17.24
2012-06-21,1325.51,20.08
2012-06-22,1335.02,18.11
2012-06-25,1313.72,20.38
2012-06-26,1319.99,19.72
2012-06-27,1331.85,19.45
2012-06-28,1329.04,19.71
2012-06-29,1362.16,17.08
2012-07-02,1365.51,16.8
2012-07-03,1374.02,16.66
2012-07-04,,
2012-07-05,1367.58,17.5
2012-07-06,1354.68,17.1
2012-07-09,1352.46,17.98
2012-07-10,1341.47,18.72
2012-07-11,1341.45,17.95
2012-07-12,1334.76,18.33
2012-07-13,1356.78,16.74
2012-07-16,1353.64,17.11
2012-07-17,1363.67,16.48
2012-07-18,1372.78,16.16
2012-07-19,1376.51,15.45
2012-07-20,1362.66,16.27
2012-07-23,1350.52,18.62
2012-07-24,1338.31,20.47
2012-07-25,1337.89,19.34
2012-07-26,1360.02,17.53
2012-07-27,1385.97,16.7
2012-07-30,1385.3,18.03
2012-07-31,1379.32,18.93
2012-08-01,1375.14,18.96
2012-08-02,1365.0,17.57
2012-08-03,1390.99,15.64
2012-08-06,1394.23,15.95
2012-08-07,1401.35,15.99
2012-08-08,1402.22,15.32
2012-08-09,1402.8,15.28
2012-08-10,1405.87,14.74
2012-08-13,1404.11,13.7
2012-08-14,1403.93,14.85
2012-08-15,1405.53,14.63
2012-08-16,1415.51,14.29
2012-08-17,1418.16,13.45
2012-08-20,1418.13,14.02
2012-08-21,1413.17,15.02
2012-08-22,1413.49,15.11
2012-08-23,1402.08,15.96
2012-08-24,1411.13,15.18
2012-08-27,1410.44,16.35
2012-08-28,1409.3,16.49
2012-08-29,1410.49,17.06
2012-08-30,1399.48,17.83
2012-08-31,1406.58,17.47
2012-09-03,,
2012-09-04,1404.94,17.98
2012-09-05,1403.44,17.74
2012-09-06,1432.12,15.6
2012-09-07,1437.92,14.38
2012-09-10,1429.08,16.28
2012-09-11,1433.56,16.41
2012-09-12,1436.56,15.8
2012-09-13,1459.99,14.05
2012-09-14,1465.77,14.51
2012-09-17,1461.19,14.59
2012-09-18,1459.32,14.18
2012-09-19,1461.05,13.88
2012-09-20,1460.26,14.07
2012-09-21,1460.15,13.98
2012-09-24,1456.89,14.15
2012-09-25,1441.59,15.43
2012-09-26,1433.32,16.81
2012-09-27,1447.15,14.84
2012-09-28,1440.67,15.73
2012-10-01,1444.49,16.32
2012-10-02,1445.75,15.71
2012-10-03,1450.99,15.43
2012-10-04,1461.4,14.55
2012-10-05,1460.93,14.33
2012-10-08,1455.88,15.11
2012-10-09,1441.48,16.37
2012-10-10,1432.56,16.29
2012-10-11,1432.84,15.59
2012-10-12,1428.59,16.14
2012-10-15,1440.13,15.27
2012-10-16,1454.92,15.22
2012-10-17,1460.91,15.07
2012-10-18,1457.34,15.03
2012-10-19,1433.19,17.06
2012-10-22,1433.82,16.62
2012-10-23,1413.11,18.83
2012-10-24,1408.75,18.33
2012-10-25,1412.97,18.12
2012-10-26,1411.94,17.81
2012-10-29,,
2012-10-30,,
2012-10-31,1412.16,18.6
2012-11-01,1427.59,16.69
2012-11-02,1414.2,17.59
2012-11-05,1417.26,18.42
2012-11-06,1428.39,17.58
2012-11-07,1394.53,19.08
2012-11-08,1377.51,18.49
2012-11-09,1379.85,18.61
2012-11-12,1380.03,16.68
2012-11-13,1374.53,16.65
2012-11-14,1355.49,17.92
2012-11-15,1353.33,17.99
2012-11-16,1359.88,16.41
2012-11-19,1386.89,15.24
2012-11-20,1387.81,15.08
2012-11-21,1391.03,15.31
2012-11-22,,
2012-11-23,1409.15,15.14
2012-11-26,1406.29,15.5
2012-11-27,1398.94,15.92
2012-11-28,1409.93,15.51
2012-11-29,1415.95,15.06
2012-11-30,1416.18,15.87
2012-12-03,1409.46,16.64
2012-12-04,1407.05,17.12
2012-12-05,1409.28,16.46
2012-12-06,1413.94,16.58
2012-12-07,1418.07,15.9
2012-12-10,1418.55,16.05
2012-12-11,1427.84,15.57
2012-12-12,1428.48,15.95
2012-12-13,1419.45,16.56
2012-12-14,1413.58,17.0
2012-12-17,1430.36,16.34
2012-12-18,1446.79,15.57
2012-12-19,1435.81,17.36
2012-12-20,1443.69,17.67
2012-12-21,1430.15,17.84
2012-12-24,1426.66,18.59
2012-12-25,,
2012-12-26,1419.83,19.48
2012-12-27,1418.1,19.47
2012-12-28,1402.43,22.72
2012-12-31,1426.19,18.02
2013-01-01,,
2013-01-02,1462.42,14.68
2013-01-03,1459.37,14.56
2013-01-04,1466.47,13.83
2013-01-07,1461.89,13.79
2013-01-08,1457.15,13.62
2013-01-09,1461.02,13.81
2013-01-10,1472.12,13.49
2013-01-11,1472.05,13.36
2013-01-14,1470.68,13.52
2013-01-15,1472.34,13.55
2013-01-16,1472.63,13.42
2013-01-17,1480.94,13.57
2013-01-18,1485.98,12.46
2013-01-21,,
2013-01-22,1492.56,12.43
2013-01-23,1494.81,12.46
2013-01-24,1494.82,12.69
2013-01-25,1502.96,12.89
2013-01-28,1500.18,13.57
2013-01-29,1507.84,13.31
2013-01-30,1501.96,14.32
2013-01-31,1498.11,14.28
2013-02-01,1513.17,12.9
2013-02-04,1495.71,14.67
2013-02-05,1511.29,13.72
2013-02-06,1512.12,13.41
2013-02-07,1509.39,13.5
2013-02-08,1517.93,13.02
2013-02-11,1517.01,12.94
2013-02-12,1519.43,12.64
2013-02-13,1520.33,12.98
2013-02-14,1521.38,12.66
2013-02-15,1519.79,12.46
2013-02-18,,
2013-02-19,1530.94,12.31
2013-02-20,1511.95,14.68
2013-02-21,1502.42,15.22
2013-02-22,1515.6,14.17
2013-02-25,1487.85,18.99
2013-02-26,1496.94,16.87
2013-02-27,1515.99,14.73
2013-02-28,1514.68,15.51
2013-03-01,1518.2,15.36
2013-03-04,1525.2,14.01
2013-03-05,1539.79,13.48
2013-03-06,1541.46,13.53
2013-03-07,1544.26,13.06
2013-03-08,1551.18,12.59
2013-03-11,1556.22,11.56
2013-03-12,1552.48,12.27
2013-03-13,1554.52,11.83
2013-03-14,1563.23,11.3
2013-03-15,1560.7,11.3
2013-03-18,1552.1,13.36
2013-03-19,1548.34,14.39
2013-03-20,1558.71,12.67
2013-03-21,1545.8,13.99
2013-03-22,1556.89,13.57
2013-03-25,1551.69,13.74
2013-03-26,1563.77,12.77
2013-03-27,1562.85,13.15
2013-03-28,1569.19,12.7
2013-03-29,,
2013-04-01,1562.17,13.58
2013-04-02,1570.25,12.78
2013-04-03,1553.69,14.21
2013-04-04,1559.98,13.89
2013-04-05,1553.28,13.92
2013-04-08,1563.07,13.19
2013-04-09,1568.61,12.84
2013-04-10,1587.73,12.36
2013-04-11,1593.37,12.24
2013-04-12,1588.85,12.06
2013-04-15,1552.36,17.27
2013-04-16,1574.57,13.96
2013-04-17,1552.01,16.51
2013-04-18,1541.61,17.56
2013-04-19,1555.25,14.97
2013-04-22,1562.5,14.39
2013-04-23,1578.78,13.48
2013-04-24,1578.79,13.61
2013-04-25,1585.16,13.62
2013-04-26,1582.24,13.61
2013-04-29,1593.61,13.71
2013-04-30,1597.57,13.52
2013-05-01,1582.7,14.49
2013-05-02,1597.59,13.59
2013-05-03,1614.42,12.85
2013-05-06,1617.5,12.66
2013-05-07,1625.96,12.83
2013-05-08,1632.69,12.66
2013-05-09,1626.67,13.13
2013-05-10,1633.7,12.59
2013-05-13,1633.77,12.55
2013-05-14,1650.34,12.77
2013-05-15,1658.78,12.81
2013-05-16,1650.47,13.07
2013-05-17,1667.47,12.45
2013-05-20,1666.29,13.02
2013-05-21,1669.16,13.37
2013-05-22,1655.35,13.82
2013-05-23,1650.51,14.07
2013-05-24,1649.6,13.99
2013-05-27,,
2013-05-28,1660.06,14.48
2013-05-29,1648.36,14.83
2013-05-30,1654.41,14.53
2013-05-31,1630.74,16.3
2013-06-03,1640.42,16.28
2013-06-04,1631.38,16.27
2013-06-05,1608.9,17.5
2013-06-06,1622.56,16.63
2013-06-07,1643.38,15.14
2013-06-10,1642.81,15.44
2013-06-11,1626.13,17.07
2013-06-12,1612.52,18.59
2013-06-13,1636.36,16.41
2013-06-14,1626.73,17.15
2013-06-17,1639.04,16.8
2013-06-18,1651.81,16.61
2013-06-19,1628.93,16.64
2013-06-20,1588.19,20.49
2013-06-21,1592.43,18.9
2013-06-24,1573.09,20.11
2013-06-25,1588.03,18.47
2013-06-26,1603.26,17.21
2013-06-27,1613.2,16.86
2013-06-28,1606.28,16.86
2013-07-01,1614.96,16.37
2013-07-02,1614.08,16.44
2013-07-03,1615.41,16.2
2013-07-04,,
2013-07-05,1631.89,14.89
2013-07-08,1640.46,14.78
2013-07-09,1652.32,14.35
2013-07-10,1652.62,14.21
2013-07-11,1675.02,14.01
2013-07-12,1680.19,13.84
2013-07-15,1682.5,13.79
2013-07-16,1676.26,14.42
2013-07-17,1680.91,13.78
2013-07-18,1689.37,13.77
2013-07-19,1692.09,12.54
2013-07-22,1695.53,12.29
2013-07-23,1692.39,12.66
2013-07-24,1685.94,13.18
2013-07-25,1690.25,12.97
2013-07-26,1691.65,12.72
2013-07-29,1685.33,13.39
2013-07-30,1685.96,13.39
2013-07-31,1685.73,13.45
2013-08-01,1706.87,12.94
2013-08-02,1709.67,11.98
2013-08-05,1707.14,11.84
2013-08-06,1697.37,12.72
2013-08-07,1690.91,12.98
2013-08-08,1697.48,12.73
2013-08-09,1691.42,13.41
2013-08-12,1689.47,12.81
2013-08-13,1694.16,12.31
2013-08-14,1685.39,13.04
2013-08-15,1661.32,14.73
2013-08-16,1655.83,14.37
2013-08-19,1646.06,15.1
2013-08-20,1652.35,14.91
2013-08-21,1642.8,15.94
2013-08-22,1656.96,14.76
2013-08-23,1663.5,13.98
2013-08-26,1656.78,14.99
2013-08-27,1630.48,16.77
2013-08-28,1634.96,16.49
2013-08-29,1638.17,16.81
2013-08-30,1632.97,17.01
2013-09-02,,
2013-09-03,1639.77,16.61
2013-09-04,1653.08,15.88
2013-09-05,1655.08,15.77
2013-09-06,1655.17,15.85
2013-09-09,1671.71,15.63
2013-09-10,1683.99,14.53
2013-09-11,1689.13,13.82
2013-09-12,1683.42,14.29
2013-09-13,1687.99,14.16
2013-09-16,1697.6,14.38
2013-09-17,1704.76,14.53
2013-09-18,1725.52,13.59
2013-09-19,1722.34,13.16
2013-09-20,1709.91,13.12
2013-09-23,1701.84,14.31
2013-09-24,1697.42,14.08
2013-09-25,1692.77,14.01
2013-09-26,1698.67,14.06
2013-09-27,1691.75,15.46
2013-09-30,1681.55,16.6
2013-10-01,1695.0,15.54
2013-10-02,1693.87,16.6
2013-10-03,1678.66,17.67
2013-10-04,1690.5,16.74
2013-10-07,1676.12,19.41
2013-10-08,1655.45,20.34
2013-10-09,1656.4,19.6
2013-10-10,1692.56,16.48
2013-10-11,1703.2,15.72
2013-10-14,1710.14,16.07
2013-10-15,1698.06,18.66
2013-10-16,1721.54,14.71
2013-10-17,1733.15,13.48
2013-10-18,1744.5,13.04
2013-10-21,1744.66,13.16
2013-10-22,1754.67,13.33
2013-10-23,1746.38,13.42
2013-10-24,1752.07,13.2
2013-10-25,1759.77,13.09
2013-10-28,1762.11,13.31
2013-10-29,1771.95,13.41
2013-10-30,1763.31,13.65
2013-10-31,1756.54,13.75
2013-11-01,1761.64,13.28
2013-11-04,1767.93,12.93
2013-11-05,1762.97,13.27
2013-11-06,1770.49,12.67
2013-11-07,1747.15,13.91
2013-11-08,1770.61,12.9
2013-11-11,1771.89,12.53
2013-11-12,1767.69,12.82
2013-11-13,1782.0,12.52
2013-11-14,1790.62,12.37
2013-11-15,1798.18,12.19
2013-11-18,1791.53,13.1
2013-11-19,1787.87,13.39
2013-11-20,1781.37,13.4
2013-11-21,1795.85,12.66
2013-11-22,1804.76,12.26
2013-11-25,1802.48,12.79
2013-11-26,1802.75,12.81
2013-11-27,1807.23,12.98
2013-11-28,,
2013-11-29,1805.81,13.7
2013-12-02,1800.9,14.23
2013-12-03,1795.15,14.55
2013-12-04,1792.81,14.7
2013-12-05,1785.03,15.08
2013-12-06,1805.09,13.79
2013-12-09,1808.37,13.49
2013-12-10,1802.62,13.91
2013-12-11,1782.22,15.42
2013-12-12,1775.5,15.54
2013-12-13,1775.32,15.76
2013-12-16,1786.54,16.03
2013-12-17,1781.0,16.21
2013-12-18,1810.65,13.8
2013-12-19,1809.6,14.15
2013-12-20,1818.32,13.79
2013-12-23,1827.99,13.04
2013-12-24,1833.32,12.48
2013-12-25,,
2013-12-26,1842.02,12.33
2013-12-27,1841.4,12.46
2013-12-30,1841.07,13.56
2013-12-31,1848.36,13.72
2014-01-01,,
2014-01-02,1831.98,14.23
2014-01-03,1831.37,13.76
2014-01-06,1826.77,13.55
2014-01-07,1837.88,12.92
2014-01-08,1837.49,12.87
2014-01-09,1838.13,12.89
2014-01-10,1842.37,12.14
2014-01-13,1819.2,13.28
2014-01-14,1838.88,12.28
2014-01-15,1848.38,12.28
2014-01-16,1845.89,12.53
2014-01-17,1838.7,12.44
2014-01-20,,
2014-01-21,1843.8,12.87
2014-01-22,1844.86,12.84
2014-01-23,1828.46,13.77
2014-01-24,1790.29,18.14
2014-01-27,1781.56,17.42
2014-01-28,1792.5,15.8
2014-01-29,1774.2,17.35
2014-01-30,1794.19,17.29
2014-01-31,1782.59,18.41
2014-02-03,1741.89,21.44
2014-02-04,1755.2,19.11
2014-02-05,1751.64,19.95
2014-02-06,1773.43,17.23
2014-02-07,1797.02,15.29
2014-02-10,1799.84,15.26
2014-02-11,1819.75,14.51
2014-02-12,1819.26,14.3
2014-02-13,1829.83,14.14
2014-02-14,1838.63,13.57
2014-02-17,,
2014-02-18,1840.76,13.87
2014-02-19,1828.75,15.5
2014-02-20,1839.78,14.79
2014-02-21,1836.25,14.68
2014-02-24,1847.61,14.23
2014-02-25,1845.12,13.67
2014-02-26,1845.16,14.35
2014-02-27,1854.29,14.04
2014-02-28,1859.45,14.0
2014-03-03,1845.73,16.0
2014-03-04,1873.91,14.1
2014-03-05,1873.81,13.89
2014-03-06,1877.03,14.21
2014-03-07,1878.04,14.11
2014-03-10,1877.17,14.2
2014-03-11,1867.63,14.8
2014-03-12,1868.2,14.47
2014-03-13,1846.34,16.22
2014-03-14,1841.13,17.82
2014-03-17,1858.83,15.64
2014-03-18,1872.25,14.52
2014-03-19,1860.77,15.12
2014-03-20,1872.01,14.52
2014-03-21,1866.52,15.0
2014-03-24,1857.44,15.09
2014-03-25,1865.62,14.02
2014-03-26,1852.56,14.93
2014-03-27,1849.04,14.62
2014-03-28,1857.62,14.41
2014-03-31,1872.34,13.88
2014-04-01,1885.52,13.1
2014-04-02,1890.9,13.09
2014-04-03,1888.77,13.37
2014-04-04,1865.09,13.96
2014-04-07,1845.04,15.57
2014-04-08,1851.96,14.89
2014-04-09,1872.18,13.82
2014-04-10,1833.08,15.89
2014-04-11,1815.69,17.03
2014-04-14,1830.61,16.11
2014-04-15,1842.98,15.61
2014-04-16,1862.31,14.18
2014-04-17,1864.85,13.36
2014-04-18,,
2014-04-21,1871.89,13.25
2014-04-22,1879.55,13.19
2014-04-23,1875.39,13.27
2014-04-24,1878.61,13.32
2014-04-25,1863.4,14.06
2014-04-28,1869.43,13.97
2014-04-29,1878.33,13.71
2014-04-30,1883.95,13.41
2014-05-01,1883.68,13.25
2014-05-02,1881.14,12.91
2014-05-05,1884.66,13.29
2014-05-06,1867.72,13.8
2014-05-07,1878.21,13.4
2014-05-08,1875.63,13.43
2014-05-09,1878.48,12.92
2014-05-12,1896.65,12.23
2014-05-13,1897.45,12.13
2014-05-14,1888.53,12.17
2014-05-15,1870.85,13.17
2014-05-16,1877.86,12.44
2014-05-19,1885.08,12.42
2014-05-20,1872.83,12.96
2014-05-21,1888.03,11.91
2014-05-22,1892.49,12.03
2014-05-23,1900.53,11.36
2014-05-26,,
2014-05-27,1911.91,11.51
2014-05-28,1909.78,11.68
2014-05-29,1920.03,11.57
2014-05-30,1923.57,11.4
2014-06-02,1924.97,11.58
2014-06-03,1924.24,11.87
2014-06-04,1927.88,12.08
2014-06-05,1940.46,11.68
2014-06-06,1949.44,10.73
2014-06-09,1951.27,11.15
2014-06-10,1950.79,10.99
2014-06-11,1943.89,11.6
2014-06-12,1930.11,12.56
2014-06-13,1936.16,12.18
2014-06-16,1937.78,12.65
2014-06-17,1941.99,12.06
2014-06-18,1956.98,10.61
2014-06-19,1959.48,10.62
2014-06-20,1962.87,10.85
2014-06-23,1962.61,10.98
2014-06-24,1949.98,12.13
2014-06-25,1959.53,11.59
2014-06-26,1957.22,11.63
2014-06-27,1960.96,11.26
2014-06-30,1960.23,11.57
2014-07-01,1973.32,11.15
2014-07-02,1974.62,10.82
2014-07-03,1985.44,10.32
2014-07-04,,
2014-07-07,1977.65,11.33
2014-07-08,1963.71,11.98
2014-07-09,1972.83,11.65
2014-07-10,1964.68,12.59
2014-07-11,1967.57,12.08
2014-07-14,1977.1,11.82
2014-07-15,1973.28,11.96
2014-07-16,1981.57,11.0
2014-07-17,1958.12,14.54
2014-07-18,1978.22,12.06
2014-07-21,1973.63,12.81
2014-07-22,1983.53,12.24
2014-07-23,1987.01,11.52
2014-07-24,1987.98,11.84
2014-07-25,1978.34,12.69
2014-07-28,1978.91,12.56
2014-07-29,1969.95,13.28
2014-07-30,1970.07,13.33
2014-07-31,1930.67,16.95
2014-08-01,1925.15,17.03
2014-08-04,1938.99,15.12
2014-08-05,1920.21,16.87
2014-08-06,1920.24,16.37
2014-08-07,1909.57,16.66
2014-08-08,1931.59,15.77
2014-08-11,1936.92,14.23
2014-08-12,1933.75,14.13
2014-08-13,1946.72,12.9
2014-08-14,1955.18,12.42
2014-08-15,1955.06,13.15
2014-08-18,1971.74,12.32
2014-08-19,1981.6,12.21
2014-08-20,1986.51,11.78
2014-08-21,1992.37,11.76
2014-08-22,1988.4,11.47
2014-08-25,1997.92,11.7
2014-08-26,2000.02,11.63
2014-08-27,2000.12,11.78
2014-08-28,1996.74,12.05
2014-08-29,2003.37,11.98
2014-09-01,,
2014-09-02,2002.28,12.25
2014-09-03,2000.72,12.36
2014-09-04,1997.65,12.64
2014-09-05,2007.71,12.09
2014-09-08,2001.54,12.66
2014-09-09,1988.44,13.5
2014-09-10,1995.69,12.88
2014-09-11,1997.45,12.8
2014-09-12,1985.54,13.31
2014-09-15,1984.13,14.12
2014-09-16,1998.98,12.73
2014-09-17,2001.57,12.65
2014-09-18,2011.36,12.03
2014-09-19,2010.4,12.11
2014-09-22,1994.29,13.69
2014-09-23,1982.77,14.93
2014-09-24,1998.3,13.27
2014-09-25,1965.99,15.64
2014-09-26,1982.85,14.85
2014-09-29,1977.8,15.98
2014-09-30,1972.29,16.31
2014-10-01,1946.16,16.71
2014-10-02,1946.17,16.16
2014-10-03,1967.9,14.55
2014-10-06,1964.82,15.46
2014-10-07,1935.1,17.2
2014-10-08,1968.89,15.11
2014-10-09,1928.21,18.76
2014-10-10,1906.13,21.24
2014-10-13,1874.74,24.64
2014-10-14,1877.7,22.79
2014-10-15,1862.49,26.25
2014-10-16,1862.76,25.2
2014-10-17,1886.76,21.99
2014-10-20,1904.01,18.57
2014-10-21,1941.28,16.08
2014-10-22,1927.11,17.87
2014-10-23,1950.82,16.53
2014-10-24,1964.58,16.11
2014-10-27,1961.63,16.04
2014-10-28,1985.05,14.39
2014-10-29,1982.3,15.15
2014-10-30,1994.65,14.52
2014-10-31,2018.05,14.03
2014-11-03,2017.81,14.73
2014-11-04,2012.1,14.89
2014-11-05,2023.57,14.17
2014-11-06,2031.21,13.67
2014-11-07,2031.92,13.12
2014-11-10,2038.26,12.67
2014-11-11,2039.68,12.92
2014-11-12,2038.25,13.02
2014-11-13,2039.33,13.79
2014-11-14,2039.82,13.31
2014-11-17,2041.32,13.99
2014-11-18,2051.8,13.86
2014-11-19,2048.72,13.96
2014-11-20,2052.75,13.58
2014-11-21,2063.5,12.9
2014-11-24,2069.41,12.62
2014-11-25,2067.03,12.25
2014-11-26,2072.83,12.07
2014-11-27,,
2014-11-28,2067.56,13.33
2014-12-01,2053.44,14.29
2014-12-02,2066.55,12.85
2014-12-03,2074.33,12.47
2014-12-04,2071.92,12.38
2014-12-05,2075.37,11.82
2014-12-08,2060.31,14.21
2014-12-09,2059.82,14.89
2014-12-10,2026.14,18.53
2014-12-11,2035.33,20.08
2014-12-12,2002.33,21.08
2014-12-15,1989.63,20.42
2014-12-16,1972.74,23.57
2014-12-17,2012.89,19.44
2014-12-18,2061.23,16.81
2014-12-19,2070.65,16.49
2014-12-22,2078.54,15.25
2014-12-23,2082.17,14.8
2014-12-24,2081.88,14.37
2014-12-25,,
2014-12-26,2088.77,14.5
2014-12-29,2090.57,15.06
2014-12-30,2080.35,15.92
2014-12-31,2058.9,19.2
2015-01-01,,
2015-01-02,2058.2,17.79
2015-01-05,2020.58,19.92
2015-01-06,2002.61,21.12
2015-01-07,2025.9,19.31
2015-01-08,2062.14,17.01
2015-01-09,2044.81,17.55
2015-01-12,2028.26,19.6
2015-01-13,2023.03,20.56
2015-01-14,2011.27,21.48
2015-01-15,1992.67,22.39
2015-01-16,2019.42,20.95
2015-01-19,,
2015-01-20,2022.55,19.89
2015-01-21,2032.12,18.85
2015-01-22,2063.15,16.4
2015-01-23,2051.82,16.66
2015-01-26,2057.09,15.52
2015-01-27,2029.55,17.22
2015-01-28,2002.16,20.44
2015-01-29,2021.25,18.76
2015-01-30,1994.99,20.97
2015-02-02,2020.85,19.43
2015-02-03,2050.03,17.33
2015-02-04,2041.51,18.33
2015-02-05,2062.52,16.85
2015-02-06,2055.47,17.29
2015-02-09,2046.74,18.55
2015-02-10,2068.59,17.23
2015-02-11,2068.53,16.96
2015-02-12,2088.48,15.34
2015-02-13,2096.99,14.69
2015-02-16,,
2015-02-17,2100.34,15.8
2015-02-18,2099.68,15.45
2015-02-19,2097.45,15.29
2015-02-20,2110.3,14.3
2015-02-23,2109.66,14.56
2015-02-24,2115.48,13.69
2015-02-25,2113.86,13.84
2015-02-26,2110.74,13.91
2015-02-27,2104.5,13.34
2015-03-02,2117.39,13.04
2015-03-03,2107.78,13.86
2015-03-04,2098.53,14.23
2015-03-05,2101.04,14.04
2015-03-06,2071.26,15.2
2015-03-09,2079.43,15.06
2015-03-10,2044.16,16.69
2015-03-11,2040.24,16.87
2015-03-12,2065.95,15.42
2015-03-13,2053.4,16.0
2015-03-16,2081.19,15.61
2015-03-17,2074.28,15.66
2015-03-18,2099.5,13.97
2015-03-19,2089.27,14.07
2015-03-20,2108.1,13.02
2015-03-23,2104.42,13.41
2015-03-24,2091.5,13.62
2015-03-25,2061.05,15.44
2015-03-26,2056.15,15.8
2015-03-27,2061.02,15.07
2015-03-30,2086.24,14.51
2015-03-31,2067.89,15.29
2015-04-01,2059.69,15.11
2015-04-02,2066.96,14.67
2015-04-03,,
2015-04-06,2080.62,14.74
2015-04-07,2076.33,14.78
2015-04-08,2081.9,13.98
2015-04-09,2091.18,13.09
2015-04-10,2102.06,12.58
2015-04-13,2092.43,13.94
2015-04-14,2095.84,13.67
2015-04-15,2106.63,12.84
2015-04-16,2104.99,12.6
2015-04-17,2081.18,13.89
2015-04-20,2100.4,13.3
2015-04-21,2097.29,13.25
2015-04-22,2107.96,12.71
2015-04-23,2112.93,12.48
2015-04-24,2117.69,12.29
2015-04-27,2108.92,13.12
2015-04-28,2114.76,12.41
2015-04-29,2106.85,13.39
2015-04-30,2085.51,14.55
2015-05-01,2108.29,12.7
2015-05-04,2114.49,12.85
2015-05-05,2089.46,14.31
2015-05-06,2080.15,15.15
2015-05-07,2088.0,15.13
2015-05-08,2116.1,12.86
2015-05-11,2105.33,13.85
2015-05-12,2099.12,13.86
2015-05-13,2098.48,13.76
2015-05-14,2121.1,12.74
2015-05-15,2122.73,12.38
2015-05-18,2129.2,12.73
2015-05-19,2127.83,12.85
2015-05-20,2125.85,12.88
2015-05-21,2130.82,12.11
2015-05-22,2126.06,12.13
2015-05-25,,
2015-05-26,2104.2,14.06
2015-05-27,2123.48,13.27
2015-05-28,2120.79,13.31
2015-05-29,2107.39,13.84
2015-06-01,2111.73,13.97
2015-06-02,2109.6,14.24
2015-06-03,2114.07,13.66
2015-06-04,2095.84,14.71
2015-06-05,2092.83,14.21
2015-06-08,2079.28,15.29
2015-06-09,2080.15,14.47
2015-06-10,2105.2,13.22
2015-06-11,2108.86,12.85
2015-06-12,2094.11,13.78
2015-06-15,2084.43,15.39
2015-06-16,2096.29,14.81
2015-06-17,2100.44,14.5
2015-06-18,2121.24,13.19
2015-06-19,2109.99,13.96
2015-06-22,2122.85,12.74
2015-06-23,2124.2,12.11
2015-06-24,2108.58,13.26
2015-06-25,2102.31,14.01
2015-06-26,2101.49,14.02
2015-06-29,2057.64,18.85
2015-06-30,2063.11,18.23
2015-07-01,2077.42,16.09
2015-07-02,2076.78,16.79
2015-07-03,,
2015-07-06,2068.76,17.01
2015-07-07,2081.34,16.09
2015-07-08,2046.68,19.66
2015-07-09,2051.31,19.97
2015-07-10,2076.62,16.83
2015-07-13,2099.6,13.9
2015-07-14,2108.95,13.37
2015-07-15,2107.4,13.23
2015-07-16,2124.29,12.11
2015-07-17,2126.64,11.95
2015-07-20,2128.28,12.25
2015-07-21,2119.21,12.22
2015-07-22,2114.15,12.12
2015-07-23,2102.15,12.64
2015-07-24,2079.65,13.74
2015-07-27,2067.64,15.6
2015-07-28,2093.25,13.44
2015-07-29,2108.57,12.5
2015-07-30,2108.63,12.13
2015-07-31,2103.84,12.12
2015-08-03,2098.04,12.56
2015-08-04,2093.32,13.0
2015-08-05,2099.84,12.51
2015-08-06,2083.56,13.77
2015-08-07,2077.57,13.39
2015-08-10,2104.18,12.23
2015-08-11,2084.07,13.71
2015-08-12,2086.05,13.61
2015-08-13,2083.39,13.49
2015-08-14,2091.54,12.83
2015-08-17,2102.44,13.02
2015-08-18,2096.92,13.79
2015-08-19,2079.61,15.25
2015-08-20,2035.73,19.14
2015-08-21,1970.89,28.03
2015-08-24,1893.21,40.74
2015-08-25,1867.61,36.02
2015-08-26,1940.51,30.32
2015-08-27,1987.66,26.1
2015-08-28,1988.87,26.05
2015-08-31,1972.18,28.43
2015-09-01,1913.85,31.4
2015-09-02,1948.86,26.09
2015-09-03,1951.13,25.61
2015-09-04,1921.22,27.8
2015-09-07,,
2015-09-08,1969.41,24.9
2015-09-09,1942.04,26.23
2015-09-10,1952.29,24.37
2015-09-11,1961.05,23.2
2015-09-14,1953.03,24.25
2015-09-15,1978.09,22.54
2015-09-16,1995.31,21.35
2015-09-17,1990.2,21.14
2015-09-18,1958.03,22.28
2015-09-21,1966.97,20.14
2015-09-22,1942.74,22.44
2015-09-23,1938.76,22.13
2015-09-24,1932.24,23.47
2015-09-25,1931.34,23.62
2015-09-28,1881.77,27.63
2015-09-29,1884.09,26.83
2015-09-30,1920.03,24.5
2015-10-01,1923.82,22.55
2015-10-02,1951.36,20.94
2015-10-05,1987.05,19.54
2015-10-06,1979.92,19.4
2015-10-07,1995.83,18.4
2015-10-08,2013.43,17.42
2015-10-09,2014.89,17.08
2015-10-12,2017.46,16.17
2015-10-13,2003.69,17.67
2015-10-14,1994.24,18.03
2015-10-15,2023.86,16.05
2015-10-16,2033.11,15.05
2015-10-19,2033.66,14.98
2015-10-20,2030.77,15.75
2015-10-21,2018.94,16.7
2015-10-22,2052.51,14.45
2015-10-23,2075.15,14.46
2015-10-26,2071.18,15.29
2015-10-27,2065.89,15.43
2015-10-28,2090.35,14.33
2015-10-29,2089.41,14.61
2015-10-30,2079.36,15.07
2015-11-02,2104.05,14.15
2015-11-03,2109.79,14.54
2015-11-04,2102.31,15.51
2015-11-05,2099.93,15.05
2015-11-06,2099.2,14.33
2015-11-09,2078.58,16.52
2015-11-10,2081.72,15.29
2015-11-11,2075.0,16.06
2015-11-12,2045.97,18.37
2015-11-13,2023.04,20.08
2015-11-16,2053.19,18.16
2015-11-17,2050.44,18.84
2015-11-18,2083.58,16.85
2015-11-19,2081.24,16.99
2015-11-20,2089.17,15.47
2015-11-23,2086.59,15.62
2015-11-24,2089.14,15.93
2015-11-25,2088.87,15.19
2015-11-26,,
2015-11-27,2090.11,15.12
2015-11-30,2080.41,16.13
2015-12-01,2102.63,14.67
2015-12-02,2079.51,15.91
2015-12-03,2049.62,18.11
2015-12-04,2091.69,14.81
2015-12-07,2077.07,15.84
2015-12-08,2063.59,17.6
2015-12-09,2047.62,19.61
2015-12-10,2052.23,19.34
2015-12-11,2012.37,24.39
2015-12-14,2021.94,22.73
2015-12-15,2043.41,20.95
2015-12-16,2073.07,17.86
2015-12-17,2041.89,18.94
2015-12-18,2005.55,20.7
2015-12-21,2021.15,18.7
2015-12-22,2038.97,16.6
2015-12-23,2064.29,15.57
2015-12-24,2060.99,15.74
2015-12-25,,
2015-12-28,2056.5,16.91
2015-12-29,2078.36,16.08
2015-12-30,2063.36,17.29
2015-12-31,2043.94,18.21
2016-01-01,,
2016-01-04,2012.66,20.7
2016-01-05,2016.71,19.34
2016-01-06,1990.26,20.59
2016-01-07,1943.09,24.99
2016-01-08,1922.03,27.01
2016-01-11,1923.67,24.3
2016-01-12,1938.68,22.47
2016-01-13,1890.28,25.22
2016-01-14,1921.84,23.95
2016-01-15,1880.33,27.02
2016-01-18,,
2016-01-19,1881.33,26.05
2016-01-20,1859.33,27.59
2016-01-21,1868.99,26.69
2016-01-22,1906.9,22.34
2016-01-25,1877.08,24.15
2016-01-26,1903.63,22.5
2016-01-27,1882.95,23.11
2016-01-28,1893.36,22.42
2016-01-29,1940.24,20.2
2016-02-01,1939.38,19.98
2016-02-02,1903.03,21.98
2016-02-03,1912.53,21.65
2016-02-04,1915.45,21.84
2016-02-05,1880.05,23.38
2016-02-08,1853.44,26.0
2016-02-09,1852.21,26.54
2016-02-10,1851.86,26.29
2016-02-11,1829.08,28.14
2016-02-12,1864.78,25.4
2016-02-15,,
2016-02-16,1895.58,24.11
2016-02-17,1926.82,22.31
2016-02-18,1917.83,21.64
2016-02-19,1917.78,20.53
2016-02-22,1945.5,19.38
2016-02-23,1921.27,20.98
2016-02-24,1929.8,20.72
2016-02-25,1951.7,19.11
2016-02-26,1948.05,19.81
2016-02-29,1932.23,20.55
2016-03-01,1978.35,17.7
2016-03-02,1986.45,17.09
2016-03-03,1993.4,16.7
2016-03-04,1999.99,16.86
2016-03-07,2001.76,17.35
2016-03-08,1979.26,18.67
2016-03-09,1989.26,18.34
2016-03-10,1989.57,18.05
2016-03-11,2022.19,16.5
2016-03-14,2019.64,16.92
2016-03-15,2015.93,16.84
2016-03-16,2027.22,14.99
2016-03-17,2040.59,14.44
2016-03-18,2049.58,14.02
2016-03-21,2051.6,13.79
2016-03-22,2049.8,14.17
2016-03-23,2036.71,14.94
2016-03-24,2035.94,14.74
2016-03-25,,
2016-03-28,2037.05,15.24
2016-03-29,2055.01,13.82
2016-03-30,2063.95,13.56
2016-03-31,2059.74,13.95
2016-04-01,2072.78,13.1
2016-04-04,2066.13,14.12
2016-04-05,2045.17,15.42
2016-04-06,2066.66,14.09
2016-04-07,2041.91,16.16
2016-04-08,2047.6,15.36
2016-04-11,2041.99,16.26
2016-04-12,2061.72,14.85
2016-04-13,2082.42,13.84
2016-04-14,2082.78,13.72
2016-04-15,2080.73,13.62
2016-04-18,2094.34,13.35
2016-04-19,2100.8,13.24
2016-04-20,2102.4,13.28
2016-04-21,2091.48,13.95
2016-04-22,2091.58,13.22
2016-04-25,2087.79,14.08
2016-04-26,2091.7,13.96
2016-04-27,2095.15,13.77
2016-04-28,2075.81,15.22
2016-04-29,2065.3,15.7
2016-05-02,2081.43,14.68
2016-05-03,2063.37,15.6
2016-05-04,2051.12,16.05
2016-05-05,2050.63,15.91
2016-05-06,2057.14,14.72
2016-05-09,2058.69,14.57
2016-05-10,2084.39,13.63
2016-05-11,2064.46,14.69
2016-05-12,2064.11,14.41
2016-05-13,2046.61,15.04
2016-05-16,2066.66,14.68
2016-05-17,2047.21,15.57
2016-05-18,2047.63,15.95
2016-05-19,2040.04,16.33
2016-05-20,2052.32,15.2
2016-05-23,2048.04,15.82
2016-05-24,2076.06,14.42
2016-05-25,2090.54,13.9
2016-05-26,2090.1,13.43
2016-05-27,2099.06,13.12
2016-05-30,,
2016-05-31,2096.96,14.19
2016-06-01,2099.33,14.2
2016-06-02,2105.26,13.63
2016-06-03,2099.13,13.47
2016-06-06,2109.41,13.65
2016-06-07,2112.13,14.05
2016-06-08,2119.12,14.08
2016-06-09,2115.48,14.64
2016-06-10,2096.07,17.03
2016-06-13,2079.06,20.97
2016-06-14,2075.32,20.5
2016-06-15,2071.5,20.14
2016-06-16,2077.99,19.37
2016-06-17,2071.22,19.41
2016-06-20,2083.25,18.37
2016-06-21,2088.9,18.48
2016-06-22,2085.45,21.17
2016-06-23,2113.32,17.25
2016-06-24,2037.41,25.76
2016-06-27,2000.54,23.85
2016-06-28,2036.09,18.75
2016-06-29,2070.77,16.64
2016-06-30,2098.86,15.63
2016-07-01,2102.95,14.77
2016-07-04,,
2016-07-05,2088.55,15.58
2016-07-06,2099.73,14.96
2016-07-07,2097.9,14.76
2016-07-08,2129.9,13.2
2016-07-11,2137.16,13.54
2016-07-12,2152.14,13.55
2016-07-13,2152.43,13.04
2016-07-14,2163.75,12.82
2016-07-15,2161.74,12.67
2016-07-18,2166.89,12.44
2016-07-19,2163.78,11.97
2016-07-20,2173.02,11.77
2016-07-21,2165.17,12.74
2016-07-22,2175.03,12.02
2016-07-25,2168.48,12.87
2016-07-26,2169.18,13.05
2016-07-27,2166.58,12.83
2016-07-28,2170.06,12.72
2016-07-29,2173.6,11.87
2016-08-01,2170.84,12.44
2016-08-02,2157.03,13.37
2016-08-03,2163.79,12.86
2016-08-04,2164.25,12.42
2016-08-05,2182.87,11.39
2016-08-08,2180.89,11.5
2016-08-09,2181.74,11.66
2016-08-10,2175.49,12.05
2016-08-11,2185.79,11.68
2016-08-12,2184.05,11.55
2016-08-15,2190.15,11.81
2016-08-16,2178.15,12.64
2016-08-17,2182.22,12.19
2016-08-18,2187.02,11.43
2016-08-19,2183.87,11.34
2016-08-22,2182.64,12.27
2016-08-23,2186.9,12.38
2016-08-24,2175.44,13.45
2016-08-25,2172.47,13.63
2016-08-26,2169.04,13.65
2016-08-29,2180.38,12.94
2016-08-30,2176.12,13.12
2016-08-31,2170.95,13.42
2016-09-01,2170.86,13.48
2016-09-02,2179.98,11.98
2016-09-05,,
2016-09-06,2186.48,12.02
2016-09-07,2186.16,11.94
2016-09-08,2181.3,12.51
2016-09-09,2127.81,17.5
2016-09-12,2159.04,15.16
2016-09-13,2127.02,17.85
2016-09-14,2125.77,18.14
2016-09-15,2147.26,16.3
2016-09-16,2139.16,15.37
2016-09-19,2139.12,15.53
2016-09-20,2139.76,15.92
2016-09-21,2163.12,13.3
2016-09-22,2177.18,12.02
2016-09-23,2164.69,12.29
2016-09-26,2146.1,14.5
2016-09-27,2159.93,13.1
2016-09-28,2171.37,12.39
2016-09-29,2151.13,14.02
2016-09-30,2168.27,13.29
2016-10-03,2161.2,13.57
2016-10-04,2150.49,13.63
2016-10-05,2159.73,12.99
2016-10-06,2160.77,12.84
2016-10-07,2153.74,13.48
2016-10-10,2163.66,13.38
2016-10-11,2136.73,15.36
2016-10-12,2139.18,15.91
2016-10-13,2132.55,16.69
2016-10-14,2132.98,16.12
2016-10-17,2126.5,16.21
2016-10-18,2139.6,15.28
2016-10-19,2144.29,14.41
2016-10-20,2141.34,13.75
2016-10-21,2141.16,13.34
2016-10-24,2151.33,13.02
2016-10-25,2143.16,13.46
2016-10-26,2139.43,14.24
2016-10-27,2133.04,15.36
2016-10-28,2126.41,16.19
2016-10-31,2126.15,17.06
2016-11-01,2111.72,18.56
2016-11-02,2097.94,19.32
2016-11-03,2088.66,22.08
2016-11-04,2085.18,22.51
2016-11-07,2131.52,18.71
2016-11-08,2139.56,18.74
2016-11-09,2163.26,14.38
2016-11-10,2167.48,14.74
2016-11-11,2164.45,14.17
2016-11-14,2164.2,14.48
2016-11-15,2180.39,13.37
2016-11-16,2176.94,13.72
2016-11-17,2187.12,13.35
2016-11-18,2181.9,12.85
2016-11-21,2198.18,12.42
2016-11-22,2202.94,12.41
2016-11-23,2204.72,12.43
2016-11-24,,
2016-11-25,2213.35,12.34
2016-11-28,2201.72,13.15
2016-11-29,2204.66,12.9
2016-11-30,2198.81,13.33
2016-12-01,2191.08,14.07
2016-12-02,2191.95,14.12
2016-12-05,2204.71,12.14
2016-12-06,2212.23,11.79
2016-12-07,2241.35,12.22
2016-12-08,2246.19,12.64
2016-12-09,2259.53,11.75
2016-12-12,2256.96,12.64
2016-12-13,2271.72,12.72
2016-12-14,2253.28,13.19
2016-12-15,2262.03,12.79
2016-12-16,2258.07,12.2
2016-12-19,2262.53,11.71
2016-12-20,2270.76,11.45
2016-12-21,2265.18,11.27
2016-12-22,2260.96,11.43
2016-12-23,2263.79,11.44
2016-12-26,,
2016-12-27,2268.88,11.99
2016-12-28,2249.92,12.95
2016-12-29,2249.26,13.37
2016-12-30,2238.83,14.04
2017-01-02,,
2017-01-03,2257.83,12.85
2017-01-04,2270.75,11.85
2017-01-05,2269.0,11.67
2017-01-06,2276.98,11.32
2017-01-09,2268.9,11.56
2017-01-10,2268.9,11.49
2017-01-11,2275.32,11.26
2017-01-12,2270.44,11.54
2017-01-13,2274.64,11.23
2017-01-16,,
2017-01-17,2267.89,11.87
2017-01-18,2271.89,12.48
2017-01-19,2263.69,12.78
2017-01-20,2271.31,11.54
2017-01-23,2265.2,11.77
2017-01-24,2280.07,11.07
2017-01-25,2298.37,10.81
2017-01-26,2296.68,10.63
2017-01-27,2294.69,10.58
2017-01-30,2280.9,11.88
2017-01-31,2278.87,11.99
2017-02-01,2279.55,11.81
2017-02-02,2280.85,11.93
2017-02-03,2297.42,10.97
2017-02-06,2292.56,11.37
2017-02-07,2293.08,11.29
2017-02-08,2294.67,11.45
2017-02-09,2307.87,10.88
2017-02-10,2316.1,10.85
2017-02-13,2328.25,11.07
2017-02-14,2337.58,10.74
2017-02-15,2349.25,11.97
2017-02-16,2347.22,11.76
2017-02-17,2351.16,11.49
2017-02-20,,
2017-02-21,2365.38,11.57
2017-02-22,2362.82,11.74
2017-02-23,2363.81,11.71
2017-02-24,2367.34,11.47
2017-02-27,2369.75,12.09
2017-02-28,2363.64,12.92
2017-03-01,2395.96,12.54
2017-03-02,2381.92,11.81
2017-03-03,2383.12,10.96
2017-03-06,2375.31,11.24
2017-03-07,2368.39,11.45
2017-03-08,2362.98,11.86
2017-03-09,2364.87,12.3
2017-03-10,2372.6,11.66
2017-03-13,2373.47,11.35
2017-03-14,2365.45,12.3
2017-03-15,2385.26,11.63
2017-03-16,2381.38,11.21
2017-03-17,2378.25,11.28
2017-03-20,2373.47,11.34
2017-03-21,2344.02,12.47
2017-03-22,2348.45,12.81
2017-03-23,2345.96,13.12
2017-03-24,2343.98,12.96
2017-03-27,2341.59,12.5
2017-03-28,2358.57,11.53
2017-03-29,2361.13,11.42
2017-03-30,2368.06,11.54
2017-03-31,2362.72,12.37
2017-04-03,2358.84,12.38
2017-04-04,2360.16,11.79
2017-04-05,2352.95,12.89
2017-04-06,2357.49,12.39
2017-04-07,2355.54,12.87
2017-04-10,2357.16,14.05
2017-04-11,2353.78,15.07
2017-04-12,2344.93,15.77
2017-04-13,2328.95,15.96
2017-04-14,,
2017-04-17,2349.01,14.66
2017-04-18,2342.19,14.42
2017-04-19,2338.17,14.93
2017-04-20,2355.84,14.15
2017-04-21,2348.69,14.63
2017-04-24,2374.15,10.84
2017-04-25,2388.61,10.76
2017-04-26,2387.45,10.85
2017-04-27,2388.77,10.36
2017-04-28,2384.2,10.82
2017-05-01,2388.33,10.11
2017-05-02,2391.17,10.59
2017-05-03,2388.13,10.68
2017-05-04,2389.52,10.46
2017-05-05,2399.29,10.57
2017-05-08,2399.38,9.77
2017-05-09,2396.92,9.96
2017-05-10,2399.63,10.21
2017-05-11,2394.44,10.6
2017-05-12,2390.9,10.4
2017-05-15,2402.32,10.42
2017-05-16,2400.67,10.65
2017-05-17,2357.03,15.59
2017-05-18,2365.72,14.66
2017-05-19,2381.73,12.04
2017-05-22,2394.02,10.93
2017-05-23,2398.42,10.72
2017-05-24,2404.39,10.02
2017-05-25,2415.07,9.99
2017-05-26,2415.82,9.81
2017-05-29,,
2017-05-30,2412.91,10.38
2017-05-31,2411.8,10.41
2017-06-01,2430.06,9.89
2017-06-02,2439.07,9.75
2017-06-05,2436.1,10.07
2017-06-06,2429.33,10.45
2017-06-07,2433.14,10.39
2017-06-08,2433.79,10.16
2017-06-09,2431.77,10.7
2017-06-12,2429.39,11.46
2017-06-13,2440.35,10.42
2017-06-14,2437.92,10.64
2017-06-15,2432.46,10.9
2017-06-16,2433.15,10.38
2017-06-19,2453.46,10.37
2017-06-20,2437.03,10.86
2017-06-21,2435.61,10.75
2017-06-22,2434.5,10.48
2017-06-23,2438.3,10.02
2017-06-26,2439.07,9.9
2017-06-27,2419.38,11.06
2017-06-28,2440.69,10.03
2017-06-29,2419.7,11.44
2017-06-30,2423.41,11.18
2017-07-03,2429.01,11.22
2017-07-04,,
2017-07-05,2432.54,11.07
2017-07-06,2409.75,12.54
2017-07-07,2425.18,11.19
2017-07-10,2427.43,11.11
2017-07-11,2425.53,10.89
2017-07-12,2443.25,10.3
2017-07-13,2447.83,9.9
2017-07-14,2459.27,9.51
2017-07-17,2459.14,9.82
2017-07-18,2460.61,9.89
2017-07-19,2473.83,9.79
2017-07-20,2473.45,9.58
2017-07-21,2472.54,9.36
2017-07-24,2469.91,9.43
2017-07-25,2477.13,9.43
2017-07-26,2477.83,9.6
2017-07-27,2475.42,10.11
2017-07-28,2472.1,10.29
2017-07-31,2470.3,10.26
2017-08-01,2476.35,10.09
2017-08-02,2477.57,10.28
2017-08-03,2472.16,10.44
2017-08-04,2476.83,10.03
2017-08-07,2480.91,9.93
2017-08-08,2474.92,10.96
2017-08-09,2474.02,11.11
2017-08-10,2438.21,16.04
2017-08-11,2441.32,15.51
2017-08-14,2465.84,12.33
2017-08-15,2464.61,12.04
2017-08-16,2468.11,11.74
2017-08-17,2430.01,15.55
2017-08-18,2425.55,14.26
2017-08-21,2428.37,13.19
2017-08-22,2452.51,11.35
2017-08-23,2444.04,12.25
2017-08-24,2438.97,12.23
2017-08-25,2443.05,11.28
2017-08-28,2444.24,11.32
2017-08-29,2446.3,11.7
2017-08-30,2457.59,11.22
2017-08-31,2471.65,10.59
2017-09-01,2476.55,10.13
2017-09-04,,
2017-09-05,2457.85,12.23
2017-09-06,2465.54,11.63
2017-09-07,2465.1,11.55
2017-09-08,2461.43,12.12
2017-09-11,2488.11,10.73
2017-09-12,2496.48,10.58
2017-09-13,2498.37,10.5
2017-09-14,2495.62,10.44
2017-09-15,2500.23,10.17
2017-09-18,2503.87,10.15
2017-09-19,2506.65,10.18
2017-09-20,2508.24,9.78
2017-09-21,2500.6,9.67
2017-09-22,2502.22,9.59
2017-09-25,2496.66,10.21
2017-09-26,2496.84,10.17
2017-09-27,2507.04,9.87
2017-09-28,2510.06,9.55
2017-09-29,2519.36,9.51
2017-10-02,2529.12,9.45
2017-10-03,2534.58,9.51
2017-10-04,2537.74,9.63
2017-10-05,2552.07,9.19
2017-10-06,2549.33,9.65
2017-10-09,2544.73,10.33
2017-10-10,2550.64,10.08
2017-10-11,2555.24,9.85
2017-10-12,2550.93,9.91
2017-10-13,2553.17,9.61
2017-10-16,2557.64,9.91
2017-10-17,2559.36,10.31
2017-10-18,2561.26,10.07
2017-10-19,2562.1,10.05
2017-10-20,2575.21,9.97
2017-10-23,2564.98,11.07
2017-10-24,2569.13,11.16
2017-10-25,2557.15,11.23
2017-10-26,2560.4,11.3
2017-10-27,2581.07,9.8
2017-10-30,2572.83,10.5
2017-10-31,2575.26,10.18
2017-11-01,2579.36,10.2
2017-11-02,2579.85,9.93
2017-11-03,2587.84,9.14
2017-11-06,2591.13,9.4
2017-11-07,2590.64,9.89
2017-11-08,2594.38,9.78
2017-11-09,2584.62,10.5
2017-11-10,2582.3,11.29
2017-11-13,2584.84,11.5
2017-11-14,2578.87,11.59
2017-11-15,2564.62,13.13
2017-11-16,2585.64,11.76
2017-11-17,2578.85,11.43
2017-11-20,2582.14,10.65
2017-11-21,2599.03,9.73
2017-11-22,2597.08,9.88
2017-11-23,,
2017-11-24,2602.42,9.67
2017-11-27,2601.42,9.87
2017-11-28,2627.04,10.03
2017-11-29,2626.07,10.7
2017-11-30,2647.58,11.28
2017-12-01,2642.22,11.43
2017-12-04,2639.44,11.68
2017-12-05,2629.57,11.33
2017-12-06,2629.27,11.02
2017-12-07,2636.98,10.16
2017-12-08,2651.5,9.58
2017-12-11,2659.99,9.34
2017-12-12,2664.11,9.92
2017-12-13,2662.85,10.18
2017-12-14,2652.01,10.49
2017-12-15,2675.81,9.42
2017-12-18,2690.16,9.53
2017-12-19,2681.47,10.03
2017-12-20,2679.25,9.72
2017-12-21,2684.57,9.62
2017-12-22,2683.34,9.9
2017-12-25,,
2017-12-26,2680.5,10.25
2017-12-27,2682.62,10.47
2017-12-28,2687.54,10.18
2017-12-29,2673.61,11.04
2018-01-01,,
2018-01-02,2695.81,9.77
2018-01-03,2713.06,9.15
2018-01-04,2723.99,9.22
2018-01-05,2743.15,9.22
2018-01-08,2747.71,9.52
2018-01-09,2751.29,10.08
2018-01-10,2748.23,9.82
2018-01-11,2767.56,9.88
2018-01-12,2786.24,10.16
2018-01-15,,
2018-01-16,2776.42,11.66
2018-01-17,2802.56,11.91
2018-01-18,2798.03,12.22
2018-01-19,2810.3,11.27
2018-01-22,2832.97,11.03
2018-01-23,2839.13,11.1
2018-01-24,2837.54,11.47
2018-01-25,2839.25,11.58
2018-01-26,2872.87,11.08
2018-01-29,2853.53,13.84
2018-01-30,2822.43,14.79
2018-01-31,2823.81,13.54
2018-02-01,2821.98,13.47
2018-02-02,2762.13,17.31
2018-02-05,2648.94,37.32
2018-02-06,2695.14,29.98
2018-02-07,2681.66,27.73
2018-02-08,2581.0,33.46
2018-02-09,2619.55,29.06
2018-02-12,2656.0,25.61
2018-02-13,2662.94,24.97
2018-02-14,2698.63,19.26
2018-02-15,2731.2,19.13
2018-02-16,2732.22,19.46
2018-02-19,,
2018-02-20,2716.26,20.6
2018-02-21,2701.33,20.02
2018-02-22,2703.96,18.72
2018-02-23,2747.3,16.49
2018-02-26,2779.6,15.8
2018-02-27,2744.28,18.59
2018-02-28,2713.83,19.85
2018-03-01,2677.67,22.47
2018-03-02,2691.25,19.59
2018-03-05,2720.94,18.73
2018-03-06,2728.12,18.36
2018-03-07,2726.8,17.76
2018-03-08,2738.97,16.54
2018-03-09,2786.57,14.64
2018-03-12,2783.02,15.78
2018-03-13,2765.31,16.35
2018-03-14,2749.48,17.23
2018-03-15,2747.33,16.59
2018-03-16,2752.01,15.8
2018-03-19,2712.92,19.02
2018-03-20,2716.94,18.2
2018-03-21,2711.93,17.86
2018-03-22,2643.69,23.34
2018-03-23,2588.26,24.87
2018-03-26,2658.55,21.03
2018-03-27,2612.62,22.5
2018-03-28,2605.0,22.87
2018-03-29,2640.87,19.97
2018-03-30,,
2018-04-02,2581.88,23.62
2018-04-03,2614.45,21.1
2018-04-04,2644.69,20.06
2018-04-05,2662.84,18.94
2018-04-06,2604.47,21.49
2018-04-09,2613.16,21.77
2018-04-10,2656.87,20.47
2018-04-11,2642.19,20.24
2018-04-12,2663.99,18.49
2018-04-13,2656.3,17.41
2018-04-16,2677.84,16.56
2018-04-17,2706.39,15.25
2018-04-18,2708.64,15.6
2018-04-19,2693.13,15.96
2018-04-20,2670.14,16.88
2018-04-23,2670.29,16.34
2018-04-24,2634.56,18.02
2018-04-25,2639.4,17.84
2018-04-26,2666.94,16.24
2018-04-27,2669.91,15.41
2018-04-30,2648.05,15.93
2018-05-01,2654.8,15.49
2018-05-02,2635.67,15.97
2018-05-03,2629.73,15.9
2018-05-04,2663.42,14.77
2018-05-07,2672.63,14.75
2018-05-08,2671.92,14.71
2018-05-09,2697.79,13.42
2018-05-10,2723.07,13.23
2018-05-11,2727.72,12.65
2018-05-14,2730.13,12.93
2018-05-15,2711.45,14.63
2018-05-16,2722.46,13.42
2018-05-17,2720.13,13.43
2018-05-18,2712.97,13.42
2018-05-21,2733.01,13.08
2018-05-22,2724.44,13.22
2018-05-23,2733.29,12.58
2018-05-24,2727.76,12.53
2018-05-25,2721.33,13.22
2018-05-28,,
2018-05-29,2689.86,17.02
2018-05-30,2724.01,14.94
2018-05-31,2705.27,15.43
2018-06-01,2734.62,13.46
2018-06-04,2746.87,12.74
2018-06-05,2748.8,12.4
2018-06-06,2772.35,11.64
2018-06-07,2770.37,12.13
2018-06-08,2779.03,12.18
2018-06-11,2782.0,12.35
2018-06-12,2786.85,12.34
2018-06-13,2775.63,12.94
2018-06-14,2782.49,12.12
2018-06-15,2779.66,11.98
2018-06-18,2773.75,12.31
2018-06-19,2762.59,13.35
2018-06-20,2767.32,12.79
2018-06-21,2749.76,14.64
2018-06-22,2754.88,13.77
2018-06-25,2717.07,17.33
2018-06-26,2723.06,15.92
2018-06-27,2699.63,17.91
2018-06-28,2716.31,16.85
2018-06-29,2718.37,16.09
