Date,sse,sse vol
2010-05-14,2696.628906,73400
2010-05-17,2559.930908,82600
2010-05-18,2594.782959,82800
2010-05-19,2587.806885,71400
2010-05-20,2555.939941,66400
2010-05-21,2583.521973,83800
2010-05-24,2673.423096,112400
2010-05-25,2622.629883,93200
2010-05-26,2625.792969,68800
2010-05-27,2655.917969,87800
2010-05-28,2655.76709,87000
2010-05-31,2592.145996,78800
2010-06-01,2568.282959,74600
2010-06-02,2571.423096,64800
2010-06-03,2552.656006,69600
2010-06-04,2553.593018,56600
2010-06-07,2511.729004,65600
2010-06-08,2513.947021,63000
2010-06-09,2583.870117,96000
2010-06-10,2562.580078,74600
2010-06-11,2569.940918,66600
2010-06-15,2569.939941,60800
2010-06-17,2560.245117,55000
2010-06-18,2513.221924,67200
2010-06-21,2586.208984,78600
2010-06-22,2588.697998,63600
2010-06-23,2569.87207,58800
2010-06-24,2566.745117,48800
2010-06-25,2552.816895,50000
2010-06-28,2535.278076,43200
2010-06-29,2427.052002,73800
2010-06-30,2398.370117,55200
2010-07-01,2373.791992,50000
2010-07-02,2382.900879,68400
2010-07-05,2363.947998,48000
2010-07-06,2409.424072,61400
2010-07-07,2421.116943,56200
2010-07-08,2415.149902,54400
2010-07-09,2470.923096,85800
2010-07-12,2490.718018,83000
2010-07-13,2450.284912,66400
2010-07-14,2470.439941,73000
2010-07-15,2424.303955,105600
2010-07-16,2424.270996,70800
2010-07-19,2475.420898,88800
2010-07-20,2528.729004,118600
2010-07-21,2535.394043,114200
2010-07-22,2562.406006,106000
2010-07-23,2572.028076,114400
2010-07-26,2588.683105,93400
2010-07-27,2575.36792,86600
2010-07-28,2633.663086,129000
2010-07-29,2648.115967,139200
2010-07-30,2637.50293,94800
2010-08-02,2672.516113,113000
2010-08-03,2627.001953,128000
2010-08-04,2638.521973,112200
2010-08-05,2620.75708,113600
2010-08-06,2658.39209,121000
2010-08-09,2672.531982,120000
2010-08-10,2595.272949,127000
2010-08-11,2607.49707,87000
2010-08-12,2575.475098,92600
2010-08-13,2606.699951,88800
2010-08-16,2661.708008,125800
2010-08-17,2671.893066,122600
2010-08-18,2666.301025,136200
2010-08-19,2687.979004,128400
2010-08-20,2642.306885,116200
2010-08-23,2639.365967,88200
2010-08-24,2650.306885,107200
2010-08-25,2596.580078,109600
2010-08-26,2603.480957,80400
2010-08-27,2610.741943,70400
2010-08-30,2652.664063,110400
2010-08-31,2638.798096,110800
2010-09-01,2622.88208,127200
2010-09-02,2655.775879,124000
2010-09-03,2655.394043,129400
2010-09-06,2696.25,144200
2010-09-07,2698.363037,112200
2010-09-08,2695.291016,113600
2010-09-09,2656.352051,133000
2010-09-10,2663.208984,113000
2010-09-13,2688.320068,118000
2010-09-14,2688.521973,120800
2010-09-15,2652.50293,122000
2010-09-16,2602.465088,119000
2010-09-17,2598.688965,83200
2010-09-20,2588.712891,79400
2010-09-21,2591.550049,58200
2010-09-27,2627.967041,76800
2010-09-28,2611.354004,93200
2010-09-29,2610.677979,88600
2010-09-30,2655.657959,89600
2010-10-08,2738.743896,135800
2010-10-11,2806.941895,207600
2010-10-12,2841.406982,167400
2010-10-13,2861.361084,185200
2010-10-14,2879.635986,229400
2010-10-15,2971.159912,236600
2010-10-18,2955.227051,263400
2010-10-19,3001.853027,170600
2010-10-20,3003.950928,207800
2010-10-21,2983.531982,161400
2010-10-22,2975.042969,147000
2010-10-25,3051.417969,192200
2010-10-26,3041.542969,198800
2010-10-27,2997.048096,176200
2010-10-28,2992.579102,143600
2010-10-29,2978.834961,147200
2010-11-01,3054.020996,186200
2010-11-02,3045.434082,225000
2010-11-03,3030.988037,189800
2010-11-04,3086.938965,176800
2010-11-05,3129.49707,212000
2010-11-08,3159.511963,205400
2010-11-09,3135,192400
2010-11-10,3115.355957,185000
2010-11-11,3147.743896,210200
2010-11-12,2985.435059,233000
2010-11-15,3014.413086,153200
2010-11-16,2894.538086,171000
2010-11-17,2838.856934,123800
2010-11-18,2865.451904,102200
2010-11-19,2888.565918,123800
2010-11-22,2884.371094,127200
2010-11-23,2828.281982,116400
2010-11-24,2859.936035,116200
2010-11-25,2898.260986,131600
2010-11-26,2871.697998,110800
2010-11-29,2866.355957,102400
2010-11-30,2820.180908,139400
2010-12-01,2823.448975,81200
2010-12-02,2843.606934,104200
2010-12-03,2842.429932,83600
2010-12-06,2857.177002,89800
2010-12-07,2875.861084,86800
2010-12-08,2848.545898,86800
2010-12-09,2810.948975,94600
2010-12-10,2841.040039,80400
2010-12-13,2922.954102,128800
2010-12-14,2927.076904,121000
2010-12-15,2911.414063,109400
2010-12-16,2898.137939,87600
2010-12-17,2893.73999,73600
2010-12-20,2852.919922,0
2010-12-21,2904.11499,106800
2010-12-22,2877.899902,98400
2010-12-23,2855.219971,89000
2010-12-24,2835.156982,81200
2010-12-27,2781.4021,97800
2010-12-28,2732.98999,84400
2010-12-29,2751.5271,64000
2010-12-30,2759.574951,73200
2010-12-31,2808.076904,83400
2011-01-04,2852.647949,110000
2011-01-05,2839.220947,104400
2011-01-06,2824.197021,84800
2011-01-07,2838.801025,113200
2011-01-10,2791.809082,90800
2011-01-11,2804.047119,80600
2011-01-12,2821.304932,79200
2011-01-13,2827.711914,74800
2011-01-14,2791.343994,76800
2011-01-17,2706.659912,92600
2011-01-18,2708.979004,60400
2011-01-19,2758.096924,78400
2011-01-20,2677.6521,86000
2011-01-21,2715.293945,95600
2011-01-24,2695.718994,88000
2011-01-25,2677.431885,69400
2011-01-26,2708.813965,60800
2011-01-27,2749.149902,105600
2011-01-28,2752.75,85400
2011-01-31,2790.694092,91600
2011-02-01,2798.959961,73400
2011-02-09,2774.064941,87200
2011-02-10,2818.163086,98000
2011-02-11,2827.327881,107800
2011-02-14,2899.134033,154200
2011-02-15,2899.237061,152400
2011-02-16,2923.895996,127800
2011-02-17,2926.964111,130400
2011-02-18,2899.791992,113800
2011-02-21,2932.246094,118800
2011-02-22,2855.516113,153000
2011-02-23,2862.63501,111000
2011-02-24,2878.603027,109800
2011-02-25,2878.564941,100000
2011-02-28,2905.052979,118800
2011-03-01,2918.919922,136600
2011-03-02,2913.808105,133400
2011-03-03,2902.978027,150400
2011-03-04,2942.305908,118200
2011-03-07,2996.210938,160200
2011-03-08,2999.941895,126600
2011-03-09,3002.154053,124800
2011-03-10,2957.143066,123800
2011-03-11,2933.795898,116000
2011-03-14,2937.626953,117000
2011-03-15,2896.256104,155000
2011-03-16,2930.803955,130800
2011-03-17,2897.298096,137800
2011-03-18,2906.88501,100600
2011-03-21,2909.136963,96800
2011-03-22,2919.14209,95200
2011-03-23,2948.477051,112600
2011-03-24,2946.706055,109000
2011-03-25,2977.813965,136400
2011-03-28,2984.004883,156000
2011-03-29,2958.076904,168600
2011-03-30,2955.770996,126400
2011-03-31,2928.111084,109000
2011-04-01,2967.409912,99800
2011-04-06,3001.360107,141600
2011-04-07,3007.908936,124800
2011-04-08,3030.020996,114400
2011-04-11,3022.746094,147200
2011-04-12,3021.368896,146000
2011-04-13,3050.396973,128200
2011-04-14,3042.63501,129400
2011-04-15,3050.525879,128600
2011-04-18,3057.329102,137400
2011-04-19,2999.041016,141800
2011-04-20,3007.037109,119800
2011-04-21,3026.666992,121600
2011-04-22,3010.51709,118600
2011-04-25,2964.950928,117400
2011-04-26,2938.980957,95200
2011-04-27,2925.407959,105400
2011-04-28,2887.042969,105200
2011-04-29,2911.51001,87600
2011-05-03,2932.187988,96400
2011-05-04,2866.01709,111400
2011-05-05,2872.404053,91000
2011-05-06,2863.885986,91000
2011-05-09,2872.459961,81600
2011-05-10,2890.634033,81200
2011-05-11,2883.419922,92400
2011-05-12,2844.083008,100200
2011-05-13,2871.031006,93200
2011-05-16,2849.066895,84600
2011-05-17,2852.772949,94800
2011-05-18,2872.770996,76800
2011-05-19,2859.573975,77000
2011-05-20,2858.458984,70800
2011-05-23,2774.569092,98600
2011-05-24,2767.055908,74800
2011-05-25,2741.740967,74400
2011-05-26,2736.5271,78800
2011-05-27,2709.947021,82600
2011-05-30,2706.361084,65200
2011-05-31,2743.471924,68000
2011-06-01,2743.572021,68600
2011-06-02,2705.180908,86000
2011-06-03,2728.02002,68000
2011-06-07,2744.300049,65000
2011-06-08,2750.288086,74200
2011-06-09,2703.344971,83400
2011-06-10,2705.143066,73400
2011-06-13,2700.378906,63000
2011-06-14,2730.040039,83000
2011-06-15,2705.430908,74800
2011-06-16,2664.281982,71000
2011-06-17,2642.818115,64400
2011-06-20,2621.25293,60000
2011-06-21,2646.48291,64800
2011-06-22,2649.321045,58400
2011-06-23,2688.249023,73800
2011-06-24,2746.210938,125800
2011-06-27,2758.22998,101600
2011-06-28,2759.201904,88200
2011-06-29,2728.48291,88200
2011-06-30,2762.075928,91000
2011-07-01,2759.362061,92000
2011-07-04,2812.818115,122000
2011-07-05,2816.354004,110200
2011-07-06,2810.479004,103200
2011-07-07,2794.26709,116600
2011-07-08,2797.772949,86200
2011-07-11,2802.691895,86000
2011-07-12,2754.582031,96600
2011-07-13,2795.476074,92000
2011-07-14,2810.444092,104600
2011-07-15,2820.168945,107400
2011-07-18,2816.687988,108200
2011-07-19,2796.98291,92800
2011-07-20,2794.205078,84000
2011-07-21,2765.894043,81800
2011-07-22,2770.790039,70200
2011-07-25,2688.746094,111200
2011-07-26,2703.025879,72800
2011-07-27,2723.491943,80400
2011-07-28,2708.7771,78400
2011-07-29,2701.729004,75400
2011-08-01,2703.782959,59000
2011-08-02,2679.259033,70000
2011-08-03,2678.485107,64000
2011-08-04,2684.039063,58800
2011-08-05,2626.423096,78600
2011-08-08,2526.815918,110400
2011-08-09,2526.070068,103800
2011-08-10,2549.176025,100400
2011-08-11,2581.508057,95600
2011-08-12,2593.173096,97200
2011-08-15,2626.77002,88600
2011-08-16,2608.166016,85200
2011-08-17,2601.260986,70200
2011-08-18,2559.471924,71000
2011-08-19,2534.35791,70600
2011-08-22,2515.863037,61200
2011-08-23,2554.019043,61000
2011-08-24,2541.091064,65400
2011-08-25,2615.260986,104600
2011-08-26,2612.187988,77800
2011-08-29,2576.413086,73600
2011-08-30,2566.594971,76000
2011-08-31,2567.340088,59200
2011-09-01,2556.041992,57200
2011-09-02,2528.280029,54400
2011-09-05,2478.739014,55000
2011-09-06,2470.523926,49200
2011-09-07,2516.090088,59600
2011-09-08,2498.943115,55200
2011-09-09,2497.75293,51200
2011-09-13,2471.304932,50000
2011-09-14,2484.826904,54000
2011-09-15,2479.054932,56000
2011-09-16,2482.343018,48000
2011-09-19,2437.794922,48800
2011-09-20,2447.754883,46200
2011-09-21,2512.962891,86600
2011-09-22,2443.055908,74600
2011-09-23,2433.158936,67400
2011-09-26,2393.183105,57400
2011-09-27,2415.053955,55200
2011-09-28,2392.062012,55800
2011-09-29,2365.343018,59200
2011-09-30,2359.218994,48800
2011-10-10,2344.787109,41800
2011-10-11,2348.516113,64000
2011-10-12,2420,91600
2011-10-13,2438.790039,87800
2011-10-14,2431.375,60600
2011-10-17,2440.4021,58200
2011-10-18,2383.485107,79600
2011-10-19,2377.511963,58600
2011-10-20,2331.365967,65400
2011-10-21,2317.274902,48400
2011-10-24,2370.333008,70800
2011-10-25,2409.672119,90800
2011-10-26,2427.47998,107400
2011-10-27,2435.61499,82400
2011-10-28,2473.409912,110000
2011-10-31,2468.25,84200
2011-11-01,2470.019043,88800
2011-11-02,2504.10791,105400
2011-11-03,2508.090088,136600
2011-11-04,2528.293945,101800
2011-11-07,2509.799072,78800
2011-11-08,2503.835938,78600
2011-11-09,2524.918945,78200
2011-11-10,2479.535889,87200
2011-11-11,2481.083984,66200
2011-11-14,2528.714111,81200
2011-11-15,2529.760986,79200
2011-11-16,2466.958984,93400
2011-11-17,2463.045898,66400
2011-11-18,2416.562012,72200
2011-11-21,2415.129883,50200
2011-11-22,2412.625,51400
2011-11-23,2395.063965,50600
2011-11-24,2397.553955,52200
2011-11-25,2380.224121,45400
2011-11-28,2383.033936,46000
2011-11-29,2412.393066,55200
2011-11-30,2333.414063,76600
2011-12-01,2386.860107,98600
2011-12-02,2360.664063,59800
2011-12-05,2333.229004,52200
2011-12-06,2325.905029,46000
2011-12-07,2332.72998,41600
2011-12-08,2329.820068,51400
2011-12-09,2315.27002,40000
2011-12-12,2291.544922,39600
2011-12-13,2248.590088,58600
2011-12-14,2228.524902,44000
2011-12-15,2180.89502,56800
2011-12-16,2224.840088,57200
2011-12-19,2218.235107,57800
2011-12-20,2215.929932,52800
2011-12-21,2191.147949,50800
2011-12-22,2186.295898,59000
2011-12-23,2204.783936,52400
2011-12-26,2190.110107,43600
2011-12-27,2166.205078,45800
2011-12-28,2170.012939,49600
2011-12-29,2173.561035,44800
2011-12-30,2199.416992,52000
2012-01-04,2169.389893,49200
2012-01-05,2148.451904,58800
2012-01-06,2163.39502,50600
2012-01-09,2225.889893,76800
2012-01-10,2285.743896,109600
2012-01-11,2276.045898,84400
2012-01-12,2275.01001,71600
2012-01-13,2244.580078,71400
2012-01-16,2206.193115,45800
2012-01-17,2298.375,87800
2012-01-18,2266.384033,90000
2012-01-19,2296.074951,72400
2012-01-20,2319.11792,70000
2012-01-30,2285.038086,58400
2012-01-31,2292.610107,48800
2012-02-01,2268.080078,53600
2012-02-02,2312.555908,63400
2012-02-03,2330.405029,79000
2012-02-06,2331.135986,75800
2012-02-07,2291.9021,67400
2012-02-08,2347.530029,87200
2012-02-09,2349.589111,98000
2012-02-10,2351.980957,96600
2012-02-13,2351.854004,86200
2012-02-14,2344.770996,73200
2012-02-15,2366.701904,98800
2012-02-16,2356.860107,95000
2012-02-17,2357.180908,72000
2012-02-20,2363.596924,89000
2012-02-21,2381.429932,79400
2012-02-22,2403.586914,118600
2012-02-23,2409.553955,112600
2012-02-24,2439.626953,135000
2012-02-27,2447.056885,158000
2012-02-28,2451.856934,118400
2012-02-29,2428.487061,95600
2012-03-01,2426.11499,75000
2012-03-02,2460.693115,103200
2012-03-05,2445.001953,112600
2012-03-06,2410.445068,103800
2012-03-07,2394.793945,94800
2012-03-08,2420.275879,96800
2012-03-09,2439.461914,100600
2012-03-12,2434.85791,106200
2012-03-13,2455.793945,104600
2012-03-14,2391.22998,179800
2012-03-15,2373.773926,120000
2012-03-16,2404.736084,103600
2012-03-19,2410.184082,102200
2012-03-20,2376.839111,98000
2012-03-21,2378.195068,95600
2012-03-22,2375.771973,79400
2012-03-23,2349.539063,76800
2012-03-26,2350.599121,55400
2012-03-27,2347.178955,60800
2012-03-28,2284.881104,83600
2012-03-29,2252.159912,74200
2012-03-30,2262.788086,62000
2012-04-05,2302.240967,80200
2012-04-06,2306.552002,72200
2012-04-09,2285.7771,59800
2012-04-10,2305.863037,67400
2012-04-11,2308.925049,75200
2012-04-12,2350.864014,97600
2012-04-13,2359.160889,98800
2012-04-16,2357.025879,85400
2012-04-17,2334.985107,84600
2012-04-18,2380.8479,108600
2012-04-19,2378.634033,94200
2012-04-20,2406.863037,115600
2012-04-23,2388.587891,123000
2012-04-24,2388.833984,133800
2012-04-25,2406.812988,131000
2012-04-26,2404.697021,115600
2012-04-27,2396.315918,91200
2012-05-02,2438.436035,128000
2012-05-03,2440.080078,102200
2012-05-04,2452.013916,102200
2012-05-07,2451.947021,108800
2012-05-08,2448.884033,104800
2012-05-09,2408.585938,98000
2012-05-10,2410.229004,81600
2012-05-11,2394.981934,74800
2012-05-14,2380.725098,90600
2012-05-15,2374.843018,78000
2012-05-16,2346.191895,76800
2012-05-17,2378.885986,86800
2012-05-18,2344.520996,89600
2012-05-21,2348.300049,74800
2012-05-22,2373.305908,76800
2012-05-23,2363.437012,84200
2012-05-24,2350.9729,79200
2012-05-25,2333.552979,74000
2012-05-28,2361.366943,95000
2012-05-29,2389.635986,117200
2012-05-30,2384.667969,89800
2012-05-31,2372.233887,77800
2012-06-01,2373.436035,77000
2012-06-04,2308.550049,90200
2012-06-05,2311.916016,66000
2012-06-06,2309.554932,58600
2012-06-07,2293.129883,60200
2012-06-08,2281.447021,68000
2012-06-11,2305.855957,64200
2012-06-12,2289.791016,60000
2012-06-13,2318.924072,78400
2012-06-14,2295.946045,71600
2012-06-15,2306.850098,68600
2012-06-18,2316.052002,60600
2012-06-19,2300.794922,60200
2012-06-20,2292.876953,54200
2012-06-21,2260.876953,59000
2012-06-25,2224.114014,59800
2012-06-26,2222.066895,53000
2012-06-27,2216.934082,51000
2012-06-28,2195.843018,54200
2012-06-29,2225.429932,61400
2012-07-02,2226.110107,62200
2012-07-03,2229.191895,62800
2012-07-04,2227.314941,55200
2012-07-05,2201.353027,58000
2012-07-06,2223.579102,76600
2012-07-09,2170.813965,75200
2012-07-10,2164.437988,59000
2012-07-11,2175.383057,58600
2012-07-12,2185.490967,82200
2012-07-13,2185.89502,57600
2012-07-16,2147.955078,67400
2012-07-17,2161.186035,55200
2012-07-18,2169.099121,66600
2012-07-19,2184.841064,79400
2012-07-20,2168.637939,64400
2012-07-23,2141.4021,55600
2012-07-24,2146.587891,54400
2012-07-25,2136.150879,48600
2012-07-26,2126.003906,52800
2012-07-27,2128.764893,52000
2012-07-30,2109.914063,52000
2012-07-31,2103.63501,53400
2012-08-01,2123.360107,53800
2012-08-02,2111.181885,53400
2012-08-03,2132.795898,53400
2012-08-06,2154.916016,71800
2012-08-07,2157.620117,75000
2012-08-08,2160.98999,72800
2012-08-09,2174.102051,72600
2012-08-10,2168.813965,68400
2012-08-13,2136.077881,71400
2012-08-14,2142.523926,67600
2012-08-15,2118.945068,54600
2012-08-16,2112.197021,45200
2012-08-17,2114.891113,44400
2012-08-20,2106.957031,46800
2012-08-21,2118.268066,60800
2012-08-22,2107.710938,58400
2012-08-23,2113.072021,58400
2012-08-24,2092.104004,60200
2012-08-27,2055.708008,60400
2012-08-28,2073.154053,54400
2012-08-29,2053.235107,52200
2012-08-30,2052.584961,62000
2012-08-31,2047.521973,46200
2012-09-03,2059.146973,60600
2012-09-04,2043.649048,57400
2012-09-05,2037.68103,57600
2012-09-06,2051.917969,56000
2012-09-07,2127.761963,140000
2012-09-10,2134.893066,103600
2012-09-11,2120.553955,80400
2012-09-12,2126.553955,84200
2012-09-13,2110.378906,79000
2012-09-14,2123.846924,91200
2012-09-17,2078.5,76400
2012-09-18,2059.542969,53800
2012-09-19,2067.831055,52200
2012-09-20,2024.837036,67400
2012-09-21,2026.689941,60200
2012-09-24,2033.192017,57600
2012-09-25,2029.292969,48200
2012-09-26,2004.171997,50400
2012-09-27,2056.322998,76600
2012-09-28,2086.168945,79400
2012-10-08,2074.418945,55200
2012-10-09,2115.229004,84600
2012-10-10,2119.941895,79000
2012-10-11,2102.86792,74400
2012-10-12,2104.931885,68200
2012-10-15,2098.702881,54000
2012-10-16,2098.808105,57800
2012-10-17,2105.61792,59800
2012-10-18,2131.687988,87200
2012-10-19,2128.302002,67600
2012-10-22,2132.758057,60200
2012-10-23,2114.447021,72600
2012-10-24,2115.98999,72800
2012-10-25,2101.580078,85400
2012-10-26,2066.208984,78600
2012-10-29,2058.943115,53600
2012-10-30,2062.346924,60600
2012-10-31,2068.879883,59600
2012-11-01,2104.427002,82800
2012-11-02,2117.045898,76600
2012-11-05,2114.0271,71600
2012-11-06,2105.999023,71400
2012-11-07,2105.72998,59400
2012-11-08,2071.509033,66600
2012-11-09,2069.066895,54200
2012-11-12,2079.272949,56600
2012-11-13,2047.889038,61000
2012-11-14,2055.418945,48000
2012-11-15,2030.290039,50600
2012-11-16,2014.724976,49600
2012-11-19,2016.982056,45400
2012-11-20,2008.922974,42600
2012-11-21,2030.31897,53200
2012-11-22,2015.610962,45600
2012-11-23,2027.384033,51600
2012-11-26,2017.463989,44800
2012-11-27,1991.165039,56600
2012-11-28,1973.522949,50600
2012-11-29,1963.488037,49600
2012-11-30,1980.116943,56800
2012-12-03,1959.766968,61600
2012-12-04,1975.142944,62400
2012-12-05,2031.906982,120000
2012-12-06,2029.237061,81400
2012-12-07,2061.785889,115200
2012-12-10,2083.77002,115400
2012-12-11,2074.704102,93400
2012-12-12,2082.726074,78600
2012-12-13,2061.476074,72200
2012-12-14,2150.625,160800
2012-12-17,2160.342041,144200
2012-12-18,2162.464111,126000
2012-12-19,2162.239014,94400
2012-12-20,2168.353027,99400
2012-12-21,2153.310059,103400
2012-12-24,2159.052979,78400
2012-12-25,2213.611084,143400
2012-12-26,2219.13208,121800
2012-12-27,2205.896973,129000
2012-12-28,2233.251953,116000
2012-12-31,2269.12793,128000
2013-01-04,2276.991943,139400
2013-01-07,2285.364014,118200
2013-01-08,2276.070068,123000
2013-01-09,2275.340088,122000
2013-01-10,2283.656982,120000
2013-01-11,2242.99707,125000
2013-01-14,2311.73999,144800
2013-01-15,2325.681885,165600
2013-01-16,2309.499023,153600
2013-01-17,2284.908936,119200
2013-01-18,2317.070068,125400
2013-01-21,2328.220947,134600
2013-01-22,2315.138916,149400
2013-01-23,2320.910889,118200
2013-01-24,2302.5979,161000
2013-01-25,2291.303955,92600
2013-01-28,2346.504883,128400
2013-01-29,2358.977051,141800
2013-01-30,2382.475098,149800
2013-01-31,2385.422119,139800
2013-02-01,2419.02002,140800
2013-02-04,2428.154053,167600
2013-02-05,2433.129883,150800
2013-02-06,2434.477051,116600
2013-02-07,2418.530029,120000
2013-02-08,2432.4021,109000
2013-02-18,2421.558105,116200
2013-02-19,2382.914063,123400
2013-02-20,2397.177979,110200
2013-02-21,2325.950928,144000
2013-02-22,2314.164063,97000
2013-02-25,2325.819092,88400
2013-02-26,2293.341064,117600
2013-02-27,2313.219971,97800
2013-02-28,2365.593018,127000
2013-03-01,2359.506104,120400
2013-03-04,2273.404053,161800
2013-03-05,2326.305908,131200
2013-03-06,2347.178955,141400
2013-03-07,2324.292969,139800
2013-03-08,2318.611084,98800
2013-03-11,2310.593018,84200
2013-03-12,2286.60498,117600
2013-03-13,2263.968018,91000
2013-03-14,2270.2771,80200
2013-03-15,2278.400879,116400
2013-03-18,2240.016113,93200
2013-03-19,2257.434082,87600
2013-03-20,2317.375,131200
2013-03-21,2324.241943,119200
2013-03-22,2328.278076,101200
2013-03-25,2326.715088,97000
2013-03-26,2297.668945,104400
2013-03-27,2301.26001,96400
2013-03-28,2236.302002,127600
2013-03-29,2236.621094,85600
2013-04-01,2234.39502,77400
2013-04-02,2227.73999,89800
2013-04-03,2225.294922,81800
2013-04-08,2211.592041,86200
2013-04-09,2225.773926,82800
2013-04-10,2226.125977,80600
2013-04-11,2219.552979,73600
2013-04-12,2206.780029,66800
2013-04-15,2181.940918,71600
2013-04-16,2194.844971,80000
2013-04-17,2193.795898,68400
2013-04-18,2197.602051,71600
2013-04-19,2244.643066,109600
2013-04-22,2242.168945,95200
2013-04-23,2184.538086,96600
2013-04-24,2218.318115,91600
2013-04-25,2199.306885,96800
2013-04-26,2177.912109,76600
2013-05-02,2174.123047,68400
2013-05-03,2205.49707,88600
2013-05-06,2231.166016,92200
2013-05-07,2235.574951,86400
2013-05-08,2246.300049,90400
2013-05-09,2232.970947,98600
2013-05-10,2246.831055,90400
2013-05-13,2241.919922,86200
2013-05-14,2217.01001,83200
2013-05-15,2224.797119,71800
2013-05-16,2251.804932,110200
2013-05-17,2282.870117,126200
2013-05-20,2299.986084,139200
2013-05-21,2305.114014,124200
2013-05-22,2302.403076,128400
2013-05-23,2275.666992,124000
2013-05-24,2288.531982,101400
2013-05-27,2293.076904,107400
2013-05-28,2321.318115,132600
2013-05-29,2324.01709,125200
2013-05-30,2317.749023,112000
2013-05-31,2300.594971,108200
2013-06-03,2299.251953,96800
2013-06-04,2272.416992,101800
2013-06-05,2270.929932,76400
2013-06-06,2242.110107,81600
2013-06-07,2210.897949,90000
2013-06-13,2148.35498,94400
2013-06-14,2162.041016,77800
2013-06-17,2156.215088,75800
2013-06-18,2159.291016,69600
2013-06-19,2143.454102,75400
2013-06-20,2084.020996,77800
2013-06-21,2073.094971,79600
2013-06-24,1963.234985,109200
2013-06-25,1959.508057,138200
2013-06-26,1951.494995,101200
2013-06-27,1950.011963,105800
2013-06-28,1979.206055,100800
2013-07-01,1995.241943,78000
2013-07-02,2006.560059,86400
2013-07-03,1994.267944,93400
2013-07-04,2006.098022,100400
2013-07-05,2007.198975,91400
2013-07-08,1958.272949,84200
2013-07-09,1965.453979,64600
2013-07-10,2008.125977,89800
2013-07-11,2072.990967,160000
2013-07-12,2039.485962,121200
2013-07-15,2059.389893,101400
2013-07-16,2065.719971,96800
2013-07-17,2044.921997,103200
2013-07-18,2023.395996,92200
2013-07-19,1992.647949,104600
2013-07-22,2004.761963,83000
2013-07-23,2043.875977,109600
2013-07-24,2033.328979,106600
2013-07-25,2021.17395,98600
2013-07-26,2010.849976,73800
2013-07-29,1976.30603,78700
2013-07-30,1990.063965,77200
2013-07-31,1993.79895,70200
2013-08-01,2029.067017,91200
2013-08-02,2029.417969,93600
2013-08-05,2050.480957,85500
2013-08-06,2060.5,105600
2013-08-07,2046.777954,107700
2013-08-08,2044.89502,84100
2013-08-09,2052.235107,95300
2013-08-12,2101.282959,135100
2013-08-13,2106.156006,117700
2013-08-14,2100.136963,114400
2013-08-15,2081.879883,99400
2013-08-16,2068.451904,153100
2013-08-19,2085.602051,97400
2013-08-20,2072.594971,107400
2013-08-21,2072.960938,87400
2013-08-22,2067.124023,90900
2013-08-23,2057.458008,112400
2013-08-26,2096.474121,119900
2013-08-27,2103.565918,126400
2013-08-28,2101.301025,161400
2013-08-29,2097.227051,133200
2013-08-30,2098.38208,170000
2013-09-02,2098.447998,149200
2013-09-03,2123.112061,138800
2013-09-04,2127.61792,142000
2013-09-05,2122.429932,126500
2013-09-06,2139.99292,143200
2013-09-09,2212.516113,219400
2013-09-10,2237.983887,237200
2013-09-11,2241.268066,244300
2013-09-12,2255.604004,209700
2013-09-13,2236.217041,172000
2013-09-16,2231.400879,154800
2013-09-17,2185.560059,154500
2013-09-18,2191.851074,115100
2013-09-23,2221.043945,133200
2013-09-24,2207.531006,160400
2013-09-25,2198.514893,160200
2013-09-26,2155.809082,140400
2013-09-27,2160.0271,105400
2013-09-30,2174.665039,92800
2013-10-08,2198.198975,126700
2013-10-09,2211.769043,130900
2013-10-10,2190.928955,149800
2013-10-11,2228.145996,156900
2013-10-14,2237.772949,166000
2013-10-15,2233.412109,153700
2013-10-16,2193.073975,154600
2013-10-17,2188.541992,126800
2013-10-18,2193.780029,103700
2013-10-21,2229.237061,136700
2013-10-22,2210.6521,149100
2013-10-23,2183.106934,146300
2013-10-24,2164.322021,103000
2013-10-25,2132.955078,113900
2013-10-28,2133.868896,88400
2013-10-29,2128.864014,143100
2013-10-30,2160.462891,119600
2013-10-31,2141.614014,108100
2013-11-01,2149.562012,89100
2013-11-04,2149.634033,76100
2013-11-05,2157.23999,91900
2013-11-06,2139.606934,100500
2013-11-07,2129.399902,81800
2013-11-08,2106.126953,83100
2013-11-11,2109.470947,69700
2013-11-12,2126.771973,79400
2013-11-13,2087.940918,88300
2013-11-14,2100.506104,83800
2013-11-15,2135.826904,125900
2013-11-18,2197.218994,157500
2013-11-19,2193.125,125000
2013-11-20,2206.613037,119000
2013-11-21,2205.766113,137200
2013-11-22,2196.37793,113800
2013-11-25,2186.11499,108300
2013-11-26,2183.072998,100500
2013-11-27,2201.070068,115400
2013-11-28,2219.37207,134500
2013-11-29,2220.503906,107000
2013-12-02,2207.371094,174300
2013-12-03,2222.669922,113500
2013-12-04,2251.761963,157300
2013-12-05,2247.062988,122000
2013-12-06,2237.10791,103700
2013-12-09,2238.199951,93300
2013-12-10,2237.491943,109000
2013-12-11,2204.166016,109400
2013-12-12,2202.795898,86100
2013-12-13,2196.074951,85100
2013-12-16,2160.861084,101400
2013-12-17,2151.079102,78600
2013-12-18,2148.284912,64200
2013-12-19,2127.791992,73100
2013-12-20,2084.793945,86800
2013-12-23,2089.707031,68100
2013-12-24,2092.905029,70300
2013-12-25,2106.354004,65200
2013-12-26,2073.099121,78500
2013-12-27,2101.250977,76800
2013-12-30,2097.529053,74100
2013-12-31,2115.978027,80500
2014-01-02,2109.386963,68500
2014-01-03,2083.13501,84500
2014-01-06,2045.708984,89600
2014-01-07,2047.317017,63400
2014-01-08,2044.339966,71600
2014-01-09,2027.621948,75900
2014-01-10,2013.297974,75600
2014-01-13,2009.563965,66500
2014-01-14,2026.842041,70400
2014-01-15,2023.348022,67400
2014-01-16,2023.70105,72800
2014-01-17,2004.948975,67300
2014-01-20,1991.253052,56300
2014-01-21,2008.312988,59800
2014-01-22,2051.749023,98900
2014-01-23,2042.180054,84200
2014-01-24,2054.39209,92900
2014-01-27,2033.300049,88800
2014-01-28,2038.512939,72500
2014-01-29,2049.914063,73900
2014-01-30,2033.083008,62600
2014-02-07,2044.496948,73600
2014-02-10,2086.066895,124300
2014-02-11,2103.670898,142200
2014-02-12,2109.955078,126300
2014-02-13,2098.400879,146500
2014-02-14,2115.8479,111500
2014-02-17,2135.415039,140200
2014-02-18,2119.065918,142900
2014-02-19,2142.553955,151300
2014-02-20,2138.781982,157100
2014-02-21,2113.693115,117700
2014-02-24,2076.686035,123600
2014-02-25,2034.218994,140100
2014-02-26,2041.254028,110100
2014-02-27,2047.354004,132200
2014-02-28,2056.302002,111600
2014-03-03,2075.235107,127500
2014-03-04,2071.4729,115900
2014-03-05,2053.083984,107700
2014-03-06,2059.577881,109300
2014-03-07,2057.907959,103700
2014-03-10,1999.064941,115700
2014-03-11,2001.156982,92700
2014-03-12,1997.692017,101400
2014-03-13,2019.110962,101000
2014-03-14,2004.338989,87800
2014-03-17,2023.672974,86300
2014-03-18,2025.196045,96800
2014-03-19,2021.734009,95200
2014-03-20,1993.479004,110300
2014-03-21,2047.619019,144500
2014-03-24,2066.279053,147700
2014-03-25,2067.311035,131800
2014-03-26,2063.669922,102600
2014-03-27,2046.588013,119100
2014-03-28,2041.712036,121700
2014-03-31,2033.30603,94400
2014-04-01,2047.459961,83300
2014-04-02,2058.988037,102700
2014-04-03,2043.702026,108600
2014-04-04,2058.831055,83200
2014-04-08,2098.283936,133400
2014-04-09,2105.237061,105300
2014-04-10,2134.300049,156800
2014-04-11,2130.541992,131800
2014-04-14,2131.539063,102100
2014-04-15,2101.601074,107500
2014-04-16,2105.12207,89400
2014-04-17,2098.88501,89900
2014-04-18,2097.748047,88200
2014-04-21,2065.825928,96400
2014-04-22,2072.831055,98700
2014-04-23,2067.38208,78500
2014-04-24,2057.032959,78200
2014-04-25,2036.519043,93000
2014-04-28,2003.487061,89800
2014-04-29,2020.340942,76200
2014-04-30,2026.358032,74500
2014-05-05,2027.353027,79900
2014-05-06,2028.037964,74600
2014-05-07,2010.083008,74400
2014-05-08,2015.274048,77900
2014-05-09,2011.13501,76200
2014-05-12,2052.871094,115700
2014-05-13,2050.728027,97200
2014-05-14,2047.910034,72000
2014-05-15,2024.973999,75800
2014-05-16,2026.504028,66400
2014-05-19,2005.182983,65300
2014-05-20,2008.119019,61300
2014-05-21,2024.95105,61800
2014-05-22,2021.285034,74700
2014-05-23,2034.56897,63500
2014-05-26,2041.475952,70300
2014-05-27,2034.564941,67600
2014-05-28,2050.228027,81300
2014-05-29,2040.594971,81200
2014-05-30,2039.212036,75100
2014-06-03,2038.305054,71600
2014-06-04,2024.833984,72400
2014-06-05,2040.878052,68000
2014-06-06,2029.956055,66000
2014-06-09,2030.501953,64800
2014-06-10,2052.531982,79600
2014-06-11,2054.947998,74400
2014-06-12,2051.712891,81700
2014-06-13,2070.715088,97200
2014-06-16,2085.98291,95900
2014-06-17,2066.697998,87800
2014-06-18,2055.519043,87200
2014-06-19,2023.734985,92900
2014-06-20,2026.67395,67200
2014-06-23,2024.36499,70500
2014-06-24,2033.93103,71200
2014-06-25,2025.501953,67500
2014-06-26,2038.677002,81000
2014-06-27,2036.51001,97600
2014-06-30,2048.326904,96700
2014-07-01,2050.381104,98500
2014-07-02,2059.417969,109600
2014-07-03,2063.229004,122900
2014-07-04,2059.375,105000
2014-07-07,2059.927002,97200
2014-07-08,2064.020996,95100
2014-07-09,2038.612061,113300
2014-07-10,2038.342041,97900
2014-07-11,2046.96106,105100
2014-07-14,2066.645996,115100
2014-07-15,2070.356934,124500
2014-07-16,2067.275879,137100
2014-07-17,2055.591064,104500
2014-07-18,2059.066895,106600
2014-07-21,2054.479004,93900
2014-07-22,2075.480957,123200
2014-07-23,2078.489014,137300
2014-07-24,2105.062012,165700
2014-07-25,2126.614014,142500
2014-07-28,2177.947998,236200
2014-07-29,2183.191895,200300
2014-07-30,2181.24292,184900
2014-07-31,2201.562012,164700
2014-08-01,2185.302979,191500
2014-08-04,2223.331055,174100
2014-08-05,2219.945068,175400
2014-08-06,2217.465088,177700
2014-08-07,2187.668945,175200
2014-08-08,2194.425049,135200
2014-08-11,2224.654053,150600
2014-08-12,2221.594971,154800
2014-08-13,2222.876953,178100
2014-08-14,2206.466064,170100
2014-08-15,2226.733887,150000
2014-08-18,2239.466064,163900
2014-08-19,2245.330078,177700
2014-08-20,2240.210938,167700
2014-08-21,2230.458008,165700
2014-08-22,2240.812012,160100
2014-08-25,2229.273926,162100
2014-08-26,2207.105957,163500
2014-08-27,2209.465088,120900
2014-08-28,2195.818115,124200
2014-08-29,2217.199951,105200
2014-09-01,2235.510986,129200
2014-09-02,2266.045898,192100
2014-09-03,2288.626953,212500
2014-09-04,2306.862061,199500
2014-09-05,2326.431885,213200
2014-09-09,2326.5271,197000
2014-09-10,2318.304932,189800
2014-09-11,2311.678955,222200
2014-09-12,2331.949951,193500
2014-09-15,2339.139893,215100
2014-09-16,2296.554932,302700
2014-09-17,2307.893066,210800
2014-09-18,2315.927979,189100
2014-09-19,2329.450928,174600
2014-09-22,2289.865967,175800
2014-09-23,2309.718018,156900
2014-09-24,2343.574951,222500
2014-09-25,2345.103027,225700
2014-09-26,2347.718018,174700
2014-09-29,2357.710938,200100
2014-09-30,2363.870117,193900
2014-10-08,2382.793945,204400
2014-10-09,2389.371094,235900
2014-10-10,2374.540039,224700
2014-10-13,2366.009033,200900
2014-10-14,2359.475098,196800
2014-10-15,2373.669922,202800
2014-10-16,2356.499023,248200
2014-10-17,2341.184082,212300
2014-10-20,2356.728027,160000
2014-10-21,2339.656982,168800
2014-10-22,2326.552979,152700
2014-10-23,2302.417969,162600
2014-10-24,2302.280029,132200
2014-10-27,2290.437012,130300
2014-10-28,2337.871094,178600
2014-10-29,2373.030029,265600
2014-10-30,2391.075928,294600
2014-10-31,2420.177979,325800
2014-11-03,2430.970947,298800
2014-11-04,2430.737061,309000
2014-11-05,2420.395996,263600
2014-11-06,2425.809082,222000
2014-11-07,2419.145996,291200
2014-11-10,2473.183105,300600
2014-11-11,2470.594971,411900
2014-11-12,2494.275879,252900
2014-11-13,2486.669922,295000
2014-11-14,2479.185059,220600
2014-11-17,2475.120117,215700
2014-11-18,2457.529053,201100
2014-11-19,2451.166992,186200
2014-11-20,2452.616943,165500
2014-11-21,2487.111084,212200
2014-11-24,2533.887939,363500
2014-11-25,2567.596924,314300
2014-11-26,2604.886963,337100
2014-11-27,2630.045898,364100
2014-11-28,2682.918945,465900
2014-12-01,2680.73999,446800
2014-12-02,2763.316895,437700
2014-12-03,2779.736084,562100
2014-12-04,2900.362061,532700
2014-12-05,2938.781006,640500
2014-12-08,3021.523926,587600
2014-12-09,2859.918945,772000
2014-12-10,2940.876953,512900
2014-12-11,2925.74292,482600
2014-12-12,2938.173096,409500
2014-12-15,2953.420898,400400
2014-12-16,3021.518066,453800
2014-12-17,3061.02002,542500
2014-12-18,3057.520996,435900
2014-12-19,3108.595947,521100
2014-12-22,3127.445068,679400
2014-12-23,3032.612061,437800
2014-12-24,2972.531982,376800
2014-12-25,3072.540039,0
2014-12-26,3157.603027,460700
2014-12-29,3168.016113,510100
2014-12-30,3165.814941,397700
2014-12-31,3234.677002,406000
2015-01-05,3350.519043,531400
2015-01-06,3351.446045,501700
2015-01-07,3373.954102,391900
2015-01-08,3293.456055,371100
2015-01-09,3285.412109,410200
2015-01-12,3229.315918,322100
2015-01-13,3235.301025,230700
2015-01-14,3222.437012,240200
2015-01-15,3336.455078,282500
2015-01-16,3376.495117,339900
2015-01-19,3116.351074,401100
2015-01-20,3173.052002,357100
2015-01-21,3323.611084,411000
2015-01-22,3343.343994,353400
2015-01-23,3351.763916,366200
2015-01-26,3383.181885,317500
2015-01-27,3352.959961,374500
2015-01-28,3305.738037,301900
2015-01-29,3262.304932,274700
2015-01-30,3210.363037,258300
2015-02-02,3128.300049,250900
2015-02-03,3204.906982,248200
2015-02-04,3174.125977,249100
2015-02-05,3136.531006,306100
2015-02-06,3075.906982,246700
2015-02-09,3095.124023,206100
2015-02-10,3141.593018,193800
2015-02-11,3157.704102,172800
2015-02-12,3173.416016,194600
2015-02-13,3203.826904,261300
2015-02-16,3222.363037,223800
2015-02-17,3246.906006,228300
2015-02-25,3228.843018,233300
2015-02-26,3298.358887,301300
2015-02-27,3310.302979,299200
2015-03-02,3336.284912,346400
2015-03-03,3263.052002,382000
2015-03-04,3279.532959,293600
2015-03-05,3248.476074,320700
2015-03-06,3241.187012,282900
2015-03-09,3302.407959,321500
2015-03-10,3286.068115,285800
2015-03-11,3290.899902,283000
2015-03-12,3349.322998,357300
2015-03-13,3372.910889,328400
2015-03-16,3449.304932,399100
2015-03-17,3502.846924,520900
2015-03-18,3577.301025,545200
2015-03-19,3582.270996,537300
2015-03-20,3617.318115,516700
2015-03-23,3687.728027,536100
2015-03-24,3691.409912,639600
2015-03-25,3660.727051,521900
2015-03-26,3682.094971,488600
2015-03-27,3691.095947,408900
2015-03-30,3786.568115,564700
2015-03-31,3747.898926,561700
2015-04-01,3810.293945,447500
2015-04-02,3825.783936,479300
2015-04-03,3863.928955,473000
2015-04-07,3961.37793,570400
2015-04-08,3994.811035,618100
2015-04-09,3957.533936,585200
2015-04-10,4034.310059,484300
2015-04-13,4121.714844,589800
2015-04-14,4135.564941,610700
2015-04-15,4084.163086,613000
2015-04-16,4194.823242,551200
2015-04-17,4287.295898,701700
2015-04-20,4217.077148,857100
2015-04-21,4293.623047,634500
2015-04-22,4398.494141,680300
2015-04-23,4414.507813,667300
2015-04-24,4393.686035,628600
2015-04-27,4527.395996,671100
2015-04-28,4476.214844,767700
2015-04-29,4476.620117,519800
2015-04-30,4441.654785,526700
2015-05-04,4480.463867,494200
2015-05-05,4298.706055,572900
2015-05-06,4229.266113,481700
2015-05-07,4112.213867,394600
2015-05-08,4205.916992,397400
2015-05-11,4333.583984,488800
2015-05-12,4401.219238,521900
2015-05-13,4375.759766,510500
2015-05-14,4378.311035,449100
2015-05-15,4308.690918,439700
2015-05-18,4283.491211,380100
2015-05-19,4417.551758,436700
2015-05-20,4446.288086,514100
2015-05-21,4529.421875,465000
2015-05-22,4657.596191,655600
2015-05-25,4813.797852,682500
2015-05-26,4910.896973,704900
2015-05-27,4941.713867,681200
2015-05-28,4620.266113,783000
2015-05-29,4611.744141,611300
2015-06-01,4828.737793,593400
2015-06-02,4910.526855,623700
2015-06-03,4909.978027,611500
2015-06-04,4947.102051,675000
2015-06-05,5023.096191,772200
2015-06-08,5131.880859,855000
2015-06-09,5113.53418,729900
2015-06-10,5106.036133,597000
2015-06-11,5121.592773,564000
2015-06-12,5166.350098,625600
2015-06-15,5062.993164,637800
2015-06-16,4887.432129,550800
2015-06-17,4967.897949,537100
2015-06-18,4785.355957,507400
2015-06-19,4478.36377,452700
2015-06-23,4576.492188,473500
2015-06-24,4690.149902,543000
2015-06-25,4527.778809,572800
2015-06-26,4192.873047,565200
2015-06-29,4053.030029,673800
2015-06-30,4277.222168,709200
2015-07-01,4053.699951,598800
2015-07-02,3912.76709,586000
2015-07-03,3686.915039,548200
2015-07-06,3775.912109,831100
2015-07-07,3727.125,698800
2015-07-08,3507.191895,680400
2015-07-09,3709.330078,656900
2015-07-10,3877.802979,586400
2015-07-13,3970.387939,643500
2015-07-14,3924.487061,670600
2015-07-15,3805.702881,601300
2015-07-16,3823.176025,492300
2015-07-17,3957.352051,481700
2015-07-20,3992.110107,539100
2015-07-21,4017.675049,504300
2015-07-22,4026.044922,520700
2015-07-23,4123.922852,563600
2015-07-24,4070.907959,627400
2015-07-27,3725.558105,556000
2015-07-28,3663.001953,563300
2015-07-29,3789.167969,434400
2015-07-30,3705.766113,457900
2015-07-31,3663.726074,351000
2015-08-03,3622.905029,364000
2015-08-04,3756.544922,362900
2015-08-05,3694.572998,366400
2015-08-06,3661.539063,274100
2015-08-07,3744.205078,340800
2015-08-10,3928.415039,497300
2015-08-11,3927.907959,538900
2015-08-12,3886.320068,442700
2015-08-13,3954.555908,430100
2015-08-14,3965.334961,468000
2015-08-17,3993.667969,460400
2015-08-18,3748.164063,543800
2015-08-19,3794.108887,475400
2015-08-20,3664.291016,390100
2015-08-21,3507.743896,369900
2015-08-24,3209.905029,334700
2015-08-25,2964.967041,352300
2015-08-26,2927.288086,466700
2015-08-27,3083.591064,400300
2015-08-28,3232.350098,443100
2015-08-31,3205.986084,397400
2015-09-01,3166.624023,432400
2015-09-02,3160.166992,438200
2015-09-07,3080.419922,296500
2015-09-08,3170.451904,255400
2015-09-09,3243.089111,375300
2015-09-10,3197.893066,273300
2015-09-11,3200.233887,224600
2015-09-14,3114.798096,346600
2015-09-15,3005.172119,249200
2015-09-16,3152.262939,277500
2015-09-17,3086.061035,317600
2015-09-18,3097.916992,209200
2015-09-21,3156.540039,239900
2015-09-22,3185.618896,274800
2015-09-23,3115.887939,236300
2015-09-24,3142.687012,212900
2015-09-25,3092.346924,236300
2015-09-28,3100.756104,156700
2015-09-29,3038.136963,163200
2015-09-30,3052.781006,146600
2015-10-08,3143.356934,234300
2015-10-09,3183.1521,234900
2015-10-12,3287.662109,386300
2015-10-13,3293.22998,297200
2015-10-14,3262.440918,295100
2015-10-15,3338.072998,316300
2015-10-16,3391.352051,395500
2015-10-19,3386.699951,378100
2015-10-20,3425.330078,319000
2015-10-21,3320.676025,458500
2015-10-22,3368.739014,323700
2015-10-23,3412.434082,347400
2015-10-26,3429.581055,365600
2015-10-27,3434.335938,328200
2015-10-28,3375.196045,293500
2015-10-29,3387.314941,235700
2015-10-30,3382.561035,243600
2015-11-02,3325.084961,231000
2015-11-03,3316.695068,192900
2015-11-04,3459.639893,339100
2015-11-05,3522.819092,553300
2015-11-06,3590.031982,429200
2015-11-09,3646.881104,503000
2015-11-10,3640.485107,429700
2015-11-11,3650.249023,361000
2015-11-12,3632.9021,361700
2015-11-13,3580.839111,345900
2015-11-16,3606.957031,276200
2015-11-17,3604.794922,383600
2015-11-18,3568.468018,297600
2015-11-19,3617.062012,247900
2015-11-20,3630.5,310800
2015-11-23,3610.314941,316000
2015-11-24,3616.113037,248800
2015-11-25,3647.929932,273000
2015-11-26,3635.552002,306800
2015-11-27,3436.302979,354300
2015-11-30,3445.405029,304200
2015-12-01,3456.309082,252400
2015-12-02,3536.905029,301500
2015-12-03,3584.823975,281100
2015-12-04,3524.991943,251700
2015-12-07,3536.927002,208300
2015-12-08,3470.070068,224400
2015-12-09,3472.438965,195700
2015-12-10,3455.495117,200400
2015-12-11,3434.581055,182900
2015-12-14,3520.667969,215400
2015-12-15,3510.354004,200500
2015-12-16,3516.187012,193500
2015-12-17,3579.999023,283900
2015-12-18,3578.964111,273700
2015-12-21,3642.471924,299800
2015-12-22,3651.76709,261200
2015-12-23,3636.089111,298200
2015-12-24,3612.485107,227800
2015-12-25,3628.000977,192500
2015-12-28,3533.779053,270000
2015-12-29,3563.736084,182600
2015-12-30,3572.875977,187900
2015-12-31,3539.181885,177000
2016-01-04,3296.258057,184400
2016-01-05,3287.710938,266900
2016-01-06,3361.840088,238900
2016-01-07,3125.001953,70600
2016-01-08,3186.412109,286400
2016-01-11,3016.704102,271600
2016-01-12,3022.861084,207700
2016-01-13,2949.596924,194300
2016-01-14,3007.648926,212900
2016-01-15,2900.969971,198700
2016-01-18,2913.836914,164700
2016-01-19,3007.739014,205300
2016-01-20,2976.694092,216500
2016-01-21,2880.481934,191700
2016-01-22,2916.562012,159800
2016-01-25,2938.514893,153000
2016-01-26,2749.784912,210800
2016-01-27,2735.558105,215700
2016-01-28,2655.660889,171100
2016-01-29,2737.600098,186700
2016-02-01,2688.854004,156400
2016-02-02,2749.570068,158100
2016-02-03,2739.24707,148400
2016-02-04,2781.022949,170400
2016-02-05,2763.491943,141200
2016-02-15,2746.196045,129300
2016-02-16,2836.571045,196000
2016-02-17,2867.337891,216900
2016-02-18,2862.893066,219200
2016-02-19,2860.020996,163400
2016-02-22,2927.175049,232200
2016-02-23,2903.331055,199700
2016-02-24,2928.895996,213400
2016-02-25,2741.245117,270300
2016-02-26,2767.209961,191100
2016-02-29,2687.979004,207400
2016-03-01,2733.169922,187200
2016-03-02,2849.680908,271000
2016-03-03,2859.758057,287500
2016-03-04,2874.146973,312500
2016-03-07,2897.340088,217500
2016-03-08,2901.386963,233500
2016-03-09,2862.555908,183400
2016-03-10,2804.726074,139000
2016-03-11,2810.306885,127200
2016-03-14,2859.499023,194800
2016-03-15,2864.36792,163400
2016-03-16,2870.429932,186500
2016-03-17,2904.832031,200300
2016-03-18,2955.149902,313300
2016-03-21,3018.802002,352400
2016-03-22,2999.363037,270400
2016-03-23,3009.959961,217000
2016-03-24,2960.969971,237000
2016-03-25,2979.125977,169800
2016-03-28,2957.820068,202000
2016-03-29,2919.832031,183000
2016-03-30,3000.64502,210400
2016-03-31,3003.915039,220400
2016-04-01,3009.530029,206500
2016-04-05,3053.064941,256700
2016-04-06,3050.592041,232300
2016-04-07,3008.419922,220900
2016-04-08,2984.958008,187900
2016-04-11,3033.957031,220000
2016-04-12,3023.645996,182700
2016-04-13,3066.637939,310000
2016-04-14,3082.362061,208200
2016-04-15,3078.116943,189600
2016-04-18,3033.659912,183300
2016-04-19,3042.822998,156500
2016-04-20,2972.583984,283100
2016-04-21,2952.891113,189400
2016-04-22,2959.23999,137200
2016-04-25,2946.669922,125900
2016-04-26,2964.699951,117700
2016-04-27,2953.670898,130900
2016-04-28,2945.589111,138700
2016-04-29,2938.323975,109300
2016-05-03,2992.643066,168700
2016-05-04,2991.271973,165400
2016-05-05,2997.842041,144800
2016-05-06,2913.248047,206800
2016-05-09,2832.113037,180400
2016-05-10,2832.591064,120800
2016-05-11,2837.037109,135800
2016-05-12,2835.862061,136300
2016-05-13,2827.108887,114300
2016-05-16,2850.862061,114700
2016-05-17,2843.684082,123400
2016-05-18,2807.513916,140500
2016-05-19,2806.906006,111600
2016-05-20,2825.48291,108700
2016-05-23,2843.64502,120500
2016-05-24,2821.666016,111500
2016-05-25,2815.085938,103500
2016-05-26,2822.443115,114800
2016-05-27,2821.045898,109800
2016-05-30,2822.450928,106300
2016-05-31,2916.615967,215300
2016-06-01,2913.508057,188400
2016-06-02,2925.229004,159700
2016-06-03,2938.681885,172000
2016-06-06,2934.0979,142000
2016-06-07,2936.044922,133000
2016-06-08,2927.158936,143000
2016-06-13,2833.071045,169300
2016-06-14,2842.188965,119800
2016-06-15,2887.209961,166700
2016-06-16,2872.816895,173900
2016-06-17,2885.10498,171500
2016-06-20,2888.809082,136600
2016-06-21,2878.558105,164400
2016-06-22,2905.550049,130600
2016-06-23,2891.959961,136100
2016-06-24,2854.285889,190800
2016-06-27,2895.702881,156700
2016-06-28,2912.556885,173900
2016-06-29,2931.592041,193200
2016-06-30,2929.605957,154500
2016-07-01,2932.476074,141200
2016-07-04,2988.604004,222000
2016-07-05,3006.39209,235200
2016-07-06,3017.291992,212400
2016-07-07,3016.846924,222700
2016-07-08,2988.093994,169000
2016-07-11,2994.916992,224300
2016-07-12,3049.381104,259500
2016-07-13,3060.688965,253700
2016-07-14,3054.018066,180200
2016-07-15,3054.295898,172900
2016-07-18,3043.563965,177500
2016-07-19,3036.5979,155400
2016-07-20,3027.899902,138200
2016-07-21,3039.009033,163800
2016-07-22,3012.815918,162000
2016-07-25,3015.827881,144200
2016-07-26,3050.166016,156700
2016-07-27,2991.999023,280200
2016-07-28,2994.322998,190600
2016-07-29,2979.339111,150100
2016-08-01,2953.38501,147400
2016-08-02,2971.279053,115500
2016-08-03,2978.460938,141100
2016-08-04,2982.426025,133900
2016-08-05,2976.696045,141900
2016-08-08,3004.2771,155700
2016-08-09,3025.680908,170000
2016-08-10,3018.746094,164700
2016-08-11,3002.637939,161900
2016-08-12,3050.666992,168200
2016-08-15,3125.195068,297600
2016-08-16,3110.037109,278300
2016-08-17,3109.554932,213800
2016-08-18,3104.114014,229400
2016-08-19,3108.102051,194300
2016-08-22,3084.804932,185400
2016-08-23,3089.706055,161400
2016-08-24,3085.879883,145700
2016-08-25,3068.329102,174000
2016-08-26,3070.309082,149700
2016-08-29,3070.0271,144500
2016-08-30,3074.677002,140400
2016-08-31,3085.490967,141400
2016-09-01,3063.304932,155200
2016-09-02,3067.352051,150400
2016-09-05,3072.094971,145000
2016-09-06,3090.712891,172900
2016-09-07,3091.927979,187000
2016-09-08,3095.954102,145900
2016-09-09,3078.85498,160700
2016-09-12,3021.977051,206000
2016-09-13,3023.51001,135400
2016-09-14,3002.849121,133400
2016-09-19,3026.051025,119200
2016-09-20,3023,118900
2016-09-21,3025.874023,115700
2016-09-22,3042.312988,139300
2016-09-23,3033.895996,125600
2016-09-26,2980.429932,144300
2016-09-27,2998.172119,121700
2016-09-28,2987.85791,104600
2016-09-29,2998.48291,113200
2016-09-30,3004.702881,101300
2016-10-10,3048.143066,160100
2016-10-11,3065.25,167300
2016-10-12,3058.498047,142500
2016-10-13,3061.345947,154800
2016-10-14,3063.809082,155400
2016-10-17,3041.166016,163700
2016-10-18,3083.875,182000
2016-10-19,3084.718994,182500
2016-10-20,3084.458008,160700
2016-10-21,3090.940918,187400
2016-10-24,3128.24707,240500
2016-10-25,3131.938965,203400
2016-10-26,3116.312012,191700
2016-10-27,3112.350098,158000
2016-10-28,3104.27002,181800
2016-10-31,3100.491943,151500
2016-11-01,3122.436035,160200
2016-11-02,3102.73291,182700
2016-11-03,3128.936035,223000
2016-11-04,3125.316895,197700
2016-11-07,3133.333008,179400
2016-11-08,3147.887939,190800
2016-11-09,3128.370117,241100
2016-11-10,3171.281982,244200
2016-11-11,3196.043945,310900
2016-11-14,3210.371094,329600
2016-11-15,3206.986084,240900
2016-11-16,3205.056885,221800
2016-11-17,3208.452881,214200
2016-11-18,3192.855957,209800
2016-11-21,3218.147949,230700
2016-11-22,3248.352051,261600
2016-11-23,3241.136963,250000
2016-11-24,3241.736084,232300
2016-11-25,3261.937988,233900
2016-11-28,3277,281600
2016-11-29,3282.924072,320800
2016-11-30,3250.033936,243600
2016-12-01,3273.309082,237800
2016-12-02,3243.843018,259600
2016-12-05,3204.708984,223000
2016-12-06,3199.646973,157600
2016-12-07,3222.241943,169100
2016-12-08,3215.365967,170700
2016-12-09,3232.883057,204000
2016-12-12,3152.969971,274700
2016-12-13,3155.037109,185200
2016-12-14,3140.531006,201400
2016-12-15,3117.677002,190000
2016-12-16,3122.981934,165000
2016-12-19,3118.084961,154200
2016-12-20,3102.875977,157400
2016-12-21,3137.429932,186700
2016-12-22,3139.558105,167800
2016-12-23,3110.154053,166200
2016-12-26,3122.569092,152600
2016-12-27,3114.664063,141500
2016-12-28,3102.236084,135700
2016-12-29,3096.096924,132600
2016-12-30,3103.636963,133300
2017-01-03,3135.920898,141600
2017-01-04,3158.793945,167900
2017-01-05,3165.410889,174700
2017-01-06,3154.321045,183700
2017-01-09,3171.236084,171700
2017-01-10,3161.670898,179800
2017-01-11,3136.753906,178400
2017-01-12,3119.289063,148900
2017-01-13,3112.763916,156300
2017-01-16,3103.427979,257900
2017-01-17,3108.774902,136200
2017-01-18,3113.011963,131800
2017-01-19,3101.299072,123900
2017-01-20,3123.138916,122400
2017-01-23,3136.774902,132700
2017-01-24,3142.552979,126000
2017-01-25,3149.554932,112100
2017-01-26,3159.166016,113900
2017-02-03,3140.169922,92200
2017-02-06,3156.983887,127200
2017-02-07,3153.087891,128300
2017-02-08,3166.981934,144900
2017-02-09,3183.178955,191600
2017-02-10,3196.698975,239300
2017-02-13,3216.839111,220200
2017-02-14,3217.927979,188800
2017-02-15,3212.986084,241500
2017-02-16,3229.61792,217000
2017-02-17,3202.075928,226200
2017-02-20,3239.960938,232200
2017-02-21,3253.325928,211700
2017-02-22,3261.218018,207500
2017-02-23,3251.375,209200
2017-02-24,3253.433105,186400
2017-02-27,3228.659912,182600
2017-02-28,3241.73291,151200
2017-03-01,3246.934082,190700
2017-03-02,3230.028076,181200
2017-03-03,3218.312012,157100
2017-03-06,3233.865967,156100
2017-03-07,3242.406006,164100
2017-03-08,3240.665039,160700
2017-03-09,3216.746094,167400
2017-03-10,3212.76001,136700
2017-03-13,3237.023926,163700
2017-03-14,3239.327881,146900
2017-03-15,3241.76001,144100
2017-03-16,3268.935059,189400
2017-03-17,3237.447021,200600
2017-03-20,3250.808105,170500
2017-03-21,3261.611084,162700
2017-03-22,3245.219971,189700
2017-03-23,3248.550049,193000
2017-03-24,3269.445068,219800
2017-03-27,3266.955078,201900
2017-03-28,3252.947998,161700
2017-03-29,3241.313965,216100
2017-03-30,3210.237061,247100
2017-03-31,3222.513916,196400
2017-04-05,3270.304932,248300
2017-04-06,3281.004883,245300
2017-04-07,3286.615967,236100
2017-04-10,3269.393066,232700
2017-04-11,3288.966064,281300
2017-04-12,3273.830078,269400
2017-04-13,3275.959961,207300
2017-04-14,3244.48291,208100
2017-04-17,3222.166992,212700
2017-04-18,3196.712891,188700
2017-04-19,3170.687012,213200
2017-04-20,3172.100098,190900
2017-04-21,3173.150879,164800
2017-04-24,3129.531006,186300
2017-04-25,3134.566895,153400
2017-04-26,3140.846924,169900
2017-04-27,3152.187012,211800
2017-04-28,3154.657959,162900
2017-05-02,3143.711914,154200
2017-05-03,3135.345947,163800
2017-05-04,3127.368896,178000
2017-05-05,3103.038086,176200
2017-05-08,3078.613037,180500
2017-05-09,3080.5271,135100
2017-05-10,3052.784912,160800
2017-05-11,3061.5,191300
2017-05-12,3083.512939,159700
2017-05-15,3090.229004,135700
2017-05-16,3112.964111,173800
2017-05-17,3104.441895,168700
2017-05-18,3090.138916,148600
2017-05-19,3090.631104,129600
2017-05-22,3075.676025,153700
2017-05-23,3061.947021,178300
2017-05-24,3064.075928,139800
2017-05-25,3107.831055,191400
2017-05-26,3110.059082,155900
2017-05-31,3117.177979,153000
2017-06-01,3102.623047,163000
2017-06-02,3105.540039,142500
2017-06-05,3091.656006,132600
2017-06-06,3102.125977,113400
2017-06-07,3140.324951,173200
2017-06-08,3150.333984,152300
2017-06-09,3158.399902,160100
2017-06-12,3139.876953,146700
2017-06-13,3153.74292,128300
2017-06-14,3130.674072,138300
2017-06-15,3132.486084,147000
2017-06-16,3123.166016,129700
2017-06-19,3144.374023,134900
2017-06-20,3140.013916,141200
2017-06-21,3156.211914,136700
2017-06-22,3147.452881,191300
2017-06-23,3157.873047,154800
2017-06-26,3185.444092,173600
2017-06-27,3191.197021,148200
2017-06-28,3173.200928,146500
2017-06-29,3188.062988,128800
2017-06-30,3192.427002,121500
2017-07-03,3195.912109,140300
2017-07-04,3182.803955,141100
2017-07-05,3207.134033,148300
2017-07-06,3212.444092,175800
2017-07-07,3217.957031,176700
2017-07-10,3212.63208,198900
2017-07-11,3203.038086,187800
2017-07-12,3197.543945,186900
2017-07-13,3218.163086,195300
2017-07-14,3222.416992,160100
2017-07-17,3176.465088,266200
2017-07-18,3187.566895,190600
2017-07-19,3230.976074,272400
2017-07-20,3244.86499,232100
2017-07-21,3237.981934,206000
2017-07-24,3250.599121,233100
2017-07-25,3243.688965,205600
2017-07-26,3247.675049,213500
2017-07-27,3249.781006,228500
2017-07-28,3253.23999,182200
2017-07-31,3273.028076,246000
2017-08-01,3292.637939,237200
2017-08-02,3285.056885,266700
2017-08-03,3272.928955,233300
2017-08-04,3262.081055,275900
2017-08-07,3279.457031,231200
2017-08-08,3281.873047,252000
2017-08-09,3275.572998,235600
2017-08-10,3261.749023,240700
2017-08-11,3208.541016,263000
2017-08-14,3237.360107,190300
2017-08-15,3251.261963,182300
2017-08-16,3246.450928,176900
2017-08-17,3268.429932,203600
2017-08-18,3268.724121,191100
2017-08-21,3286.906006,186100
2017-08-22,3290.226074,186500
2017-08-23,3287.705078,179800
2017-08-24,3271.511963,163500
2017-08-25,3331.521973,205800
2017-08-28,3362.650879,257500
2017-08-29,3365.226074,219500
2017-08-30,3363.626953,246900
2017-08-31,3360.810059,234400
2017-09-01,3367.118896,282500
2017-09-04,3379.835938,259400
2017-09-05,3384.316895,216600
2017-09-06,3385.388916,229100
2017-09-07,3365.49707,221100
2017-09-08,3365.24292,198400
2017-09-11,3376.418945,219000
2017-09-12,3379.488037,272900
2017-09-13,3384.146973,194600
2017-09-14,3371.426025,221300
2017-09-15,3353.618896,219800
2017-09-18,3362.858887,190300
2017-09-19,3356.844971,191100
2017-09-20,3365.996094,192200
2017-09-21,3357.812012,197400
2017-09-22,3352.529053,179200
2017-09-25,3341.549072,169600
2017-09-26,3343.583008,132600
2017-09-27,3345.271973,143100
2017-09-28,3339.64209,149400
2017-09-29,3348.943115,144900
2017-10-09,3374.37793,191700
2017-10-10,3382.988037,179400
2017-10-11,3388.283936,181500
2017-10-12,3386.100098,161800
2017-10-13,3390.522949,140000
2017-10-16,3378.469971,174300
2017-10-17,3372.041016,125400
2017-10-18,3381.793945,157200
2017-10-19,3370.172119,158500
2017-10-20,3378.647949,127200
2017-10-23,3380.698975,130800
2017-10-24,3388.248047,139900
2017-10-25,3396.897949,123100
2017-10-26,3407.566895,183800
2017-10-27,3416.812012,170300
2017-10-30,3390.336914,208300
2017-10-31,3393.342041,153500
2017-11-01,3395.913086,180600
2017-11-02,3383.310059,166900
2017-11-03,3371.743896,172700
2017-11-06,3388.174072,154600
2017-11-07,3413.574951,190600
2017-11-08,3415.459961,185400
2017-11-09,3427.794922,158700
2017-11-10,3432.673096,189300
2017-11-13,3447.835938,205400
2017-11-14,3429.548096,196500
2017-11-15,3402.524902,168800
2017-11-16,3399.25,156700
2017-11-17,3382.907959,249500
2017-11-20,3392.398926,176500
2017-11-21,3410.498047,196900
2017-11-22,3430.464111,213600
2017-11-23,3352.989014,208800
2017-11-24,3353.821045,159600
2017-11-27,3322.22998,166400
2017-11-28,3333.656982,138200
2017-11-29,3337.862061,183800
2017-11-30,3317.187988,156600
2017-12-01,3317.616943,139200
2017-12-04,3309.61792,148100
2017-12-05,3303.675049,208300
2017-12-06,3293.965088,151600
2017-12-07,3272.053955,132100
2017-12-08,3289.991943,133200
2017-12-11,3322.196045,132000
2017-12-12,3280.813965,124600
2017-12-13,3303.037109,112000
2017-12-14,3292.438965,120500
2017-12-15,3266.136963,130900
2017-12-18,3267.922119,120700
2017-12-19,3296.538086,115100
2017-12-20,3287.605957,137700
2017-12-21,3300.059082,142100
2017-12-22,3297.062988,124000
2017-12-25,3280.839111,142500
2017-12-26,3306.125,142400
2017-12-27,3275.782959,162700
2017-12-28,3296.38501,175400
2017-12-29,3307.172119,141600
2018-01-02,3348.325928,202300
2018-01-03,3369.10791,213800
2018-01-04,3385.709961,207000
2018-01-05,3391.75,213100
2018-01-08,3409.47998,236200
2018-01-09,3413.899902,191500
2018-01-10,3421.833984,209100
2018-01-11,3425.344971,173800
2018-01-12,3428.940918,174100
2018-01-15,3410.488037,232000
2018-01-16,3436.593994,211500
2018-01-17,3444.670898,261000
2018-01-18,3474.753906,220000
2018-01-19,3487.864014,247500
2018-01-22,3501.362061,217500
2018-01-23,3546.504883,238700
2018-01-24,3559.465088,253000
2018-01-25,3548.306885,243400
2018-01-26,3558.128906,222700
2018-01-29,3523.000977,236000
2018-01-30,3488.009033,186400
2018-01-31,3480.833008,207300
2018-02-01,3446.97998,260500
2018-02-02,3462.081055,208100
2018-02-05,3487.49707,217700
2018-02-06,3370.6521,280600
2018-02-07,3309.26001,260900
2018-02-08,3262.050049,201300
2018-02-09,3129.851074,256400
2018-02-12,3154.125,153300
2018-02-13,3184.958984,151500
2018-02-14,3199.158936,100300
2018-02-22,3268.559082,138700
2018-02-23,3289.023926,145800
2018-02-26,3329.573975,188600
2018-02-27,3292.068115,174200
2018-02-28,3259.407959,151000
2018-03-01,3273.754883,159100
2018-03-02,3254.528076,150900
2018-03-05,3256.926025,144800
2018-03-06,3289.64209,195400
2018-03-07,3271.667969,168700
2018-03-08,3288.406006,149800
2018-03-09,3307.166016,168400
2018-03-12,3326.698975,206500
2018-03-13,3310.239014,177100
2018-03-14,3291.38208,157500
2018-03-15,3291.112061,148600
2018-03-16,3269.88208,141200
2018-03-19,3279.251953,138000
2018-03-20,3290.639893,139900
2018-03-21,3280.951904,168400
2018-03-22,3263.47998,150400
2018-03-23,3152.760986,275500
2018-03-26,3133.721924,186400
2018-03-27,3166.648926,189100
2018-03-28,3122.290039,163500
2018-03-29,3160.531006,170300
2018-03-30,3168.896973,154600
2018-04-02,3163.178955,177700
2018-04-03,3136.633057,152200
2018-04-04,3131.111084,147000
2018-04-09,3138.293945,139600
2018-04-10,3190.322021,168200
2018-04-11,3208.082031,175900
2018-04-12,3180.157959,148200
2018-04-13,3159.052002,127600
2018-04-16,3110.648926,154400
2018-04-17,3066.797119,147200
2018-04-18,3091.398926,159300
2018-04-19,3117.375977,160100
2018-04-20,3071.542969,155100
2018-04-23,3068.011963,131700
2018-04-24,3128.927002,162300
2018-04-25,3117.974121,127300
2018-04-26,3075.030029,134000
2018-04-27,3082.231934,131200
2018-05-02,3081.177002,134200
2018-05-03,3100.858887,140000
2018-05-04,3091.032959,118700
2018-05-07,3136.64502,138900
2018-05-08,3161.498047,146900
2018-05-09,3159.149902,122600
2018-05-10,3174.413086,133000
2018-05-11,3163.262939,130700
2018-05-14,3174.031982,129300
2018-05-15,3192.11792,124500
2018-05-16,3169.564941,130500
2018-05-17,3154.282959,114000
2018-05-18,3193.302979,136500
2018-05-21,3213.840088,164500
2018-05-22,3214.350098,144300
2018-05-23,3168.964111,157800
2018-05-24,3154.650879,124100
2018-05-25,3141.302979,128600
2018-05-28,3135.082031,128800
2018-05-29,3120.460938,135700
2018-05-30,3041.443115,155100
2018-05-31,3095.474121,140500
2018-06-01,3075.136963,129900
2018-06-04,3091.190918,114600
2018-06-05,3114.206055,118700
2018-06-06,3115.179932,120200
2018-06-07,3109.499023,127800
2018-06-08,3067.147949,134700
2018-06-11,3052.782959,108600
2018-06-12,3079.802002,113300
2018-06-13,3049.797119,119600
2018-06-14,3044.159912,115500
2018-06-15,3021.900879,144500
2018-06-19,2907.822021,230600
2018-06-20,2915.730957,144300
2018-06-21,2875.810059,154400
2018-06-22,2889.76001,126100
2018-06-25,2859.335938,121900
2018-06-26,2844.508057,125900
2018-06-27,2813.177979,129400
2018-06-28,2786.896973,118400
2018-06-29,2847.417969,125700
2018-07-02,2775.556885,137000
2018-07-03,2786.887939,142500
2018-07-04,2759.125977,123300
2018-07-05,2733.88208,129200
2018-07-06,2747.229004,136300
2018-07-09,2815.110107,121500
2018-07-10,2827.625,117100
2018-07-11,2777.770996,126800
2018-07-12,2837.658936,147000
2018-07-13,2831.184082,117700
2018-07-16,2814.041992,107800
2018-07-17,2798.125977,105400
2018-07-18,2787.25708,121000
2018-07-19,2772.544922,114500
2018-07-20,2829.270996,145900
2018-07-23,2859.541992,173400
2018-07-24,2905.562012,229600
2018-07-25,2903.646973,167800
2018-07-26,2882.225098,168400
2018-07-27,2873.593994,146400
2018-07-30,2869.050049,151700
2018-07-31,2876.400879,118900
2018-08-01,2824.533936,149500
2018-08-02,2768.023926,174200
2018-08-03,2740.443115,127000
2018-08-06,2705.156982,129800
2018-08-07,2779.374023,149600
2018-08-08,2744.070068,147700
2018-08-09,2794.38208,151700
2018-08-10,2795.310059,121500
2018-08-13,2785.87207,127500
2018-08-14,2780.965088,109600
2018-08-15,2723.258057,116200
2018-08-16,2705.191895,120300
2018-08-17,2668.966064,112400
2018-08-20,2698.466064,110800
2018-08-21,2733.825928,113600
2018-08-22,2714.60791,93700
2018-08-23,2724.624023,98400
2018-08-24,2729.430908,100500
2018-08-27,2780.898926,132800
2018-08-28,2777.980957,118700
2018-08-29,2769.294922,100200
2018-08-30,2737.737061,106100
2018-08-31,2725.25,109800
2018-09-03,2720.733887,102200
2018-09-04,2750.580078,109000
2018-09-05,2704.336914,105000
2018-09-06,2691.593018,99000
2018-09-07,2702.301025,107500
2018-09-10,2669.485107,103600
2018-09-11,2664.800049,99900
2018-09-12,2656.110107,90000
2018-09-13,2686.577881,107300
2018-09-14,2681.643066,100000
2018-09-17,2651.789063,88200
2018-09-18,2699.949951,115800
2018-09-19,2730.850098,141600
2018-09-20,2729.243896,111400
2018-09-21,2797.485107,158000
2018-09-25,2781.138916,112000
2018-09-26,2806.812988,139600
2018-09-27,2791.774902,124000
2018-09-28,2821.350098,134300
2018-10-08,2716.51001,149500
2018-10-09,2721.012939,116800
2018-10-10,2725.836914,113500
2018-10-11,2583.458008,197200
2018-10-12,2606.913086,170100
2018-10-15,2568.0979,118600
2018-10-16,2546.330078,119400
2018-10-17,2561.614014,130000
2018-10-18,2486.418945,125400
2018-10-19,2550.465088,147300
2018-10-22,2654.875977,211900
2018-10-23,2594.825928,178300
2018-10-24,2603.294922,160100
2018-10-25,2603.800049,162000
2018-10-26,2598.846924,158900
2018-10-29,2542.103027,134200
2018-10-30,2568.048096,166700
2018-10-31,2602.782959,180600
2018-11-01,2606.237061,200900
2018-11-02,2676.476074,225000
2018-11-05,2665.430908,193800
2018-11-06,2659.355957,163700
2018-11-07,2641.342041,173200
2018-11-08,2635.63208,159600
2018-11-09,2598.87207,152400
2018-11-12,2630.52002,175000
2018-11-13,2654.879883,249300
2018-11-14,2632.24292,238400
2018-11-15,2668.169922,207800
2018-11-16,2679.110107,242200
2018-11-19,2703.511963,231700
2018-11-20,2645.85498,215900
2018-11-21,2651.504883,182600
2018-11-22,2645.434082,149300
2018-11-23,2579.48291,191500
2018-11-26,2575.810059,134300
2018-11-27,2574.678955,123700
2018-11-28,2601.737061,146000
2018-11-29,2567.443115,157200
2018-11-30,2588.187988,139300
2018-12-03,2654.798096,207500
2018-12-04,2665.958008,167900
2018-12-05,2649.804932,154500
2018-12-06,2605.180908,141700
2018-12-07,2605.887939,109100
2018-12-10,2584.582031,113200
2018-12-11,2594.087891,101300
2018-12-12,2602.153076,103500
2018-12-13,2634.049072,150700
2018-12-14,2593.740967,145900
2018-12-17,2597.974121,117400
2018-12-18,2576.649902,117000
2018-12-19,2549.562988,107700
2018-12-20,2536.268066,120600
2018-12-21,2516.250977,115700
2018-12-24,2527.00708,97300
2018-12-25,2504.819092,136500
2018-12-26,2498.293945,108800
2018-12-27,2483.085938,135400
2018-12-28,2493.895996,119200
2019-01-02,2465.291016,109900
2019-01-03,2464.363037,124400
2019-01-04,2514.86792,168900
2019-01-07,2533.089111,177300
2019-01-08,2526.461914,158100
2019-01-09,2544.344971,191900
2019-01-10,2535.099121,159900
2019-01-11,2553.831055,149400
2019-01-14,2535.764893,144800
2019-01-15,2570.344971,160300
2019-01-16,2570.422119,149300
2019-01-17,2559.636963,162500
2019-01-18,2596.006104,190800
2019-01-21,2610.509033,163400
2019-01-22,2579.704102,152500
2019-01-23,2581.003906,131400
2019-01-24,2591.694092,154000
2019-01-25,2601.7229,159400
2019-01-28,2596.977051,147000
2019-01-29,2594.253906,155600
2019-01-30,2575.575928,120500
2019-01-31,2584.572021,154300
2019-02-01,2618.231934,132000
2019-02-11,2653.895996,154900
2019-02-12,2671.894043,184100
2019-02-13,2721.068115,243800
2019-02-14,2719.699951,197000
2019-02-15,2682.38501,196000
2019-02-18,2754.356934,260400
2019-02-19,2755.645996,288000
2019-02-20,2761.218994,246000
2019-02-21,2751.801025,298600
2019-02-22,2804.226074,301500
2019-02-25,2961.282959,528700
2019-02-26,2941.516113,565600
2019-02-27,2953.823975,475000
2019-02-28,2940.954102,350200
2019-03-01,2994.004883,345800
2019-03-04,3027.575928,525600
2019-03-05,3054.24707,424100
2019-03-06,3102.099121,555000
2019-03-07,3106.417969,583800
2019-03-08,2969.861084,577900
2019-03-11,3026.99292,426200
2019-03-12,3060.306885,511200
2019-03-13,3026.950928,453200
2019-03-14,2990.685059,373100
2019-03-15,3021.750977,341200
2019-03-18,3096.417969,397800
2019-03-19,3090.975098,350900
2019-03-20,3090.639893,358600
2019-03-21,3101.455078,414300
2019-03-22,3104.148926,364800
2019-03-25,3043.031006,380300
2019-03-26,2997.094971,353500
2019-03-27,3022.719971,291400
2019-03-28,2994.943115,288100
2019-03-29,3090.758057,375100
2019-04-01,3170.361084,466100
2019-04-02,3176.822998,447100
2019-04-03,3216.294922,430500
2019-04-04,3246.571045,469100
2019-04-08,3244.810059,504500
2019-04-09,3239.664063,364200
2019-04-10,3241.929932,380100
2019-04-11,3189.961914,353000
2019-04-12,3188.625977,289800
2019-04-15,3177.787109,348800
2019-04-16,3253.5979,357900
2019-04-17,3263.11792,357500
2019-04-18,3250.200928,325500
2019-04-19,3270.797119,305700
2019-04-22,3215.042969,353200
2019-04-23,3198.593994,328400
2019-04-24,3201.614014,274900
2019-04-25,3123.825928,325900
2019-04-26,3086.398926,280900
2019-05-06,2906.464111,327000
2019-05-07,2926.391113,253300
2019-05-08,2893.75708,231500
2019-05-09,2850.954102,200000
2019-05-10,2939.210938,282300
2019-05-13,2903.712891,212000
2019-05-14,2883.611084,208300
2019-05-15,2938.677979,230500
2019-05-16,2955.710938,248400
2019-05-17,2882.295898,266300
2019-05-20,2870.60498,209500
2019-05-21,2905.968994,211400
2019-05-22,2891.705078,200000
2019-05-23,2852.514893,197300
2019-05-24,2852.995117,167200
2019-05-27,2892.37793,196700
2019-05-28,2909.910889,223300
2019-05-29,2914.696045,199000
2019-05-30,2905.804932,205800
2019-05-31,2898.696045,195200
2019-06-03,2890.081055,215900
2019-06-04,2862.280029,188500
2019-06-05,2861.417969,181600
2019-06-06,2827.798096,177100
2019-06-10,2852.129883,166600
2019-06-11,2925.716064,260500
2019-06-12,2909.379883,240300
2019-06-13,2910.740967,213000
2019-06-14,2881.974121,215400
2019-06-17,2887.62207,154000
2019-06-18,2890.157959,147700
2019-06-19,2917.802979,230800
2019-06-20,2987.118896,291000
2019-06-21,3001.97998,287000
2019-06-24,3008.147949,210500
2019-06-25,2982.073975,243700
2019-06-26,2976.283936,174400
2019-06-27,2996.792969,195400
2019-06-28,2978.87793,181400
2019-07-01,3044.903076,243300
2019-07-02,3043.943115,208100
2019-07-03,3015.262939,205900
2019-07-04,3005.249023,188600
2019-07-05,3011.059082,152100
2019-07-08,2933.363037,205200
2019-07-09,2928.22998,140700
2019-07-10,2915.302002,131400
2019-07-11,2917.760986,139400
2019-07-12,2930.550049,133700
2019-07-15,2942.189941,162600
2019-07-16,2937.620117,127800
2019-07-17,2931.689941,145100
2019-07-18,2901.179932,145400
2019-07-19,2924.199951,145000
2019-07-22,2886.974121,175300
2019-07-23,2899.939941,125400
2019-07-24,2923.280029,150500
2019-07-25,2937.360107,141300
2019-07-26,2944.540039,135100
2019-07-29,2941.01001,124200
2019-07-30,2952.340088,143900
2019-07-31,2932.51001,136900
2019-08-01,2908.77002,138100
2019-08-02,2867.840088,179400
2019-08-05,2821.5,162400
2019-08-06,2777.555908,224200
2019-08-07,2768.679932,153000
2019-08-08,2794.552002,145000
2019-08-09,2774.75,143800
2019-08-12,2814.98999,131600
2019-08-13,2797.26001,130900
2019-08-14,2808.909912,144000
2019-08-15,2815.800049,152800
2019-08-16,2823.820068,148600
2019-08-19,2883.100098,214500
2019-08-20,2880,189700
2019-08-21,2880.330078,159000
2019-08-22,2883.439941,149200
2019-08-23,2897.429932,159200
2019-08-26,2863.570068,169900
2019-08-27,2902.189941,208100
2019-08-28,2893.76001,183100
2019-08-29,2890.919922,178600
2019-08-30,2886.23999,194000
2019-09-02,2924.105957,202800
2019-09-03,2930.149902,189000
2019-09-04,2957.409912,225500
2019-09-05,2985.860107,305400
2019-09-06,2999.600098,216800
2019-09-09,3024.73999,243400
2019-09-10,3021.199951,240000
2019-09-11,3008.810059,229800
2019-09-12,3031.23999,197000
2019-09-16,3030.75,221900
2019-09-17,2978.120117,223300
2019-09-18,2985.659912,168000
2019-09-19,2999.280029,162700
2019-09-20,3006.449951,182100
2019-09-23,2977.080078,168100
2019-09-24,2985.340088,163900
2019-09-25,2955.429932,168500
2019-09-26,2929.090088,188900
2019-09-27,2932.169922,132900
2019-09-30,2905.189941,116600
2019-10-08,2913.570068,125500
2019-10-09,2924.860107,130400
2019-10-10,2947.709961,134200
2019-10-11,2973.659912,161200
2019-10-14,3007.879883,208600
2019-10-15,2991.050049,155400
2019-10-16,2978.709961,149900
2019-10-17,2977.330078,122500
2019-10-18,2938.139893,150000
2019-10-21,2939.620117,132500
2019-10-22,2954.379883,117500
2019-10-23,2941.620117,123800
2019-10-24,2940.919922,126500
2019-10-25,2954.929932,136900
2019-10-28,2980.050049,173700
2019-10-29,2954.179932,166100
2019-10-30,2939.320068,158800
2019-10-31,2929.060059,161600
2019-11-01,2958.199951,159900
2019-11-04,2975.48999,167200
2019-11-05,2991.560059,179900
2019-11-06,2978.600098,165300
2019-11-07,2978.709961,137000
2019-11-08,2964.179932,149700
2019-11-11,2909.969971,157900
2019-11-12,2914.820068,129700
2019-11-13,2905.23999,129800
2019-11-14,2909.870117,129100
2019-11-15,2891.340088,135500
2019-11-18,2909.199951,124400
2019-11-19,2933.98999,135400
2019-11-20,2911.050049,137400
2019-11-21,2903.639893,123500
2019-11-22,2885.290039,158600
2019-11-25,2906.169922,178600
2019-11-26,2907.060059,170000
2019-11-27,2903.189941,133900
2019-11-28,2889.693115,119500
2019-11-29,2871.97998,122600
2019-12-02,2875.810059,128800
2019-12-03,2884.699951,123800
2019-12-04,2878.115967,125500
2019-12-05,2899.468994,143200
2019-12-06,2912.013916,134100
2019-12-09,2914.478027,160800
2019-12-10,2917.315918,170100
2019-12-11,2924.416992,165500
2019-12-12,2915.697998,151800
2019-12-13,2967.676025,212000
2019-12-16,2984.393066,211900
2019-12-17,3022.422119,293000
2019-12-18,3017.043945,244100
2019-12-20,3004.937988,215100
2019-12-23,2962.750977,205700
2019-12-24,2982.680908,163000
2019-12-25,2981.881104,175700
2019-12-26,3007.35498,182400
2019-12-27,3005.035889,247100
2019-12-30,3040.023926,248100
2019-12-31,3050.124023,217400
2020-01-02,3085.197998,292500
2020-01-03,3083.785889,261500
2020-01-06,3083.407959,312600
2020-01-07,3104.802002,276600
2020-01-08,3066.893066,297900
2020-01-09,3094.88208,243400
2020-01-10,3092.291016,210400
2020-01-13,3115.570068,210600
2020-01-14,3106.820068,230000
2020-01-15,3090.040039,202300
2020-01-16,3074.081055,203400
2020-01-17,3075.496094,190300
2020-01-20,3095.787109,210500
2020-01-21,3052.139893,234800
2020-01-22,3060.754883,223900
2020-01-23,2976.528076,272800
2020-02-03,2746.605957,215900
2020-02-04,2783.288086,364000
2020-02-05,2818.087891,309800
2020-02-06,2866.51001,316400
2020-02-07,2875.959961,309500
2020-02-10,2890.488037,294900
2020-02-11,2901.669922,269200
2020-02-12,2926.898926,248700
2020-02-13,2906.073975,274800
2020-02-14,2917.008057,250700
2020-02-17,2983.62207,313200
2020-02-18,2984.971924,311700
2020-02-19,2975.4021,315100
2020-02-20,3030.154053,345700
2020-02-21,3039.668945,364600
2020-02-24,3031.23291,370400
2020-02-25,3013.050049,441600
2020-02-26,2987.928955,396050
2020-02-27,2991.330078,350500
2020-02-28,2880.303955,401200
2020-03-02,2970.930908,367300
2020-03-03,2992.896973,410100
2020-03-04,3011.666016,353300
2020-03-05,3071.677002,445400
2020-03-06,3034.510986,362100
2020-03-09,2943.291016,414600
2020-03-10,2996.761963,393300
2020-03-11,2968.51709,352500
2020-03-12,2923.486084,307800
2020-03-13,2887.427002,366500
2020-03-16,2789.253906,351900
2020-03-17,2779.641113,306100
2020-03-18,2728.756104,291200
2020-03-19,2702.129883,302300
2020-03-20,2745.61792,252000
2020-03-23,2660.169922,249800
2020-03-24,2722.437988,257000
2020-03-25,2781.591064,273100
2020-03-26,2764.910889,234100
2020-03-27,2772.202881,240800
2020-03-30,2747.214111,239700
2020-03-31,2750.295898,218600
2020-04-01,2734.521973,217300
2020-04-02,2780.637939,217900
2020-04-03,2763.987061,200800
2020-04-07,2820.762939,270200
2020-04-08,2815.368896,243500
2020-04-09,2825.904053,238200
2020-04-10,2796.631104,233500
2020-04-13,2783.048096,177100
2020-04-14,2827.282959,202700
2020-04-15,2811.174072,205600
2020-04-16,2819.935059,203000
2020-04-17,2838.495117,245700
2020-04-20,2852.552979,211800
2020-04-21,2827.012939,233200
2020-04-22,2843.97998,217300
2020-04-23,2838.499023,248800
2020-04-24,2808.529053,235200
2020-04-27,2815.495117,210100
2020-04-28,2810.023926,253900
2020-04-29,2822.441895,202100
2020-04-30,2860.082031,242500
2020-05-06,2878.139893,249800
2020-05-07,2871.522949,226700
2020-05-08,2895.340088,226800
2020-05-11,2894.800049,225100
2020-05-12,2891.555908,197100
2020-05-13,2898.050049,185100